Cites,Authors,Title,Year,Source,Publisher,ArticleURL,CitesURL,GSRank,QueryDate,Type,DOI,ISSN,CitationURL,Volume,Issue,StartPage,EndPage,ECC,CitesPerYear,CitesPerAuthor,AuthorCount,Age,Abstract,FullTextURL,RelatedURL
0,"Leonie B. Jackson","Damsels in Distress",2022,"The Monstrous &amp; the Vulnerable","Oxford University Press","http://dx.doi.org/10.1093/oso/9780197647332.003.0005","",1,"2024-06-21 14:54:40","book-chapter","10.1093/oso/9780197647332.003.0005","","",,,115,144,0,0.00,0,1,2,"<p>This chapter illustrates how the damsels in distress narrative was central to depictions of younger ""jihadi brides."" Through this narrative, the public was invited to become a mediated witness to an exciting rescue drama which drew upon well-known stories of lost, vulnerable children and contained a familiar cast of victims, villains, and heroes. Through this narrative, journalists and commentators depicted younger ""jihadi brides"" as passive, naïve children who could be rescued by heroic state agents. However, access to the resources of public sympathy that came with vulnerability was strictly controlled by writers. It was contingent on gendered, classed and racialized symbols of belonging, and the extent to which the girls in question could be drawn into the national community as worthy victims.</p>","",""
0,"Leonie B. Jackson","Monstrous Predators and Vulnerable Prey",2022,"The Monstrous &amp; the Vulnerable","Oxford University Press","http://dx.doi.org/10.1093/oso/9780197647332.003.0004","",2,"2024-06-21 14:54:40","book-chapter","10.1093/oso/9780197647332.003.0004","","",,,83,114,0,0.00,0,1,2,"<p>Exemplars work as framing devices to make a phenomenon understandable by employing real events of the past or present to frame the subject in question. This chapter considers the key exemplar used to explain the migration of women to IS's caliphate: the grooming exemplar. This frame served to represent the ""jihadi brides"" as either (monstrous) perpetrators or (vulnerable) victims of ideological grooming practices analogous to, and sometimes coterminous with, child sexual exploitation. This exemplar constructed two binary identities: a predatory monstrous groomer and a vulnerable groomed victim that had been preyed upon. The chapter problematizes grooming as an explanation for radicalization, arguing that although it provided a useful way to categorise IS women as deserving or not of sympathy, the linear notions of guilt and innocence implied by the grooming paradigm failed to account for the realities of the women in question.</p>","",""
0,"","VULNERABLE BODIES IN VULNERABLE HOUSES",2022,"Bringing Down the Temple House","Brandeis University Press","http://dx.doi.org/10.2307/j.ctv25p43mn.11","",3,"2024-06-21 14:54:40","book-chapter","10.2307/j.ctv25p43mn.11","","",,,144,163,0,0.00,0,0,2,"","",""
1,"James J. Connolly, Dagney Faulk, Emily J. Wornell","Vulnerable Communities",2022,"Vulnerable Communities","Cornell University Press","http://dx.doi.org/10.7591/cornell/9781501761324.003.0001","",4,"2024-06-21 14:54:40","book-chapter","10.7591/cornell/9781501761324.003.0001","","",,,1,16,1,0.50,0,3,2,"<p>This chapter examines a subset of the vulnerable American communities: small cities. It digs into the interior complexities of small cities, starting with an account of growth-induced tensions in Harrisonburg, Virginia. It also describes how many smaller, geographically isolated cities are increasingly dependent on public spending. The chapter uses small Midwestern cities as examples to illustrate the extent of the urban transfer payment economy in cities that rely heavily on money derived from federal programs. It includes detailed analyses of data capturing underlying forces affecting growth in struggling communities and regions and highlights the extent to which smaller cities are at the mercy of state and federal agencies, both as suppliers of desperately needed revenues and as rule makers limiting the capacity of small cities to address their problems.</p>","",""
0,"Amedeo Santosuosso, Matilde Giustiniani","Vulnerable Defendants",2023,"Neurolaw in the Courtroom","Routledge","http://dx.doi.org/10.4324/9781003331056-4","",5,"2024-06-21 14:54:40","book-chapter","10.4324/9781003331056-4","","",,,37,50,0,0.00,0,2,1,"","",""
0,"Radosław Rogoza","Vulnerable Isolation and Enmity Concept: Disentangling the blue and dark face of vulnerable narcissism",2023,"","Center for Open Science","http://dx.doi.org/10.31219/osf.io/b8nfv","",6,"2024-06-21 14:54:40","posted-content","10.31219/osf.io/b8nfv","","",,,,,0,0.00,0,1,1,"<p>A theoretical model of the vulnerable half of the Narcissism Spectrum Model (NSM) – the Vulnerable Isolation and Enmity Concept (VIEC) was presented in the paper. In five studies (total N = 2,383), we show the personality underpinnings of the VIEC in terms of normal and pathological personality and explored the social relations of liking others and being liked. Isolation explains the role of avoidance and social withdrawal, whereas Enmity explains the role of reactive antagonism in vulnerable narcissism. We suggest that vulnerable narcissism is related to internalizing and grandiose narcissism to externalizing pathology. Through the prism of the Circumplex of Personality Metatraits, we argue that the VIEC together with the narcissistic Admiration and Rivalry concept (NARC) covers the whole NSM.</p>","",""
2,"Nicole L. Asquith, Isabelle Bartkowiak-Théron","Interviewing Vulnerable People",2021,"Policing Practices and Vulnerable People","Springer International Publishing","http://dx.doi.org/10.1007/978-3-030-62870-3_7","",7,"2024-06-21 14:54:40","book-chapter","10.1007/978-3-030-62870-3_7","","",,,107,127,2,0.67,1,2,3,"","https://link.springer.com/content/pdf/10.1007/978-3-030-62870-3_7",""
0,"Gemma Houldey","Welcoming the vulnerable humanitarian",2021,"The Vulnerable Humanitarian","Routledge","http://dx.doi.org/10.4324/9781003032427-9","",8,"2024-06-21 14:54:40","book-chapter","10.4324/9781003032427-9","","",,,145,182,0,0.00,0,1,3,"","",""
0,"Cristina Argelich-Comelles","Del consumidor vulnerable de la Ley 4/2022 y el Derecho europeo de consumo al “consumidor vulnerable digital” y su protección. (From the Vulnerable Consumer of Law 4/2022 and European Consumer Law to the 'Digitally Vulnerable Consumer' and Its Protection)",2023,"SSRN Electronic Journal","Elsevier BV","http://dx.doi.org/10.2139/ssrn.4434578","",9,"2024-06-21 14:54:40","journal-article","10.2139/ssrn.4434578","1556-5068","",,,,,0,0.00,0,1,1,"","",""
3,"Annette Idler","Warriors, Victims, and Vulnerable Regions",2021,"Transforming the War on Drugs","Oxford University Press","http://dx.doi.org/10.1093/oso/9780197604359.003.0002","",10,"2024-06-21 14:54:40","book-chapter","10.1093/oso/9780197604359.003.0002","","",,,19,50,3,1.00,3,1,3,"<p>Chapter 1 develops the concepts and themes that theoretically underpin the book. They help move beyond the dichotomous understanding of drug policies as the securitized status quo of the War on Drugs on the one hand, and the desecuritization of drug policies on the other. The chapter proposes a framework constructed around three main features, which allows to analytically unpack the distinct repercussions of the world drug problem at multiple levels. These features include (i) the concept of global security that includes people, in addition to political entities, as referent objects; (ii) the relevance of a ‘glocal’ analysis that links a bottom-up approach with a macro-perspective on the illicit production, trade, and use of drugs; and (iii) a focus on vulnerable regions across the globe and their societies’ perspectives on how to best tackle the world drug problem. The chapter discusses why these features are conducive to more effective drug policies and serve as entry points to transform the War on Drugs. The chapter demonstrates the analytical utility of a critical approach to drug policies.</p>","",""
0,"Tina Doshi, Arissa Torrie","Pain Genomics",2024,"Pain Management in Vulnerable Populations","Oxford University PressNew York","http://dx.doi.org/10.1093/med/9780197649176.003.0003","",11,"2024-06-21 14:54:40","book-chapter","10.1093/med/9780197649176.003.0003","","",,,36,58,0,0.00,0,2,1,"Abstract: Due to a combination of both intrinsic (biological) and extrinsic (environmental) factors, pain vulnerability is highly variable across individuals. Intrinsic factors include genetics and genomics, which may be differentially influenced by extrinsic factors to create a unique biochemical profile that influences pain perception, processing, and treatment response. This chapter discusses hereditary pain conditions that inform understanding of pain vulnerability, as well as the genetic, epigenetic, proteomic, metabolomic, microbiome, and environmental factors (including pharmacotherapy) that can contribute to pain sensitivity, susceptibility, and response to analgesics. Consideration of these genetic and molecular factors can help identify patients vulnerable to pain and offer a precision medicine approach to pain treatment.","https://academic.oup.com/book/57299/chapter/461757777",""
0,"Nicole L. Asquith, Isabelle Bartkowiak-Théron","Working with Vulnerable Offenders",2021,"Policing Practices and Vulnerable People","Springer International Publishing","http://dx.doi.org/10.1007/978-3-030-62870-3_6","",12,"2024-06-21 14:54:40","book-chapter","10.1007/978-3-030-62870-3_6","","",,,85,106,0,0.00,0,2,3,"","https://link.springer.com/content/pdf/10.1007/978-3-030-62870-3_6",""
0,"Jana M. Mossey, Emily A. Haozous","Vulnerable Populations",2024,"Pain Management in Vulnerable Populations","Oxford University PressNew York","http://dx.doi.org/10.1093/med/9780197649176.003.0014","",13,"2024-06-21 14:54:40","book-chapter","10.1093/med/9780197649176.003.0014","","",,,231,240,0,0.00,0,2,1,"Abstract: This chapter addresses the long-standing, uncomfortably predictable disparate pain care provided to “minoritized” individuals, those who have limited resources or are any population other than non-Hispanic White, who are female, and/or who are members of the LGBTQ community. Following a summary of the extensive literature pertinent to the topic, etiologic components driving the persistent delivery of inequitable pain care are presented within an “injustice” framework. Cultural, institutional, and interpersonal injustices that contribute to disparate pain care delivery are identified, and the intrapersonal responses of minoritized persons to experienced injustices are described. With a clear understanding that the reversal of disparate pain care practices will require dedicated, focused, and potentially uncomfortable work and a recognition of the importance of cultural and institutional injustices to the perpetuation of health care disparities, steps to achieve the circumstances under which pain care practitioners are capable of and insistent upon providing equitable care are proposed.","https://academic.oup.com/book/57299/chapter/461761390",""
0,"Jana M. Mossey","The Vulnerable Patient",2024,"Pain Management in Vulnerable Populations","Oxford University PressNew York","http://dx.doi.org/10.1093/med/9780197649176.003.0004","",14,"2024-06-21 14:54:40","book-chapter","10.1093/med/9780197649176.003.0004","","",,,59,77,0,0.00,0,1,1,"Abstract: This chapter addresses the occurrence, risk factors for, and consequences of pain across the life span with a focus on identification of groups vulnerable to chronic pain conditions in six age-specific groups: newborns, preschool children, preadolescent and adolescent youth, young adults, middle-aged adults, and elderly individuals. Despite the absence of a common chronic pain assessment tool used across studies, several findings regarding chronic pain vulnerability and impact have emerged from review of the relevant pain literature. First, due to frequent receipt of medically indicated, painful neonatal intensive care unit procedures, lifelong chronic pain vulnerability begins at birth for preterm infants. Second, most chronic pain risk factors are relevant for all age-specific groups. Excluding age, sex, and genetic makeup, most chronic pain risk factors—including persistent exposure to racial discrimination and/or poverty, personal maltreatment, physical inactivity, obesity, nonrestorative sleep, multiple comorbid medical conditions, anxiety and/or depression, and behaviors such as smoking—are preventable or modifiable. Third, experienced chronic pain increases the likelihood of future chronic pain episodes. Fourth, the negative impacts of risk factors that become persistent (e.g., racial discrimination, physical inactivity, and obesity) accumulate over time. Finally, with aging, most risk factors increase in strength. Falling and fear of falling emerge as additional chronic pain risk factors. These findings emphasize the potential benefits of aggressive primary prevention efforts and the importance of monitoring those whose chronic pain occurs early in life. Recommendations to achieve these aims are provided.","https://academic.oup.com/book/57299/chapter/461758140",""
0,"Sarah E. DeYoung","Vulnerable Groups During Crisis",2021,"Oxford Research Encyclopedia of Politics","Oxford University Press","http://dx.doi.org/10.1093/acrefore/9780190228637.013.1565","",15,"2024-06-21 14:54:40","reference-entry","10.1093/acrefore/9780190228637.013.1565","","",,,,,0,0.00,0,1,3,"<p>During crisis events such as humanitarian conflicts, population displacement, natural disasters, and others, some people are more vulnerable to long-term physical, psychological, and overall adverse outcomes. Aspects of context that affect vulnerability include: (a) the nature of the hazard or conflict event; (b) the geographic location and structural surroundings; and (c) involvement of key groups during crisis. The nature of the event includes barriers for access to well-being in high-income and low-income contexts, the speed of onset of the hazard, the scope and type of hazard (localized or catastrophic, natural or technological, and other factors). Geographic location and structural surroundings include factors such as isolation caused by an island context, structural mitigation (such as earthquake-resistant construction), pollution and environmental exposure, and implementation of land use planning or sustainable farming. Finally, with regard to involvement of key groups in crisis, it is important to consider ways in which group coordination, logistics, cultural competency, public policy, social movements, and other mechanisms can exacerbate or improve conditions for vulnerable groups.</p> <p>Groups more likely to experience adverse outcomes in disasters include: ethnic and racial minoritized persons, people considered to be low caste, women, children, infants, sexual minorities, religious minorities, elders, and immigrants and refugees. Displacement and relocation are associated with specific increases in exposure to food insecurity, human trafficking, and reduced access to reproductive care. Contextual factors are also related to the severity of the adverse outcomes these groups experience in crisis. These factors include access to healthcare, access to education, and economic status. There are also unique groups whose needs, social systems, and cultural factors increase barriers to evacuation, accessing warning information, or accessing safe sheltering. These groups include persons with functional and access needs including medical or cognitive impairments, elderly individuals, people with companion animals, and people with mental illness.</p>","",""
0,"Deborah W. Denno","Vulnerable Defendants and Neuroscience in Courtrooms Worldwide",2023,"Neurolaw in the Courtroom","Routledge","http://dx.doi.org/10.4324/9781003331056-2","",16,"2024-06-21 14:54:40","book-chapter","10.4324/9781003331056-2","","",,,3,20,0,0.00,0,1,1,"","",""
0,"","The uneasy position of vulnerable defendants",2022,"Intermediaries in the Criminal Justice System","Bristol University Press","http://dx.doi.org/10.46692/9781447326076.014","",17,"2024-06-21 14:54:40","other","10.46692/9781447326076.014","","",,,247,280,0,0.00,0,0,2,"","https://www.cambridge.org/core/services/aop-cambridge-core/content/view/D4871A066D05311DB9FC2D498AB58EE9",""
0,"Grace Price","COVID-19 Testing in Vulnerable Populations: A Longitudinal Cohort Analysis",2023,"Social determinants and vulnerable populations","American Academy of Family Physicians","http://dx.doi.org/10.1370/afm.22.s1.5377","",18,"2024-06-21 14:54:40","proceedings-article","10.1370/afm.22.s1.5377","","",,,,,0,0.00,0,1,1,"","https://syndication.highwire.org/content/doi/10.1370/afm.22.s1.5377",""
0,"","Total Family Risk in Vulnerable Families",2022,"Advances in Neurology and Neuroscience","Opast Group LLC","http://dx.doi.org/10.33140/an.05.02.10","",19,"2024-06-21 14:54:40","journal-article","10.33140/an.05.02.10","2690-909X","",5,2,,,0,0.00,0,0,2,"In Colombia, the civil war has generated family displacement, leading to experiences of social and cultural uprooting. The total Family Risk was determined in a group of 30 displaced Afro-descendant families, for which the RFT 5-33 instrument was used, with prior informed consent. The results show a predominance of nuclear families (40%), the predominance of threatened families (56%), especially in the dimensions of housing and neighborhood, socioeconomic situation, health practices and services, and psycho-affective conditions. The correlation showed that Total Family Risk has a strong correlation with health practices and services (0.888) and with the management of minors (0.86). The findings provide elements to implement family care actions in health promotion and prevention.","",""
0,"JORGE","I WISH MY DAD WAS VULNERABLE",2022,"I Wish My Dad","Broadleaf Books","http://dx.doi.org/10.2307/j.ctv29sfxvn.18","",20,"2024-06-21 14:54:40","book-chapter","10.2307/j.ctv29sfxvn.18","","",,,159,170,0,0.00,0,1,2,"","",""
0,"","Introduction: Vulnerable Minds in Charlottesville",2022,"Vulnerable Minds","Columbia University Press","http://dx.doi.org/10.7312/yu--20030-001","",21,"2024-06-21 14:54:40","book-chapter","10.7312/yu--20030-001","","",,,,,0,0.00,0,0,2,"","https://www.degruyter.com/document/doi/10.7312/yu--20030-001/xml",""
0,"Nicoletta Policek","Vulnerable among the most vulnerable: the victimization of stateless minors",2021,"SICUREZZA E SCIENZE SOCIALI","Franco Angeli","http://dx.doi.org/10.3280/siss2021-002005","",22,"2024-06-21 14:54:40","journal-article","10.3280/siss2021-002005","2283-8740","",,2,71,84,0,0.00,0,1,3,"This contribution proposes a discussion about citizenship, intended as the aspi-ration to have borders, and the opportunity to seek protection from violence and abuse. Longing to have borders means claiming community through citizenship and nationality rights. Securing rights, however, is not a linear endeavour as legal loopholes in the current available legislation make problematic if not impossible to claim the legal safety that comes with having borders. Supported by the experi-ences of stateless young women in diverse geographical and legal settings, namely Italy, Slovenia and Croatia, this contribution highlights means of negotiating citi-zenship for those who have experienced violence and abuse. It reflects on data that have explored the personal, social and structural level challenges that stateless minors face when seeking help as a consequence of victimization.","",""
0,"Mary Strawderman, Laura Herrmann","&lt;p&gt;Resilience Hubs: A Climate Change Resource for Vulnerable Populations in the United States&lt;/p&gt;",2023,"The Impact of Climate Change on Vulnerable Populations","MDPI","http://dx.doi.org/10.3390/books978-3-0365-5503-4-4","",23,"2024-06-21 14:54:40","book-chapter","10.3390/books978-3-0365-5503-4-4","","",,,,,0,0.00,0,2,1,"","",""
0,"","Identifying vulnerable regions",2023,"","Organisation for Economic Co-Operation and Development (OECD)","http://dx.doi.org/10.1787/333f89ef-en","",24,"2024-06-21 14:54:40","component","10.1787/333f89ef-en","","",,,,,0,0.00,0,0,1,"","",""
0,"","vulnerable, adj.",2023,"Oxford English Dictionary","Oxford University Press","http://dx.doi.org/10.1093/oed/1136519195","",25,"2024-06-21 14:54:40","book-chapter","10.1093/oed/1136519195","","",,,,,0,0.00,0,0,1,"","",""
1,"Leonie B. Jackson","The Monstrous &amp; the Vulnerable",2022,"","Oxford University Press","http://dx.doi.org/10.1093/oso/9780197647332.001.0001","",26,"2024-06-21 14:54:40","edited-book","10.1093/oso/9780197647332.001.0001","","",,,,,1,0.50,1,1,2,"<p>In June 2014, Abu Bakr al-Baghdadi declared an Islamic State in Iraq and Syria and called for Muslims around the world to migrate there. Over the next five years, around 150 women left the UK to heed this invitation, and the so-called ""jihadi brides"" were rarely out of the news. This book traces the media fascination with those who joined the ""caliphate,"" including Sally Jones, Aqsa Mahmood and Shamima Begum. Through an analysis of the media that presented the ""brides"" for public consumption, Leonie B. Jackson reveals the gendered dualistic construction of IS women as either monstrous or vulnerable. Just as the monstrous woman was sensationalised as irredeemably evil, the vulnerable girl was represented as groomed and naïve. Both subjects were constructed in such a way that women's involvement in jihadism was detached from men's, scrutinised more closely, and explained through gender stereotypes that both erased the agency of female extremists and neglected their stated motivations. As Jackson demonstrates, these media representations also contributed to the development of new norms for dealing with the ""brides,"" including targeted killing and the revocation of citizenship. While the vulnerable girl was potentially redeemable, the monstrous woman was increasingly considered expendable.</p>","",""
0,"Sara E. Looby","When are the most vulnerable, more vulnerable to cognitive changes during the menopause transition?",2021,"Menopause","Ovid Technologies (Wolters Kluwer Health)","http://dx.doi.org/10.1097/gme.0000000000001748","",27,"2024-06-21 14:54:40","journal-article","10.1097/gme.0000000000001748","1530-0374","",28,4,352,353,0,0.00,0,1,3,"","https://journals.lww.com/10.1097/GME.0000000000001748",""
0,"Nicole L. Asquith, Isabelle Bartkowiak-Théron","Politics, Policies, and Practices of Vulnerable People Policing",2021,"Policing Practices and Vulnerable People","Springer International Publishing","http://dx.doi.org/10.1007/978-3-030-62870-3_3","",28,"2024-06-21 14:54:40","book-chapter","10.1007/978-3-030-62870-3_3","","",,,35,50,0,0.00,0,2,3,"","https://link.springer.com/content/pdf/10.1007/978-3-030-62870-3_3",""
0,"Rachel Whitcomb","From Vulnerable Teacher to Vulnerable Songwriter",2024,"The Oxford Handbook of Music Composition Pedagogy","Oxford University Press","http://dx.doi.org/10.1093/oxfordhb/9780197574874.013.6","",29,"2024-06-21 14:54:40","book-chapter","10.1093/oxfordhb/9780197574874.013.6","","",,,115,133,0,0.00,0,1,1,"Abstract: Vulnerability is inherent in both teaching and songwriting. Engaging in either endeavor exposes hopes, regrets, relationships, triumphs, struggles, fears, desires, and memorable stories. Vulnerability and authenticity are inextricably linked. Without authenticity, one cannot truly be vulnerable, and one usually feels vulnerable partly because the previously hidden authentic self is at the forefront of the endeavor. This chapter provides a series of autoethnographic stories describing frighteningly vulnerable yet refreshingly authentic moments that shaped the author’s experiences as a musician, music teacher, songwriter, and music teacher-educator. Through reflective accounts of the journey from obedient music student to country-songwriting professor, this discussion aims to provide music teachers with opportunities to recognize and embrace their own vulnerabilities and those of their students. Each story concludes with a life lesson and set of reflective questions for music teachers to ponder as they consider ways to create welcoming creative learning spaces for songwriting endeavors.","https://academic.oup.com/edited-volume/55824/chapter/436604044",""
0,"Debra D. Joseph, Roshnie A. Doon","The Impact of Climate Change on Vulnerable Populations",2023,"","MDPI","http://dx.doi.org/10.3390/books978-3-0365-5503-4","",30,"2024-06-21 14:54:40","edited-book","10.3390/books978-3-0365-5503-4","","",,,,,0,0.00,0,2,1,"","",""
0,"Rollin M. Gallagher","Insight and Responsibility",2024,"Pain Management in Vulnerable Populations","Oxford University PressNew York","http://dx.doi.org/10.1093/med/9780197649176.003.0002","",31,"2024-06-21 14:54:40","book-chapter","10.1093/med/9780197649176.003.0002","","",,,18,35,0,0.00,0,1,1,"Abstract: Millennia-old philosophical considerations of morality and values in the practice of medicine have led to the development of the field of bioethics encompassing the domains of clinical care, education and training, clinical and basic research, health administration, and public policy. As “keyholders” to solutions to the universal human problem of pain, the pain field must not only provide good care to patients but also steward needed progress in education, science, and health system policy that will improve pain care across populations. This challenge requires both insight and responsibility. Practitioners must understand human nature—humans’ vulnerabilities and strengths—and how these attributes interact with management of the complexity of pain throughout the continuum of care. Core ethical principles (beneficence, nonmaleficence, respect for autonomy, justice, and double effect) help guide daily clinical work, but practice conditions dictated by a commercialized health care system challenge these principles. Data science algorithms based on medical variables help standardize care in clinical practice guidelines, but they must include psychosocial variables to remediate care disparities in providing effective biopsychosocial stepped care. Sociocultural factors, such as mental illness, racism, and poverty, interact with institutionalized barriers such as inadequate training, interspecialty economic disparities, and specialty tribalism to perpetuate poor care. Stewardship teamwork, involving all sectors of the health system and policymakers, is needed to improve pain care for vulnerable populations.","https://academic.oup.com/book/57299/chapter/461757536",""
0,"Pallavi Rastogi","Vulnerable South Asia",2021,"","Routledge","http://dx.doi.org/10.4324/9781003050728","",32,"2024-06-21 14:54:40","book","10.4324/9781003050728","","",,,,,0,0.00,0,1,3,"","",""
0,"Richard Card","Protection of Vulnerable People",2022,"Card and English on Police Law","Oxford University Press","http://dx.doi.org/10.1093/law/9780192866165.003.0013","",33,"2024-06-21 14:54:40","book-chapter","10.1093/law/9780192866165.003.0013","","",,,,,0,0.00,0,1,2,"<p>This chapter talks about child abuse dealt with by the criminal law governed by the Children and Young Persons Act 1933 (CYPA 1933). It cites Section 1(1) of CYPA 1933, which provides that an adult who has the responsibility for any child or young person under 16 commits an indictable offence if they cause unnecessary suffering or injury to health. It also explores offences under CYPA 1933 that are committed in relation to children of a specified age and varies from offence to offence. The chapter looks at the summary offence of giving or causing to be given intoxicating liquor to a child under five. It reviews s 44 of Children Act 1989 (ChA 1989) that empowers a court to make an emergency order (EPO) for the protection of a child.</p>","",""
0,"Roberto Tibaldeo","Thou shalt care for the vulnerable image of man!",2024,"Revista Enunciação","Programa de Pós-Graduação em Filosofia da Universidade Federal Rural do Rio de Janeiro","http://dx.doi.org/10.61378/enun.v6i1.122","",34,"2024-06-21 14:54:40","journal-article","10.61378/enun.v6i1.122","2526-110X","",,,,,0,0.00,0,1,1,"In this article, I endeavour to present the philosophical reasons for Hans Jonas’dislike of certain tendencies of biotechnological development aiming at ameliorating the human being. According to Jonas, there are sound reasons why human beings should avoid playing God and refrain from using science and technology to ‘recreate’ their own being. Rather than simply discussing the issue from either a consequentialist or a deontological point of view, Jonas opts for a more resourceful and imaginative way to prevent the human being’s reification or deterioration, by focusing simultaneously on the human being’s vulnerability and higher potential. ","http://www.editorappgfilufrrj.org/enunciacao/index.php/revista/article/download/122/234",""
0,"Sridevi Yerrabati","Does vulnerable employment narrow income inequality? Evidence from developing countries",2023,"Journal of Income Distribution®","York University Libraries","http://dx.doi.org/10.25071/1874-6322.40538","",35,"2024-06-21 14:54:40","journal-article","10.25071/1874-6322.40538","1874-6322","",,,,,0,0.00,0,1,1,"Most people at the lower end of the income spectrum in developing countries rely on vulnerable employment for their survival. In the absence of alternative sources of income, vulnerable employment narrows income inequality (inequality) by providing income to these workers. This study examines this assertion by using data from a panel of 65 developing countries covering 1995-2019. The empirical analysis is based on dynamic panel data models. Two critical findings emerge from this study. First, in developing countries, vulnerable employment reduces inequality, although the reduction is quite marginal. Second, vulnerable employment has a gender-specific effect on narrowing inequality. Specifically, male vulnerable employment has a greater impact on reducing inequality than its female counterpart. In light of the efforts of developing countries to reduce inequality (SDG 10) and to provide decent work for all (SDG 8), this study is of particular importance.","https://jid.journals.yorku.ca/index.php/jid/article/download/40538/36387",""
0,"Brenda Hannigan","15. Directors’ liabilities and vulnerable transactions on insolvency",2021,"Company Law","Oxford University Press","http://dx.doi.org/10.1093/he/9780198848493.003.0015","",36,"2024-06-21 14:54:40","book-chapter","10.1093/he/9780198848493.003.0015","","",,,301,340,0,0.00,0,1,3,"<p>This chapter considers directors’ liabilities on a company going into insolvency. Redress for breach of duty by directors is available through summary action for misfeasance (IA 1986, s 212), fraudulent trading (ss 213, 246ZA), and wrongful trading (ss 214, 246ZB). The scope of these provisions is considered in detail together with the relevant case law. Wrongful trading is potentially a valuable remedy but it is somewhat underused. It may be advantageous instead to challenge certain transactions by the directors prior to insolvency; for example, as transactions at an undervalue (s 238) or preferences (s 239). More broadly, the overall conduct of the directors is reviewed in order to determine whether disqualification is appropriate on the grounds, usually, that they are unfit. All of these matters are addressed in this chapter.</p>","https://www.oxfordlawtrove.com/display/10.1093/he/9780198848493.001.0001/he-9780198848493-chapter-15",""
0,"Valentín Martínez-Otero Pérez","Introducción. Intervención con población vulnerable a la violencia y la exclusión",2023,"Intervención con población vulnerable a la violencia y la exclusión","Dykinson","http://dx.doi.org/10.14679/2702","",37,"2024-06-21 14:54:40","book-chapter","10.14679/2702","","",,,,,0,0.00,0,1,1,"","",""
0,"","Humanitarian Ration Cuts: Impacts on Vulnerable Groups",2022,"","Institute of Development Studies","http://dx.doi.org/10.19088/k4d.2022.125","",38,"2024-06-21 14:54:40","report","10.19088/k4d.2022.125","","",,,,,0,0.00,0,0,2,"Humanitarian ration cuts have had a wide range of devastating impacts on individuals, households, groups, and communities, who rely on this aid for survival. Humanitarian rations can include in-kind transfers, food vouchers or cash transfers: the focus in this report is on in-kind food rations. This report discusses various impacts of humanitarian ration cuts on vulnerable groups, and on displaced persons as a whole—identified through a broad survey of academic, donor, and non-governmental organisation (NGO) literature and news reporting on different aspects of ration cuts. The focus is primarily on refugee populations and sub-groups of refugees, such as women and children. There was inadequate information on impacts on the elderly, persons with disabilities, LGBTQI+ communities, and ethnic or religious minorities. The elderly and persons with disabilities are often overlooked in the design and implementation of programming; and in data collection (Jote & Tekle, 2022; Nisbet et al., 2022). Much of the literature also centres on sub-Saharan Africa.","",""
0,"Mary Beth Modic","Self-Care Management of Individuals With Diabetes in Vulnerable Populations",2022,"A Population Health Approach to Health Disparities for Nurses","Springer Publishing Company","http://dx.doi.org/10.1891/9780826185044.0015","",39,"2024-06-21 14:54:40","book-chapter","10.1891/9780826185044.0015","","",,,,,0,0.00,0,1,2,"","https://syndication.highwire.org/content/doi/10.1891/9780826185044.0015",""
0,"Leonie B. Jackson","Introduction",2022,"The Monstrous &amp; the Vulnerable","Oxford University Press","http://dx.doi.org/10.1093/oso/9780197647332.003.0001","",40,"2024-06-21 14:54:40","book-chapter","10.1093/oso/9780197647332.003.0001","","",,,1,20,0,0.00,0,1,2,"<p>This chapter argues for the value of a constructivist perspective on terrorism when considering the women who migrated to Islamic State, and shows how frame analysis can help us deconstruct the media representations of these women to understand how journalists created the ""jihadi brides"" as a coherent category. The chapter considers the paradoxical understanding of Islamic State as both a new threat and an old enemy, and it introduces the sample of news discourse used and the ten high-profile women around which the book's analysis is structured: Sally Jones, Aqsa Mahmood, Kadijah Dare, Tareena Shakil, Salma and Zahra Halane, Yusra Hussien and the Bethnal Green Schoolgirls (Kadiza Sultana, Amira Abase and Shamima Begum).</p>","",""
0,"James J. Connolly, Dagney Faulk, Emily J. Wornell","Vulnerable Communities: An Introduction",2022,"Vulnerable Communities","Cornell University Press","http://dx.doi.org/10.1515/9781501761331-002","",41,"2024-06-21 14:54:40","book-chapter","10.1515/9781501761331-002","","",,,1,16,0,0.00,0,3,2,"","https://www.degruyter.com/document/doi/10.1515/9781501761331-002/xml",""
0,"","Effective Vulnerability Management",2024,"Effective Vulnerability Management","Wiley","http://dx.doi.org/10.1002/9781394277155.ack","",42,"2024-06-21 14:54:40","other","10.1002/9781394277155.ack","","",,,247,247,0,0.00,0,0,1,"","https://onlinelibrary.wiley.com/doi/pdf/10.1002/9781394277155.ack",""
0,"Leonie B. Jackson","Conclusion",2022,"The Monstrous &amp; the Vulnerable","Oxford University Press","http://dx.doi.org/10.1093/oso/9780197647332.003.0008","",43,"2024-06-21 14:54:40","book-chapter","10.1093/oso/9780197647332.003.0008","","",,,211,230,0,0.00,0,1,2,"<p>This chapter argues that the stories we tell about conflict matter, and that the stories told in the news media about the ""jihadi brides"" were laden with stereotypes which served to narrate the war against IS, the actors within that conflict and the nation itself. As such, the media framing of British ""jihadi brides"" as either vulnerable or monstrous contributed to a broader narrative about the ""good war"" against IS through a cast of archetypal characters: beastly IS men, monstrous IS women, vulnerable groomed damsels in distress and heroic state agents. The representation of these women was not simply a sidenote in the fight against Islamic State, but was fundamental to the conflict itself and contained a host of ideas about 'us' and 'them', the dangers and risks represented by IS, and the character and necessity of the war in Syria and Iraq.</p>","",""
0,"Kathrin Marie Walter","Vulnerable People or Vulnerable Borders?",2023,"Migration and Diversity","Transnational Press London","http://dx.doi.org/10.33182/md.v2i1.2808","",44,"2024-06-21 14:54:40","journal-article","10.33182/md.v2i1.2808","2753-6912","",2,1,51,62,0,0.00,0,1,1,"The concept of vulnerability is blurred and often evoked in the context of refugee and forced migrant women. Paradoxically, it is also employed by the EU with regard to its external border security. Thus, the question arises of how the EU conceptualizes vulnerability in its external migration policies and who is perceived to be vulnerable – refugees and migrants, or external borders? Using a systematic lexical keyword search to identify relevant policy aims in the EU Pact on Migration and Asylum, the latest policy agenda on migration and asylum of the EU Commission published in September 2020, this paper highlights the mostly one-dimensional concept of vulnerability in external EU policies. In this article, it is argued that this entails significant gendered implications for asylum-seekers and migrants en route to Europe. It further reveals the detrimental effects for migrants and refugees caused by the EU’s focus and prioritization of its vulnerable borders. Ultimately, this paper by adopting a gendered lens calls into question whether the European Commission fully incorporates human rights commitments in its policy guidance on asylum and migration.","https://journals.tplondon.com/md/article/download/2808/2129",""
0,"Phil Mulvey, Shelly L. Clevenger","Vulnerable Victimizations",2023,"","Routledge","http://dx.doi.org/10.4324/9781003429685","",45,"2024-06-21 14:54:40","book","10.4324/9781003429685","","",,,,,0,0.00,0,2,1,"","",""
0,"Rhona K. M. Smith","12. Rights for specific vulnerable persons",2021,"International Human Rights Law","Oxford University Press","http://dx.doi.org/10.1093/he/9780192845382.003.0012","",46,"2024-06-21 14:54:40","book-chapter","10.1093/he/9780192845382.003.0012","","",,,220,247,0,0.00,0,1,3,"<p>Following on from the previous chapter on equality and non-discrimination, this chapter examines the additional systems of human rights protection in place for specific groups of people who are often disadvantaged and marginalized in societies. Six specific groups are considered: women, children, elderly, internally displaced persons, stateless persons, and refugees. It first explains why group rights evolved in a system of human rights that, from the outset, was supposed to be universal, and then discusses the particular needs of these groups, the evolving international and regional human rights framework, and the extent to which the legal framework addresses the needs of the group in question.</p>","https://www.oxfordlawtrove.com/display/10.1093/he/9780192845382.001.0001/he-9780192845382-chapter-12",""
2,"Ruipeng Lei","Arguments for Treating CRISPR-Edited Persons as Vulnerable",2022,"Annals of Bioethics &amp; Clinical Applications","Medwin Publishers","http://dx.doi.org/10.23880/abca-16000241","",47,"2024-06-21 14:54:40","journal-article","10.23880/abca-16000241","2691-5774","",5,3,,,2,1.00,2,1,2,"This paper is composed of four parts. In the first part is briefly described the origin of germline genome editing technology and its unique characteristics. The second part discusses germline genome editing is ethically unjustifiable today because of the unfavorable risk-benefit ratio. The third part argues that CRISPR-edited persons ought to be treated as a vulnerable. The fourth part is to argue that people in the present generation have moral obligations to future generations.","",""
0,"","Three Essays in Policy Analysis Among Vulnerable Populations",2023,"","RAND Corporation","http://dx.doi.org/10.7249/rgsda2934-1","",48,"2024-06-21 14:54:40","edited-book","10.7249/rgsda2934-1","","",,,,,0,0.00,0,0,1,"","",""
0,"Annette Idler, Juan Carlos Garzón Vergara","Transforming the War on Drugs",2021,"","Oxford University Press","http://dx.doi.org/10.1093/oso/9780197604359.001.0001","",49,"2024-06-21 14:54:40","edited-book","10.1093/oso/9780197604359.001.0001","","",,,,,0,0.00,0,2,3,"<p>This book asks how the international community can tackle the complex causes and consequences that the War on Drugs is intended to address. This question arises against the backdrop of the War on Drugs’ failure to significantly reduce the scale or impact of illicit drug production and trafficking as well as the lack of consensus on the way forward in the international policy debate. Challenging conventional defense- and security-sector thinking, this book constitutes the first comprehensive, systematic effort to theoretically, conceptually, and empirically investigate the effects of the international drug control regime’s interpretation as War on Drugs. The volume unpacks the dynamics behind illicit drug markets, the fluid motivations of ‘warriors’, and the evolving consequences for ‘victims’ of this war—the lines between warriors and victims often being blurred. The contributors trace the regime’s interpretation as War on Drugs across vulnerable regions including South and Central America, West Africa, the Middle East and the Golden Crescent, the Golden Triangle, and Russia. They demonstrate that consequences are ‘glocal,’ the repercussions of transnational illicit flows being interdependent with the War’s local impacts on human rights, security, development, and public health. The book further reveals how the War has influenced government positions across these regions, with significant ramifications for the international drug control regime. At a time when global order is in flux and global security at risk, critically evaluating the regime’s securitization through the War on Drugs provides key insights into other global governance realms.</p>","",""
0,"Sam Clark","Vulnerable friend",2022,"Inside Retirement Housing","Policy Press","http://dx.doi.org/10.1332/policypress/9781447357629.003.0005","",50,"2024-06-21 14:54:40","book-chapter","10.1332/policypress/9781447357629.003.0005","","",,,53,76,0,0.00,0,1,2,"<p>Chapter 4 contains a research story that portrays the changing state of home for an older person. It presents a narrative account of the author’s experience befriending ‘Rose’ and witnessing her relationship with home in the fourth age of life. Rose is representative of the fastest growing section of the UK population – the so-called ‘old-old’ or those aged 85 years and older. Rose had limited financial means and was dependent upon care workers and family members for her everyday needs. Diminished mobility led her to experiencing degradations of dignity/privacy while at home, including losing control over who had access to (and what actions were performed within) her home. Her story offers insights into multivariate meanings of home – as an apparatus and companion, for instance – and everyday behavioural observations of ageing in place, drawing specific attention to material details within micro environments. Rose’s story presents some common challenges familiar to a lot of older people, including experiences of environmental press and feeling less at home, but also a keen resistance to moving into another place – especially a nursing home. This chapter expresses sympathy for a vulnerable friend, while developing design empathy for all those that find themselves disabled or disadvantaged by their home.</p>","",""
0,"Akinboboye Bolanle Oyeyemi","The Vulnerable Patients Group: The Global Oral Health Concept",2022,"Treatment Dilemmas for Vulnerable Patients in Oral Health","Springer International Publishing","http://dx.doi.org/10.1007/978-3-031-08435-5_4","",51,"2024-06-21 14:54:40","book-chapter","10.1007/978-3-031-08435-5_4","","",,,59,65,0,0.00,0,1,2,"","https://link.springer.com/content/pdf/10.1007/978-3-031-08435-5_4",""
0,"Salimah H. Meghani, Mary R. Janevic","Model of Pain in Vulnerable Populations and the Role of Social Determinants of Health",2024,"Pain Management in Vulnerable Populations","Oxford University PressNew York","http://dx.doi.org/10.1093/med/9780197649176.003.0001","",52,"2024-06-21 14:54:40","book-chapter","10.1093/med/9780197649176.003.0001","","",,,1,17,0,0.00,0,2,1,"Abstract: This chapter explores the mechanisms behind inequities in pain prevalence, experience, and outcomes among subgroups, including minoritized and racialized populations. The chapter emphasizes the need for an anti-racist framework to confront racism in pain care and support cultural humility and critical self-reflection in clinical practice and research. Policy interventions, such as improving access to non-opioid and nonpharmacological pain interventions, expanding insurance access, and promoting patient-centered outcomes in pain research, are also highlighted as potential avenues for reducing pain care disparities. The chapter cautions against making biological or behavioral attributions and invoking easy misconceptions about the mechanisms behind disparities, instead urging readers to carefully examine these disparities and address the social risks and epigenetic risks underlying them. Ultimately, the chapter calls for continued efforts to create equitable models of pain care to reduce the burden of pain and improve the well-being of all individuals and communities.","https://academic.oup.com/book/57299/chapter/461757234",""
0,"James J. Connolly, Dagney G. Faulk, Emily J. Wornell","Vulnerable Communities",2022,"","Cornell University Press","http://dx.doi.org/10.7591/cornell/9781501761324.001.0001","",53,"2024-06-21 14:54:40","edited-book","10.7591/cornell/9781501761324.001.0001","","",,,,,0,0.00,0,3,2,"<p>This book examines the struggles of smaller cities in the United States, those with populations between 20,000 and 200,000. Like many larger metropolitan centers, these places are confronting change within a globalized economic and cultural order. Many of them have lost their identities as industrial or commercial centers and face a complex and distinctive mix of economic, social, and civic challenges. Small cities have not only fewer resources but different strengths and weaknesses, all of which differentiate their experiences from those of larger communities. This book considers the present condition and future prospects of smaller American cities. Chapters offer a mix of ground-level analyses and examinations of broader developments that have impacted economically weakened communities and provide concrete ideas for local leaders engaged in redevelopment work. The book reminds policy makers and academics alike that it is necessary to consider cultural tensions and place-specific conflicts that can derail even the most well-crafted redevelopment strategies prescribed for these communities.</p>","",""
1,"Andrew J. Stewart","A Vulnerable System",2021,"","Cornell University Press","http://dx.doi.org/10.7591/cornell/9781501758942.001.0001","",54,"2024-06-21 14:54:40","edited-book","10.7591/cornell/9781501758942.001.0001","","",,,,,1,0.33,1,1,3,"<p>As threats to the security of information pervade the fabric of everyday life, this book describes how, even as the demand for information security increases, the needs of society are not being met. The result is that the confidentiality of our personal data, the integrity of our elections, and the stability of foreign relations between countries are increasingly at risk. The book convincingly shows that emergency software patches and new security products cannot provide the solution to threats such as computer hacking, viruses, software vulnerabilities, and electronic spying. Profound underlying structural problems must first be understood, confronted, and then addressed. This book delivers a long view of the history of information security, beginning with the creation of the first digital computers during the Cold War. From the key institutions of the so-called military industrial complex in the 1950s to Silicon Valley start-ups in the 2020s, the relentless pursuit of new technologies has come at great cost. The absence of knowledge regarding the history of information security has caused the lessons of the past to be forsaken for the novelty of the present, and has led us to be collectively unable to meet the needs of the current day. From the very beginning of the information age, claims of secure systems have been crushed by practical reality. The myriad risks to technology, the book reveals, cannot be addressed without first understanding how we arrived at this moment. The book is an enlightening and sobering history of a topic that affects crucial aspects of our lives.</p>","",""
0,"","Improper communication starts arterial hypertension in a vulnerable individual",2023,"Journal of Clinical Review &amp; Case Reports","Opast Group LLC","http://dx.doi.org/10.33140/jcrc.08.03.06","",55,"2024-06-21 14:54:40","journal-article","10.33140/jcrc.08.03.06","2573-9565","",8,3,,,0,0.00,0,0,1,"Background: People interact with or without words and sounds through their energy, and their appearance makes us think of them. People’s communication by terms represents a common and convenient channel to exchange ideas and deal with problems. Collaboration luxury relaxes and improves individual well-being; ill-mannered people interactions act in opposite directions. Provocative and scandalous debates go before various mental disturbs, following physical complaints according to existing fragile areas. Aim: To reveal the influence of communication skills on blood vessel control and how improper communication starts arterial hypertension in a vulnerable individual. Material& Method: A qualitative study was performed by the author in the community from 2008 to 2023, relating to the people’s interaction influence on their health. People’s inappropriate communication effects on the individual were noticed, then corrected. Findings: man, aged 68, occasionally experienced unpleasant cooperation with some members of his large family. Each time, after offensive attitudes and forceful disputes, he presented tachycardia and increased blood pressure: 155/90 to 167/95 mmHg. On November 2022, following a violent discussion with a family member, he presented headache, high blood pressure, 180/103 mm Hg, tachycardia, and vertigo. Patient’s family medical history: Parents, brothers, and sisters: arterial hypertension. Patient’s medical history: Transient arterial hypertension, from 2009; permanent arterial hypertension: 2022; atrial arrhythmia, 2022.","",""
0,"Gerard J. Ryan","Theological Reflection as a Resource for Recognition of the Vulnerable Other",2022,"Mutual Accompaniment as Faith-Filled Living","Springer International Publishing","http://dx.doi.org/10.1007/978-3-031-06007-6_2","",56,"2024-06-21 14:54:40","book-chapter","10.1007/978-3-031-06007-6_2","","",,,31,68,0,0.00,0,1,2,"","https://link.springer.com/content/pdf/10.1007/978-3-031-06007-6_2",""
0,"","Vulnerable groups perceive integrity of political courts negatively",2023,"","Organisation for Economic Co-Operation and Development (OECD)","http://dx.doi.org/10.1787/3a0d28c5-en","",57,"2024-06-21 14:54:40","component","10.1787/3a0d28c5-en","","",,,,,0,0.00,0,0,1,"","",""
0,"Filip Vukovinski","LLM's Possibly Vulnerable To Diagonalization Attacks",2023,"Staatsinstitut =","PubPub","http://dx.doi.org/10.21428/30537341.66ae7b6c","",58,"2024-06-21 14:54:40","journal-article","10.21428/30537341.66ae7b6c","","",,,,,0,0.00,0,1,1,"","",""
0,"","Protecting the Most Vulnerable by Vaccinating the Most Active",2021,"","RAND Corporation","http://dx.doi.org/10.7249/pea1068-1","",59,"2024-06-21 14:54:40","edited-book","10.7249/pea1068-1","","",,,,,0,0.00,0,0,3,"","",""
0,"Tony Cook","Abuse and Exploitation of Children and Vulnerable Persons",2023,"Blackstone’s Senior Investigating Officers’ Handbook","Oxford University Press","http://dx.doi.org/10.1093/law/9780192855985.003.0016","",60,"2024-06-21 14:54:40","book-chapter","10.1093/law/9780192855985.003.0016","","",,,,,0,0.00,0,1,1,"<p>This chapter examines the abuse and exploitation of children and vulnerable persons. Exploitation usually occurs when a person provides something to the greater benefit and advantage of another. Fraud, coercion, and undue control or threats or acts of violence can be used as means of gaining compliance. One example is where a criminal gang coerces a child into joining their group to sexually abuse them or for others to do so; or to use them to distribute illegal substances or weapons such as drugs, knives, and firearms. Parents can also exploit their own children by trafficking them or advertising them on ‘Adult Services Websites’ (ASWs) or dating websites. Some victims (including vulnerable adults) are also trafficked into or within countries for the purpose of sexual exploitation, servitude, or modern slavery and become involuntarily linked to criminality and criminal gang networks. The chapter then looks at Operation Hydrant, as well as the emergence of online child sexual abuse.</p>","",""
0,"","Mapping of services for people in vulnerable situations in Lithuania",2023,"Personalised Public Services for People in Vulnerable Situations in Lithuania","OECD","http://dx.doi.org/10.1787/66d19906-en","",61,"2024-06-21 14:54:40","book-chapter","10.1787/66d19906-en","","",,,,,0,0.00,0,0,1,"","",""
4,"Jeff Clyde G Corpuz","The vulnerable in time of pandemic: toward a preferential option for the vulnerable and marginalized",2021,"Journal of Public Health","Oxford University Press (OUP)","http://dx.doi.org/10.1093/pubmed/fdab253","",62,"2024-06-21 14:54:40","journal-article","10.1093/pubmed/fdab253","1741-3842","",44,3,,,4,1.33,4,1,3,"Abstract: The disproportionate impact of the pandemic on certain populations has highlighted numerous inequities and injustices in our world. In considering the most vulnerable during the COVID-19 pandemic, an inclusive approach is not only a humanitarian approach but also a global public health imperative. The rights of the most vulnerable groups, such as women, youth, indigenous people and persons with disabilities and with co-morbidity, among others need to be protected.","https://academic.oup.com/jpubhealth/article-pdf/44/3/e394/45516140/fdab253.pdf",""
0,"Shahla Akram","Bridging the gap: understanding out-of-school children in Pakistan",2024,"Vulnerable Children and Youth Studies","Informa UK Limited","http://dx.doi.org/10.1080/17450128.2024.2352623","",63,"2024-06-21 14:54:40","journal-article","10.1080/17450128.2024.2352623","1745-0128","",,,1,16,0,0.00,0,1,1,"","https://www.tandfonline.com/doi/pdf/10.1080/17450128.2024.2352623",""
0,"Michel Goldberg","Prevention for Vulnerable Patients: Atraumatic Carious Treatment and Mild-to-Moderate Periodontal Therapy",2022,"Treatment Dilemmas for Vulnerable Patients in Oral Health","Springer International Publishing","http://dx.doi.org/10.1007/978-3-031-08435-5_2","",64,"2024-06-21 14:54:40","book-chapter","10.1007/978-3-031-08435-5_2","","",,,45,54,0,0.00,0,1,2,"","https://link.springer.com/content/pdf/10.1007/978-3-031-08435-5_2",""
0,"","Vulnerable population of Indonesia exposed to natural hazards",2024,"","Organisation for Economic Co-Operation and Development (OECD)","http://dx.doi.org/10.1787/f5826d84-en","",65,"2024-06-21 14:54:40","component","10.1787/f5826d84-en","","",,,,,0,0.00,0,0,1,"","",""
0,"Audrey Nath","Negative Effects of The Dobbs Decision on IntellectuallyDisabled Adolescents, A Vulnerable Population",2024,"SOJ Neurology and Neuroscience","Stephy Publishers","http://dx.doi.org/10.53902/sojnn.2024.04.000512","",66,"2024-06-21 14:54:40","journal-article","10.53902/sojnn.2024.04.000512","","",4,1,,,0,0.00,0,1,1,"In June 2022, the U.S. Supreme Court issued its landmark decision to cease federal protections for individuals seeking an abortion in the Dobbs v Jackson Women's Health Organization legal proceedings. The Court’s decision in Dobbs’ case effectively overruled Roe v Wade (1973) and Planned Parenthood of Southeastern Pennsylvania v Casey (1922)","",""
0,"","PATOLOGÍA DUAL EN EL PACIENTE VULNERABLE (CASO CLINICO)",2021,"LIBRO COMUNICACIONES","SEPD","http://dx.doi.org/10.17579/sepd2021p028v","",67,"2024-06-21 14:54:40","proceedings-article","10.17579/sepd2021p028v","","",,,,,0,0.00,0,0,3,"Paciente varón de 26 años con seguimiento en Salud Mental desde hace más de 6 años, coincidiendo primer episodio psicótico con ruptura de relación de pareja. Primeros episodios relacionados con consumo de sustancias: cannabis y alcohol diarios y cocaína de forma intermitente pero desde la adolescencia. Internamiento en centro de deshabituación con 20 años, consiguiendo abstinencia total durante unos meses, durante los cuales no aparece clínica psicótica. Soltero y sin hijos, vive solo. Desempleado, con red social escasa y salidas del domicilio limitadas a la adquisición de tóxicos. Aislamiento del entorno y de la información de actualidad. En tratamiento previo con Aripiprazol y Olanzapina. Dos ingresos previos en Unidad de Hospitalización, con derivación a Hospital de Día tras el alta en ambos momentos. Ingresos en el extranjero que no sabe precisar. En la última hospitalización, destaca bloqueo del pensamiento, alucinaciones cenestésicas, perplejidad e incapacidad para elaborar elementos delirantes, acompañado de desorganización ideoconductual. Tras reinstaurar tratamiento con clozapina y abandono de tóxicos mejora en primer lugar desorganización y bloqueo del pensamiento y posteriormente distanciamiento del contenido psicótico. Mejora conciencia de enfermedad, asociando tanto abandono de tratamiento como consumo de sustancias con las descompensaciones previas. Actualmente en seguimiento en HD tras alta reciente, donde mantiene abstinencia a tóxicos y estabilidad psicopatológica. Impresiona en este caso la presencia de alteraciones cognitivas (disminución de atención sostenida) que pueden relacionarse con síntomas negativos o con efectos secundarios del tratamiento. Pendiente de recurso residencial, previo paso por centro de rehabilitación.","",""
0,"Phil Mulvey, Shelly Clevenger","Introduction",2023,"Vulnerable Victimizations","Routledge","http://dx.doi.org/10.4324/9781003429685-1","",68,"2024-06-21 14:54:40","book-chapter","10.4324/9781003429685-1","","",,,1,2,0,0.00,0,2,1,"","",""
0,"Pilar Ilka Muñoz Villanueva","Situation of the tuberculosis in vulnerable population",2021,"Revista del Nacional (Itauguá)","Instituto de Investigaciones en Ciencias de la Salud","http://dx.doi.org/10.18004/rdn2021.jun.01.001.003","",69,"2024-06-21 14:54:40","journal-article","10.18004/rdn2021.jun.01.001.003","2072-8174","",13,1,1,3,0,0.00,0,1,3,"","",""
0,"","Unskilled delivery of bad news leads to brain haemorrhage in vulnerable people",2022,"Medical &amp; Clinical Research","Opast Group LLC","http://dx.doi.org/10.33140/mcr.07.12.01","",70,"2024-06-21 14:54:40","journal-article","10.33140/mcr.07.12.01","2577-8005","",7,12,,,0,0.00,0,0,2,"Background: Everyone experiences various feelings according to the information gathered daily. Good news relaxes, increases satisfaction, and delights people; bad news disturbs human equilibrium, and unskilful delivery of such info can lead to disaster in a vulnerable person. Aim: Reveal the effects of the inappropriate transfer of lousy news on vulnerable people. Material & Method: Qualitative study performed by the author in the community, 2008-2022, relating to the significance of communication for the individual health. The people interaction effects were registered and corrected when and where necessary and preventive actions were initiated. Findings: One day, in the evening of autumn 2020, a patient, 71, was informed by a panicked family member about the car accident of her son. Immediately she presented headaches and difficulty of speaking and walking. Patient’s Medical History: Obesity, 2004-2011; overweight from 2011; DZII, 2010; HTA, 2010. Patient’s Family Health History: Mother: suicide, 1971.","",""
0,"Mayur R. Suresh","Law and the Vulnerable State",2023,"Terror Trials","Fordham University Press","http://dx.doi.org/10.5422/fordham/9781531501761.003.0004","",71,"2024-06-21 14:54:40","book-chapter","10.5422/fordham/9781531501761.003.0004","","",,,92,114,0,0.00,0,1,1,"<p>This chapter focuses on the metaphor used by the terror-accused to describe the law—as something that the state ‘said’. In doing so, it draws upon Stanley Cavell’s reading of Austin’s influential text, especially the idea that one might be vulnerable to one’s utterances. For many terror-accused, as the law was something that the state ‘said’; it was bound to follow the law. When the state did not follow its ‘own laws,’ in the minds of terror-accused, this signified state vulnerability to its utterances and enabled them to hope that they may be acquitted. This chapter thinks through the idea of how the law may not signify the state’s power but its weakness. In pointing to an idea of the state that is present through its vulnerability, it joins other recent anthropological though that thinks of the state through the idea of incapacity.</p>","",""
1,"Emanuele Giorgi, Tiziano Cattaneo, Alfredo Mauricio Flores Herrera, Virginia del Socorro Aceves Tarango","Design with Vulnerable Communities",2022,"Design for Vulnerable Communities","Springer International Publishing","http://dx.doi.org/10.1007/978-3-030-96866-3_23","",72,"2024-06-21 14:54:40","book-chapter","10.1007/978-3-030-96866-3_23","2365-757X","",,,449,465,1,0.50,0,4,2,"","https://link.springer.com/content/pdf/10.1007/978-3-030-96866-3_23",""
0,"Leonie B. Jackson","Gendering the ‘Jihadi Brides’",2022,"The Monstrous &amp; the Vulnerable","Oxford University Press","http://dx.doi.org/10.1093/oso/9780197647332.003.0002","",73,"2024-06-21 14:54:40","book-chapter","10.1093/oso/9780197647332.003.0002","","",,,21,50,0,0.00,0,1,2,"<p>The ""jihadi brides"" first came to media attention in July 2014 and initially little was known about their radicalization or their lives inside IS territory. As a result, familiar stereotypes about women's political violence were used to explain their motivations and activities. This chapter argues that analyses of IS women have been dominated by a security lens that focuses on radicalization, which has produced a distorted picture of the motivations and roles of women in IS's caliphate. The chapter makes the case for a feminist intersectional approach that considers how these women disrupted hegemonic femininities and threatened the gender order. By drawing attention to the religion-racialized and classed pariah femininities that these women were understood to embody, it shows how representations of the ""jihadi brides"" conditioned access to agency, victimhood and the resources of public sympathy.</p>","",""
0,"James J. Connolly, Dagney G. Faulk, Emily J. Wornell","[Untitled]",2022,"Vulnerable Communities","Cornell University Press","http://dx.doi.org/10.7591/cornell/9781501761324.002.0003","",74,"2024-06-21 14:54:40","book-chapter","10.7591/cornell/9781501761324.002.0003","","",,,,,0,0.00,0,3,2,"","",""
0,"Angela Y. Lee","The Vulnerable Consumer: Beyond the Poor and the Elderly",2024,"Review of Marketing Research","Emerald Publishing Limited","http://dx.doi.org/10.1108/s1548-643520240000021001","",75,"2024-06-21 14:54:40","book-chapter","10.1108/s1548-643520240000021001","1548-6435","",,,1,5,0,0.00,0,1,1,"","https://www.emerald.com/insight/content/doi/10.1108/S1548-643520240000021001/full/html",""
0,"James J. Connolly, Dagney G. Faulk, Emily J. Wornell","Dedication",2022,"Vulnerable Communities","Cornell University Press","http://dx.doi.org/10.7591/cornell/9781501761324.002.0004","",76,"2024-06-21 14:54:40","book-chapter","10.7591/cornell/9781501761324.002.0004","","",,,,,0,0.00,0,3,2,"","",""
0,"","Delivering for people in vulnerable situations: public governance for integrated policies and services",2023,"Personalised Public Services for People in Vulnerable Situations in Lithuania","OECD","http://dx.doi.org/10.1787/598cc186-en","",77,"2024-06-21 14:54:40","book-chapter","10.1787/598cc186-en","","",,,,,0,0.00,0,0,1,"","",""
0,"","Disabled and Vulnerable Beneficiaries",2023,"Parker’s Will Precedents","Bloomsbury Publishing Plc","http://dx.doi.org/10.5040/9781526524393.chapter-018","",78,"2024-06-21 14:54:40","other","10.5040/9781526524393.chapter-018","","",,,187,198,0,0.00,0,0,1,"","",""
0,"Chris Kim","Security and privacy: Living in a vulnerable connected world",2024,"","Ryerson University Library and Archives","http://dx.doi.org/10.32920/25343533","",79,"2024-06-21 14:54:40","posted-content","10.32920/25343533","","",,,,,0,0.00,0,1,1,"<p>A Raspberry Pi Model B+ Board costs $38.15 plus taxes and shipping. These credit card–size computers can be connected to a PC; they are designed for people who want to learn programming. The Raspberry Pi is also capable of interacting with the outside world (that is, the physical world) through a general-purpose input/output (GPIO), a pin that enables the board to be interfaced with sensors, motors and a plethora of other electronic devices. Why are we talking about Raspberry Pi? Because you could use one to prototype your next Internet of Things (IoT) project. </p>","",""
0,"","Acknowledgments",2023,"Being Vulnerable","McGill-Queen's University Press","http://dx.doi.org/10.2307/jj.3078922.3","",80,"2024-06-21 14:54:40","book-chapter","10.2307/jj.3078922.3","","",,,,,0,0.00,0,0,1,"","",""
0,"James Goldie","Interactive: who's ready for climate extremes and who's vulnerable",2024,"","Monash University","http://dx.doi.org/10.54377/03c9-e6d6","",81,"2024-06-21 14:54:40","report","10.54377/03c9-e6d6","","",,,,,0,0.00,0,1,1,"","",""
0,"","LGBTQ+ Individuals Vulnerable to Cancer Disparities",2024,"Cancer Discovery","American Association for Cancer Research (AACR)","http://dx.doi.org/10.1158/2159-8290.cd-nd2024-0005","",82,"2024-06-21 14:54:40","journal-article","10.1158/2159-8290.cd-nd2024-0005","2159-8290","",,,,,0,0.00,0,0,1,"","",""
0,"Arne De Boever","Being Vulnerable",2023,"","McGill-Queen's University Press","http://dx.doi.org/10.1515/9780228016298","",83,"2024-06-21 14:54:40","edited-book","10.1515/9780228016298","","",,,,,0,0.00,0,1,1,"","",""
0,"Maya Orzechowska","On Boundaries And Apertures: Drawing A Vulnerable + Intimate Architecture",2023,"","Ryerson University Library and Archives","http://dx.doi.org/10.32920/23563584.v1","",84,"2024-06-21 14:54:40","posted-content","10.32920/23563584.v1","","",,,,,0,0.00,0,1,1,"<p>The boundaries and apertures of home are not separate from but play an active role in a politics of body and social body health. As both the idea of home and housing fail increasing numbers of people, this thesis seeks alternatives to home’s narrative of utopic internal intimacy that endorses retreat and a relationship of non-responsibility vis à vis the public realm. It suggests the result is dystopic in its concealment and exacerbation of vulnerability and its resistance to change. Instead, a vulnerable and intimate architecture centers the vulnerable body to uncover unique, pluralistic, personal intimacies. To draw out the uncanny, repressed and emotional in home, Five Principles are proposed based on Corbusier’s calibration of the subject and values of modern architecture. It seems time to reevaluates architecture’s inside and outside, to speculate on new homes and new understanding of self in relation one’s neighbours, in the broadest sense. </p>","",""
0,"","Index",2023,"Being Vulnerable","McGill-Queen's University Press","http://dx.doi.org/10.2307/jj.3078922.18","",85,"2024-06-21 14:54:40","book-chapter","10.2307/jj.3078922.18","","",,,195,206,0,0.00,0,0,1,"","",""
0,"","State government finances are vulnerable to rising health costs",2023,"","Organisation for Economic Co-Operation and Development (OECD)","http://dx.doi.org/10.1787/c13951b7-en","",86,"2024-06-21 14:54:40","component","10.1787/c13951b7-en","","",,,,,0,0.00,0,0,1,"","",""
0,"SaMin Han","Climate Policy and Vulnerable Coastal Communities in South Korea",2021,"","SAGE Publications","http://dx.doi.org/10.31124/advance.14378975.v1","",87,"2024-06-21 14:54:40","posted-content","10.31124/advance.14378975.v1","","",,,,,0,0.00,0,1,3,"As climate change accelerates, coastal cities in South Korea face an increasing risk to their sustainable survival. However, climate policy and national projects have not appropriately reflected these continuously increasing risks. This study focuses on Korean coastlines and local communities in as attempt to connect national policies with regional diversity. This research includes a literature review and expert interviews that trace historical changes and highlight the various projects undertaken by the Korean government. This study diagnoses the current status of such efforts and suggests policy recommendations for the Korea government. <br>","https://ndownloader.figshare.com/files/27465878",""
0,"SaMin Han","Climate Policy and Vulnerable Coastal Communities in South Korea",2021,"","SAGE Publications","http://dx.doi.org/10.31124/advance.14378975","",88,"2024-06-21 14:54:40","posted-content","10.31124/advance.14378975","","",,,,,0,0.00,0,1,3,"As climate change accelerates, coastal cities in South Korea face an increasing risk to their sustainable survival. However, climate policy and national projects have not appropriately reflected these continuously increasing risks. This study focuses on Korean coastlines and local communities in as attempt to connect national policies with regional diversity. This research includes a literature review and expert interviews that trace historical changes and highlight the various projects undertaken by the Korean government. This study diagnoses the current status of such efforts and suggests policy recommendations for the Korea government. <br>","https://ndownloader.figshare.com/files/27465878",""
0,"Victor Jeleniewski Seidler","Covid-19 and Global Inequalities",2024,"","Routledge","http://dx.doi.org/10.4324/9781003296874","",89,"2024-06-21 14:54:40","monograph","10.4324/9781003296874","","",,,,,0,0.00,0,1,1,"","",""
0,"Maya Orzechowska","On Boundaries And Apertures: Drawing A Vulnerable + Intimate Architecture",2023,"","Ryerson University Library and Archives","http://dx.doi.org/10.32920/23563584","",90,"2024-06-21 14:54:40","posted-content","10.32920/23563584","","",,,,,0,0.00,0,1,1,"<p>The boundaries and apertures of home are not separate from but play an active role in a politics of body and social body health. As both the idea of home and housing fail increasing numbers of people, this thesis seeks alternatives to home’s narrative of utopic internal intimacy that endorses retreat and a relationship of non-responsibility vis à vis the public realm. It suggests the result is dystopic in its concealment and exacerbation of vulnerability and its resistance to change. Instead, a vulnerable and intimate architecture centers the vulnerable body to uncover unique, pluralistic, personal intimacies. To draw out the uncanny, repressed and emotional in home, Five Principles are proposed based on Corbusier’s calibration of the subject and values of modern architecture. It seems time to reevaluates architecture’s inside and outside, to speculate on new homes and new understanding of self in relation one’s neighbours, in the broadest sense. </p>","",""
0,"ARNE DE BOEVER","Being Vulnerable",2023,"","McGill-Queen's University Press","http://dx.doi.org/10.2307/jj.3078922","",91,"2024-06-21 14:54:40","monograph","10.2307/jj.3078922","","",,,,,0,0.00,0,1,1,"","",""
0,"Chris Kim","Security and privacy: Living in a vulnerable connected world",2024,"","Ryerson University Library and Archives","http://dx.doi.org/10.32920/25343533.v1","",92,"2024-06-21 14:54:40","posted-content","10.32920/25343533.v1","","",,,,,0,0.00,0,1,1,"<p>A Raspberry Pi Model B+ Board costs $38.15 plus taxes and shipping. These credit card–size computers can be connected to a PC; they are designed for people who want to learn programming. The Raspberry Pi is also capable of interacting with the outside world (that is, the physical world) through a general-purpose input/output (GPIO), a pin that enables the board to be interfaced with sensors, motors and a plethora of other electronic devices. Why are we talking about Raspberry Pi? Because you could use one to prototype your next Internet of Things (IoT) project. </p>","",""
0,"","Vulnerable populations and pandemic response",2024,"Inoculating Cities","Elsevier","http://dx.doi.org/10.1016/b978-0-443-18701-8.00012-6","",93,"2024-06-21 14:54:40","book-chapter","10.1016/b978-0-443-18701-8.00012-6","","",,,187,192,0,0.00,0,0,1,"","https://api.elsevier.com/content/article/PII:B9780443187018000126",""
0,"Johannes van den Heuvel","Video consultations in relation to vulnerable patients",2022,"","Morressier","http://dx.doi.org/10.26226/m.62a0701f9deaf4fdb6b3f34d","",94,"2024-06-21 14:54:40","posted-content","10.26226/m.62a0701f9deaf4fdb6b3f34d","","",,,,,0,0.00,0,1,2,"","",""
0,"","Notes",2023,"Being Vulnerable","McGill-Queen's University Press","http://dx.doi.org/10.2307/jj.3078922.17","",95,"2024-06-21 14:54:40","book-chapter","10.2307/jj.3078922.17","","",,,163,194,0,0.00,0,0,1,"","",""
0,"Lindy Burton","Vulnerable Children",2022,"","Routledge","http://dx.doi.org/10.4324/9781003287865","",96,"2024-06-21 14:54:40","monograph","10.4324/9781003287865","","",,,,,0,0.00,0,1,2,"","",""
0,"Alan R. King","Adversity and suicidality during youth",2024,"Vulnerable Children and Youth Studies","Informa UK Limited","http://dx.doi.org/10.1080/17450128.2024.2342264","",97,"2024-06-21 14:54:40","journal-article","10.1080/17450128.2024.2342264","1745-0128","",,,1,12,0,0.00,0,1,1,"","https://www.tandfonline.com/doi/pdf/10.1080/17450128.2024.2342264",""
0,"Andrew P. Sage, Charalambos Antoniades","From the vulnerable plaque to the vulnerable patient: Current concepts in atherosclerosis",2021,"British Journal of Pharmacology","Wiley","http://dx.doi.org/10.1111/bph.15347","",98,"2024-06-21 14:54:40","journal-article","10.1111/bph.15347","0007-1188","",178,11,2165,2167,0,0.00,0,2,3,"","https://onlinelibrary.wiley.com/doi/pdf/10.1111/bph.15347",""
0,"Rasmus Hagberg, Martin Hell, Christoph Reichenbach","Using Program Analysis to Identify the Use of Vulnerable Functions",2021,"Proceedings of the 18th International Conference on Security and Cryptography","SCITEPRESS - Science and Technology Publications","http://dx.doi.org/10.5220/0010548205230530","",99,"2024-06-21 14:54:40","proceedings-article","10.5220/0010548205230530","","",,,,,0,0.00,0,3,3,"","",""
0,"Fabio Macioce","The Vulnerable Groups and Their Legal Value",2022,"The Politics of Vulnerable Groups","Springer International Publishing","http://dx.doi.org/10.1007/978-3-031-07547-6_3","",100,"2024-06-21 14:54:40","book-chapter","10.1007/978-3-031-07547-6_3","2731-6580","",,,31,59,0,0.00,0,1,2,"","https://link.springer.com/content/pdf/10.1007/978-3-031-07547-6_3",""
1,"Tiziano Cattaneo, Emanuele Giorgi, Alfredo Mauricio Flores Herrera, Virginia del Socorro Aceves Tarango","Introduction on Design for Vulnerable Communities",2022,"Design for Vulnerable Communities","Springer International Publishing","http://dx.doi.org/10.1007/978-3-030-96866-3_1","",101,"2024-06-21 14:54:40","book-chapter","10.1007/978-3-030-96866-3_1","2365-757X","",,,1,17,1,0.50,0,4,2,"","https://link.springer.com/content/pdf/10.1007/978-3-030-96866-3_1",""
1,"Rasmus Hagberg, Martin Hell, Christoph Reichenbach","Using Program Analysis to Identify the Use of Vulnerable Functions",2021,"Proceedings of the 18th International Conference on Security and Cryptography","SCITEPRESS - Science and Technology Publications","http://dx.doi.org/10.5220/0010548200002998","",102,"2024-06-21 14:54:40","proceedings-article","10.5220/0010548200002998","","",,,,,1,0.33,0,3,3,"","",""
2,"Vuyiswa Sandrah Nyathi","Equipping Orphans and Vulnerable Children (OVC) With Life Skills Education",2022,"Advances in Psychology, Mental Health, and Behavioral Studies","IGI Global","http://dx.doi.org/10.4018/978-1-7998-8896-3.ch003","",103,"2024-06-21 14:54:40","book-chapter","10.4018/978-1-7998-8896-3.ch003","2475-6660","",,,47,71,2,1.00,2,1,2,"Globally, children are experiencing instability, poverty, anxiety, and mental stress through exposure to unfavourable conditions. They lack protection of their rights as human beings and yet most nations are signatories to the United Nations Convention on the Rights of the Child (CRC) 1989 and the African Charter on the Rights and Welfare of the Child (ACRWC) 1999. Children need protection against child labour, domestic violence, commercial sexual exploitation, early child marriage, harmful traditional practices. The nation, community, and family are the major duty bearers in child protection. Orphans and vulnerable children have remained susceptible to abuse and other harmful practices due to lack of protection by duty bearers. This chapter anchors on how such children can be empowered through life skills in order to reduce vulnerability. The chapter concludes by suggesting strategies that assist vulnerable children in facing and coping with life challenges.","https://www.igi-global.com/viewtitle.aspx?TitleId=298244",""
0,"","Is Microcredit and Health Insurance Access Effective for Vulnerable Peoples?",2024,"Journal of Investment, Banking and Finance","Opast Group LLC","http://dx.doi.org/10.33140/jibf.02.01.08","",104,"2024-06-21 14:54:40","journal-article","10.33140/jibf.02.01.08","2997-2256","",2,1,1,13,0,0.00,0,0,1,"Using secondary data collected from Dschang in the West region of Cameroon, we examined the effectiveness of microcredit and health insurance access on vulnerable groups which includes the physically disabled and other forms of vulnerability. We undertook a statistical and qualitative econometric analysis using a logit model and obtained the following results: microcredit and health insurance access reduce the vulnerability of people via their health, financial and social status. Our findings open the way for some economic measures that should be taken to assist vulnerable people. From a macroeconomic perspective, these measures include the implementation of a food policy targeted towards increasing access to nutrition; a financial policy to improve access to drugs for individuals, and a social policy to achieve a high level of integration of vulnerable peoples and a high level of literacy of individuals. From a microeconomic perspective, we recommend that microfinance managers develop more products specific to and targeting the vulnerable population as well as those involved in small jobs and the informal sector with specific loans that can help them move to formal and more conventional jobs. To the best of our knowledge, this is the first paper with this objective and methodology focusing on the dataset along with the same case study.","",""
0,"","Vulnerable Fieldwork Amid Democratic Backsliding",2023,"","SAGE Publications, Ltd.","http://dx.doi.org/10.4135/9781529670059","",105,"2024-06-21 14:54:40","database","10.4135/9781529670059","","",,,,,0,0.00,0,0,1,"","",""
0,"Barry S. Levy","Vulnerable Populations",2022,"From Horror to Hope","Oxford University Press","http://dx.doi.org/10.1093/oso/9780197558645.003.0021","",106,"2024-06-21 14:54:40","book-chapter","10.1093/oso/9780197558645.003.0021","","",,,180,196,0,0.00,0,1,2,"<p>This chapter addresses the health impacts of war on vulnerable populations. It summarizes information from Chapters 6 through 10 concerning women, children, and displaced people. It describes how persons with disabilities have faced violent attacks, forced displacement, and ongoing neglect. It describes the increased risks that older people face during war because of reduced mobility, noncommunicable diseases, mental disorders, and inadequate support. The chapter addresses the health impacts of war to indigenous peoples. The chapter also describes the Convention on the Elimination of All Forms of Discrimination against Women, the Convention on the Rights of the Child, the Convention Relating to the Status of Refugees, and the Convention on the Rights of Persons with Disabilities. Finally, the chapter discusses addressing the needs of vulnerable populations during war.</p>","",""
0,"Greg Goodnight","Afterword",2022,"Vulnerable Communities","Cornell University Press","http://dx.doi.org/10.7591/cornell/9781501761324.003.0011","",107,"2024-06-21 14:54:40","book-chapter","10.7591/cornell/9781501761324.003.0011","","",,,243,250,0,0.00,0,1,2,"<p>This chapter offers a hands-on perspective of the revitalization of a Rust Belt legacy city. With assistance from the federal government's Troubled Asset Relief Program (TARP), Kokomo's manufacturing employment levels stabilized and later increased. The chapter mentions Greg Goodnight, the mayor of Kokomo, Indiana, who has earned praise for his leadership of the city for spearheading municipal efforts to sustain its industrial base and for helping create a more attractive, livable community. The chapter details the practical political and social challenges encountered as a small city attempts to implement the kinds of urban redevelopment plans promoted by scholars and activists. It provides a reminder to everyone to pay special attention to both the internal dynamics and the external obstacles that influence actual redevelopment work.</p>","",""
0,"Siti Romahani Rahman, Md Mizanur Rahman","Child maltreatment perpetration in Sarawak: predictors from the perpetrators’ perspective",2024,"Vulnerable Children and Youth Studies","Informa UK Limited","http://dx.doi.org/10.1080/17450128.2024.2352103","",108,"2024-06-21 14:54:40","journal-article","10.1080/17450128.2024.2352103","1745-0128","",,,1,12,0,0.00,0,2,1,"","https://www.tandfonline.com/doi/pdf/10.1080/17450128.2024.2352103",""
0,"","Caring for the Vulnerable and Disadvantaged",2022,"Journal of Experimental Neurology","Scientific Archives LLC","http://dx.doi.org/10.33696/neurol.3.054","",109,"2024-06-21 14:54:40","journal-article","10.33696/neurol.3.054","","",3,1,,,0,0.00,0,0,2,"","",""
0,"","Radical Benjamin",2023,"Being Vulnerable","McGill-Queen's University Press","http://dx.doi.org/10.2307/jj.3078922.8","",110,"2024-06-21 14:54:40","book-chapter","10.2307/jj.3078922.8","","",,,39,46,0,0.00,0,0,1,"","",""
0,"","Democracy’s Exceptions",2023,"Being Vulnerable","McGill-Queen's University Press","http://dx.doi.org/10.2307/jj.3078922.14","",111,"2024-06-21 14:54:40","book-chapter","10.2307/jj.3078922.14","","",,,112,129,0,0.00,0,0,1,"","",""
0,"","The Camp",2023,"Being Vulnerable","McGill-Queen's University Press","http://dx.doi.org/10.2307/jj.3078922.9","",112,"2024-06-21 14:54:40","book-chapter","10.2307/jj.3078922.9","","",,,49,64,0,0.00,0,0,1,"","",""
0,"Victor Araújo, Malu Gatto","Can conservatism make women more vulnerable to violence?",2021,"","SAGE Publications","http://dx.doi.org/10.31124/advance.13960661.v1","",113,"2024-06-21 14:54:40","posted-content","10.31124/advance.13960661.v1","","",,,,,0,0.00,0,2,3,"Violence against women (VAW) affects at least 35% of women worldwide. The need to combat VAW is seemingly noncontroversial: As existing work shows, ideology does not explain governments' propensity to adopt anti-VAW legislation. Yet, effectively implementing anti-VAW legislation requires complex policy frameworks at odds with conservative values. Voters' preferences can meaningfully influence policy outputs, so can electoral conservatism make women more vulnerable to violence? Employing data from 5,570 Brazilian municipalities, we find that conservatism in the electorate is associated with the adoption of fewer anti-VAW policies. With data from a nationally-representative survey of Brazilian respondents (N=2,086), we then show that conservative voters are less likely to prioritize the need for tackling VAW. That is, the adoption of fewer anti-VAW policies in conservative municipalities reflects conservative voters’ policy preferences. Critically, our results suggest that in contexts where the electorate holds conservative preferences, policy responsiveness may incur costs to women's lives.","https://ndownloader.figshare.com/files/26450933",""
0,"Victor Araújo, Malu Gatto","Can conservatism make women more vulnerable to violence?",2021,"","SAGE Publications","http://dx.doi.org/10.31124/advance.13960661","",114,"2024-06-21 14:54:40","posted-content","10.31124/advance.13960661","","",,,,,0,0.00,0,2,3,"Violence against women (VAW) affects at least 35% of women worldwide. The need to combat VAW is seemingly noncontroversial: As existing work shows, ideology does not explain governments' propensity to adopt anti-VAW legislation. Yet, effectively implementing anti-VAW legislation requires complex policy frameworks at odds with conservative values. Voters' preferences can meaningfully influence policy outputs, so can electoral conservatism make women more vulnerable to violence? Employing data from 5,570 Brazilian municipalities, we find that conservatism in the electorate is associated with the adoption of fewer anti-VAW policies. With data from a nationally-representative survey of Brazilian respondents (N=2,086), we then show that conservative voters are less likely to prioritize the need for tackling VAW. That is, the adoption of fewer anti-VAW policies in conservative municipalities reflects conservative voters’ policy preferences. Critically, our results suggest that in contexts where the electorate holds conservative preferences, policy responsiveness may incur costs to women's lives.","https://ndownloader.figshare.com/files/26450933",""
0,"Richard W. Butler, Rachel Dodds","Island Tourism: Vulnerable or Resistant to Overtourism?",2023,"","Ryerson University Library and Archives","http://dx.doi.org/10.32920/22183729","",115,"2024-06-21 14:54:40","posted-content","10.32920/22183729","","",,,,,0,0.00,0,2,1,"<p>Islands have long attracted tourists and some islands rank amongst the most visited places in the world. Such popularity has created problems of overdevelopment and tourism at unsustainable levels, leading to the phenomenon of overtourism. Traditionally islands could rely on natural features to limit tourist numbers but this is increasingly not the case today, therefore, this paper reviews how changes in attitude, access and media coverage have led to problems of excessive visitation. The paper discusses the failure to create and implement appropriate policies which might mitigate against such developments and notes the inherent long-term problems many island authorities have traditionally faced when trying to improve economic conditions for their residents. The paper concludes that more specific action in terms of policy goals and implementation are needed if islands are to avoid the issues of unsustainable development and overtourism currently being experienced in many mainland tourist destinations. </p>","",""
0,"","Preface",2024,"Vulnerable Earth","Cambridge University Press","http://dx.doi.org/10.1017/9781009496896.002","",116,"2024-06-21 14:54:40","other","10.1017/9781009496896.002","","",,,,,0,0.00,0,0,1,"","",""
3,"Pablo Picazo-Sanchez, Maximilian Algehed, Andrei Sabelfeld","DeDup.js: Discovering Malicious and Vulnerable Extensions by Detecting Duplication",2022,"Proceedings of the 8th International Conference on Information Systems Security and Privacy","SCITEPRESS - Science and Technology Publications","http://dx.doi.org/10.5220/0010900600003120","",117,"2024-06-21 14:54:40","proceedings-article","10.5220/0010900600003120","","",,,,,3,1.50,1,3,2,"","",""
0,"","Re-designing policies to support vulnerable groups and drive recovery",2021,"","Organisation for Economic Co-Operation and Development  (OECD)","http://dx.doi.org/10.1787/aa4a23d6-en","",118,"2024-06-21 14:54:40","component","10.1787/aa4a23d6-en","","",,,,,0,0.00,0,0,3,"","",""
0,"Cristina Argelich-Comelles","Hacia un concepto de “consumidor vulnerable digital” y su protección en la contratación civil. (Towards a Concept of 'Digitally Vulnerable Consumers' and Their Protection in Civil Contracting)",2023,"SSRN Electronic Journal","Elsevier BV","http://dx.doi.org/10.2139/ssrn.4434517","",119,"2024-06-21 14:54:40","journal-article","10.2139/ssrn.4434517","1556-5068","",,,,,0,0.00,0,1,1,"","",""
0,"Maggie FitzGerald","Vulnerable and Precarious Worlds: A Meta-Theoretical Orientation",2022,"Care and the Pluriverse","Policy Press","http://dx.doi.org/10.1332/policypress/9781529220117.003.0006","",120,"2024-06-21 14:54:40","book-chapter","10.1332/policypress/9781529220117.003.0006","","",,,146,167,0,0.00,0,1,2,"<p> <bold>Chapter 6 presents a care ethical meta-theoretical framework for contemplating ethical horizons in the pluriverse. Using the ethics of care, this chapter mobilizes a distinction between vulnerability, understood as an inherent ontological condition of subjects who are embedded in relations of dependency, and precarity, which is defined as intensified vulnerability resulting from unequal distributions of power that render certain subjects more or less vulnerable than others. This chapter then develops and mobilizes this understanding of vulnerability and precarity so as to demonstrate how this lens allows us to consider the explicit effects of global material and ideational hierarchies of power on particular worlds, and the configuration of the pluriverse more generally. This framing, it is suggested, redefines ethics in the image of the pluriverse, and foregrounds the ways in which particular ethical dilemmas in the pluriverse always take place within a broader horizon of precarity, whereby certain worlds are rendered ‘more’ or ‘less’ vulnerable than others in and through the processes of ethical deliberation between and amongst worlds.</bold> </p>","",""
0,"Sarah Supino, Benedetta Voltaggio","Access to Justice for Vulnerable and Energy-Poor Consumers in Italy: Policy Measures and the Role of ADR",2021,"Access to Justice for Vulnerable and Energy-Poor Consumers","Hart Publishing","http://dx.doi.org/10.5040/9781509939466.ch-012","",121,"2024-06-21 14:54:40","book-chapter","10.5040/9781509939466.ch-012","","",,,,,0,0.00,0,2,3,"","",""
0,"","Informality and unemployment are high and concentrated among the vulnerable",2022,"","Organisation for Economic Co-Operation and Development (OECD)","http://dx.doi.org/10.1787/2c7cf2f3-en","",122,"2024-06-21 14:54:40","component","10.1787/2c7cf2f3-en","","",,,,,0,0.00,0,0,2,"","",""
0,"","Bibliography",2024,"Vulnerable Earth","Cambridge University Press","http://dx.doi.org/10.1017/9781009496896.008","",123,"2024-06-21 14:54:40","other","10.1017/9781009496896.008","","",,,249,275,0,0.00,0,0,1,"","",""
0,"","Community and network responses for assisting mobile vulnerable populations.",2023,"OLLAS Reports","University of Nebraska Consortium of Libraries - UNCL","http://dx.doi.org/10.32873/uno.dc.ollas.1019","",124,"2024-06-21 14:54:40","journal-article","10.32873/uno.dc.ollas.1019","","",,,,,0,0.00,0,0,1,"","",""
0,"","Index",2023,"Being Vulnerable","McGill-Queen's University Press","http://dx.doi.org/10.1515/9780228016298-016","",125,"2024-06-21 14:54:40","book-chapter","10.1515/9780228016298-016","","",,,195,206,0,0.00,0,0,1,"","https://www.degruyter.com/document/doi/10.1515/9780228016298-016/xml",""
0,"","Homo Vulnerabilis",2023,"Being Vulnerable","McGill-Queen's University Press","http://dx.doi.org/10.2307/jj.3078922.13","",126,"2024-06-21 14:54:40","book-chapter","10.2307/jj.3078922.13","","",,,99,111,0,0.00,0,0,1,"","",""
0,"Brenda McGrath, Kurt Stange, Suparna Navale, Nicole Cook, Rose Goueth, Matthew Jones, Stephen Zyzanski","Equitable care for vulnerable populations: A time series analysis of community health centers",2023,"Social determinants and vulnerable populations","American Academy of Family Physicians","http://dx.doi.org/10.1370/afm.22.s1.5266","",127,"2024-06-21 14:54:40","proceedings-article","10.1370/afm.22.s1.5266","","",,,,,0,0.00,0,7,1,"","https://syndication.highwire.org/content/doi/10.1370/afm.22.s1.5266",""
0,"","Improving the activation of skills of vulnerable populations in Kazakhstan",2021,"","Organisation for Economic Co-Operation and Development  (OECD)","http://dx.doi.org/10.1787/9d07adf3-en","",128,"2024-06-21 14:54:40","component","10.1787/9d07adf3-en","","",,,,,0,0.00,0,0,3,"","",""
0,"","Indigenous Sovereignties",2023,"Being Vulnerable","McGill-Queen's University Press","http://dx.doi.org/10.2307/jj.3078922.16","",129,"2024-06-21 14:54:40","book-chapter","10.2307/jj.3078922.16","","",,,147,162,0,0.00,0,0,1,"","",""
0,"","The Drone",2023,"Being Vulnerable","McGill-Queen's University Press","http://dx.doi.org/10.2307/jj.3078922.12","",130,"2024-06-21 14:54:40","book-chapter","10.2307/jj.3078922.12","","",,,91,96,0,0.00,0,0,1,"","",""
0,"Wei Zhu, Tyler Grau, Donna Lewandowski","Vulnerable Road User Planning and Design",2023,"","Morressier","http://dx.doi.org/10.26226/m.65849ab0de1f7d0012a86465","",131,"2024-06-21 14:54:40","posted-content","10.26226/m.65849ab0de1f7d0012a86465","","",,,,,0,0.00,0,3,1,"","",""
0,"Michal Grover-Friedlander","Staging a vulnerable voice",2021,"Staging Voice","Routledge","http://dx.doi.org/10.4324/9781003187257-2","",132,"2024-06-21 14:54:40","book-chapter","10.4324/9781003187257-2","","",,,29,55,0,0.00,0,1,3,"","",""
0,"Emanuele Giorgi","How Technology Devices Can Help or Harm Vulnerable Communities in Technocene. Issues for Designers, Architects, and Policy Makers",2022,"Design for Vulnerable Communities","Springer International Publishing","http://dx.doi.org/10.1007/978-3-030-96866-3_2","",133,"2024-06-21 14:54:40","book-chapter","10.1007/978-3-030-96866-3_2","2365-757X","",,,21,43,0,0.00,0,1,2,"","https://link.springer.com/content/pdf/10.1007/978-3-030-96866-3_2",""
0,"Chloé Mayeur, Heidi Mertes, Wannes Van Hoof","Do genomic passports leave us more vulnerable or less vulnerable? Perspectives from an online citizen engagement",2023,"Humanities and Social Sciences Communications","Springer Science and Business Media LLC","http://dx.doi.org/10.1057/s41599-023-01580-7","",134,"2024-06-21 14:54:40","journal-article","10.1057/s41599-023-01580-7","2662-9992","",10,1,,,0,0.00,0,3,1,"Abstract: Since genomics is becoming commonplace in healthcare for the diagnosis, treatment, and prevention, the prospect of generating a genomic passport for all citizens is gaining traction. While this would have many advantages, it raises ethical issues requiring societal debate alongside academic reflection. Hence, Sciensano—the Belgian scientific Institute of Public Health—organised an online citizen engagement on genomic information usage, including a question on a genomic passport for all. The inductive thematic analysis of participants’ contributions highlighted vulnerability as a fundamental concern, while this has not received sufficient attention so far in genomics. Participants expressed their vulnerability in two ways. First, the genomic passport would inform them about their ontological vulnerability. By revealing their constitutional weaknesses (predisposition to diseases), it reminds them that everyone is unavoidably and perennially at risk of being harmed. Second, the misuse of the genomic passport can add situational vulnerabilities (e.g., discrimination causing psychological and economic harm). Moreover, the fundamental uncertainty in genomics—how will such sensitive information be used, and how will the science evolve?—exacerbates these vulnerabilities. This article ends with recommendations to alleviate these vulnerabilities in genomics now and in the future in which the genomic passport may become a reality.","https://www.nature.com/articles/s41599-023-01580-7.pdf",""
0,"Amber Vermeesch","Integrative Health Nursing Interventions for Vulnerable Populations",2021,"","Springer International Publishing","http://dx.doi.org/10.1007/978-3-030-60043-3","",135,"2024-06-21 14:54:40","book","10.1007/978-3-030-60043-3","","",,,,,0,0.00,0,1,3,"","https://link.springer.com/content/pdf/10.1007/978-3-030-60043-3.pdf",""
0,"","Notes",2023,"Being Vulnerable","McGill-Queen's University Press","http://dx.doi.org/10.1515/9780228016298-015","",136,"2024-06-21 14:54:40","book-chapter","10.1515/9780228016298-015","","",,,163,194,0,0.00,0,0,1,"","https://www.degruyter.com/document/doi/10.1515/9780228016298-015/xml",""
0,"","Haiti: Addressing the increased needs of vulnerable populations affected by escalating violence",2024,"","FAO","http://dx.doi.org/10.4060/cd0989en","",137,"2024-06-21 14:54:40","report","10.4060/cd0989en","","",,,,,0,0.00,0,0,1,"","",""
0,"","Acknowledgments",2023,"Being Vulnerable","McGill-Queen's University Press","http://dx.doi.org/10.1515/9780228016298-001","",138,"2024-06-21 14:54:40","book-chapter","10.1515/9780228016298-001","","",,,,,0,0.00,0,0,1,"","https://www.degruyter.com/document/doi/10.1515/9780228016298-001/xml",""
0,"Richard W. Butler, Rachel Dodds","Island Tourism: Vulnerable or Resistant to Overtourism?",2023,"","Ryerson University Library and Archives","http://dx.doi.org/10.32920/22183729.v1","",139,"2024-06-21 14:54:40","posted-content","10.32920/22183729.v1","","",,,,,0,0.00,0,2,1,"<p>Islands have long attracted tourists and some islands rank amongst the most visited places in the world. Such popularity has created problems of overdevelopment and tourism at unsustainable levels, leading to the phenomenon of overtourism. Traditionally islands could rely on natural features to limit tourist numbers but this is increasingly not the case today, therefore, this paper reviews how changes in attitude, access and media coverage have led to problems of excessive visitation. The paper discusses the failure to create and implement appropriate policies which might mitigate against such developments and notes the inherent long-term problems many island authorities have traditionally faced when trying to improve economic conditions for their residents. The paper concludes that more specific action in terms of policy goals and implementation are needed if islands are to avoid the issues of unsustainable development and overtourism currently being experienced in many mainland tourist destinations. </p>","",""
0,"","Front Matter",2023,"Being Vulnerable","McGill-Queen's University Press","http://dx.doi.org/10.2307/jj.3078922.1","",140,"2024-06-21 14:54:40","book-chapter","10.2307/jj.3078922.1","","",,,,,0,0.00,0,0,1,"","",""
0,"","The Police",2023,"Being Vulnerable","McGill-Queen's University Press","http://dx.doi.org/10.2307/jj.3078922.11","",141,"2024-06-21 14:54:40","book-chapter","10.2307/jj.3078922.11","","",,,75,90,0,0.00,0,0,1,"","",""
0,"Agnieszka Siwiak, Joan-Carles Suris, Lorraine Chok, Sophie Stadelmann, Tanguy Corre, Yara Barrense-Dias","Are vulnerable adolescents more prone to smartphone and Internet addiction? A cross-sectional study among adolescents in Switzerland",2023,"Vulnerable Children and Youth Studies","Informa UK Limited","http://dx.doi.org/10.1080/17450128.2023.2253511","",142,"2024-06-21 14:54:40","journal-article","10.1080/17450128.2023.2253511","1745-0128","",18,4,570,580,0,0.00,0,6,1,"","https://www.tandfonline.com/doi/pdf/10.1080/17450128.2023.2253511",""
0,"Fransje Hooimeijer","Ecosystem participation in vulnerable geographies",2021,"The Evolving Scholar","TU Delft OPEN Publishing","http://dx.doi.org/10.24404/616570c9f6d7880008eeabad","",143,"2024-06-21 14:54:40","journal-article","10.24404/616570c9f6d7880008eeabad","2667-2812","",,,,,0,0.00,0,1,3,"","https://dapp.orvium.io/deposits/616570c9f6d7880008eeabad/view",""
0,"","The Wall",2023,"Being Vulnerable","McGill-Queen's University Press","http://dx.doi.org/10.2307/jj.3078922.10","",144,"2024-06-21 14:54:40","book-chapter","10.2307/jj.3078922.10","","",,,65,74,0,0.00,0,0,1,"","",""
0,"","Ecological Vulnerable Areas",2022,"Encyclopedia of Ocean Engineering","Springer Nature Singapore","http://dx.doi.org/10.1007/978-981-10-6946-8_300221","",145,"2024-06-21 14:54:40","book-chapter","10.1007/978-981-10-6946-8_300221","","",,,441,441,0,0.00,0,0,2,"","https://link.springer.com/content/pdf/10.1007/978-981-10-6946-8_300221",""
0,"","Economically Vulnerable",2021,"Encyclopedia of Evolutionary Psychological Science","Springer International Publishing","http://dx.doi.org/10.1007/978-3-319-19650-3_301394","",146,"2024-06-21 14:54:40","book-chapter","10.1007/978-3-319-19650-3_301394","","",,,2266,2266,0,0.00,0,0,3,"","https://link.springer.com/content/pdf/10.1007/978-3-319-19650-3_301394",""
0,"Anke-Christine Saß","Longing for change—better health opportunities for vulnerable groups",2023,"Bundesgesundheitsblatt - Gesundheitsforschung - Gesundheitsschutz","Springer Science and Business Media LLC","http://dx.doi.org/10.1007/s00103-023-03740-1","",147,"2024-06-21 14:54:40","journal-article","10.1007/s00103-023-03740-1","1436-9990","",66,8,821,823,0,0.00,0,1,1,"","https://link.springer.com/content/pdf/10.1007/s00103-023-03740-1.pdf",""
0,"Margaret D. Larkins-Pettigrew, Veronica E. Villalobos, Gaetan L. Pettigrew, Christina L. Wilds","Disturbing Maternal and Child Health Outcomes Among Vulnerable Populations",2022,"A Population Health Approach to Health Disparities for Nurses","Springer Publishing Company","http://dx.doi.org/10.1891/9780826185044.0021","",148,"2024-06-21 14:54:40","book-chapter","10.1891/9780826185044.0021","","",,,,,0,0.00,0,4,2,"","https://syndication.highwire.org/content/doi/10.1891/9780826185044.0021",""
1,"Cristina Oter-Quintana, M. Teresa Alcolea-Cosín, Óscar Castedo-Martínez, Ángel Martín-García, Almudena Alameda-Cuesta","Sentirse vulnerable (o no): repensando la noción de grupo vulnerable",2021,"Gaceta Sanitaria","Elsevier BV","http://dx.doi.org/10.1016/j.gaceta.2020.06.017","",149,"2024-06-21 14:54:40","journal-article","10.1016/j.gaceta.2020.06.017","0213-9111","",35,1,104,105,1,0.33,0,5,3,"","https://api.elsevier.com/content/article/PII:S0213911120301837",""
0,"Rossella Bardazzi, Maria Grazia Pazienza","Vulnerable Households in the Energy Transition",2023,"Studies in Energy, Resource and Environmental Economics","Springer International Publishing","http://dx.doi.org/10.1007/978-3-031-35684-1_1","",150,"2024-06-21 14:54:40","book-chapter","10.1007/978-3-031-35684-1_1","2731-3409","",,,1,8,0,0.00,0,2,1,"Abstract: Energy transitions are multi-dimensional and multi-actor processes involving technical systems, social networks and societal institutions and regimes (Sovacool and Geels, Energy Research & Social Science 22:232–237, 2016). Interactions between firms, households, policymakers and social bodies are at the core of the shift from one energy system to another. This nexus of interactions is even more important to be analysed when considering the current energy transition towards decarbonization, which is mainly policy-driven rather than social- or technology-driven.","https://link.springer.com/content/pdf/10.1007/978-3-031-35684-1_1",""
0,"Andrew J. Stewart","Introduction",2021,"A Vulnerable System","Cornell University Press","http://dx.doi.org/10.7591/cornell/9781501758942.003.0001","",151,"2024-06-21 14:54:40","book-chapter","10.7591/cornell/9781501758942.003.0001","","",,,1,4,0,0.00,0,1,3,"<p>This introductory chapter provides an overview of how the twin problems of data breaches and computer hacking are compounded by a modern-day field of information security that has become trapped in a cycle of addressing the symptoms of security problems rather than attempting to fix the underlying causes. This is not only because there is a constant torrent of new technologies and new security vulnerabilities to keep up with but also because of a human bias toward the New. This “epistemic closure” within the field of information security — a term used to describe the situation in which a group retreats from reality into a make-believe world — has caused the past to be forsaken for the present. These three profound failures — data breaches, the use of computer hacking by nation-states, and epistemic closure — are visible stigmata that mark the field of information security. It is only by confronting causes, not symptoms, that the three stigmata can be addressed, and this requires an understanding of how they came to exist.</p>","",""
0,"Stefano Benenati, Italo Porto","Dual antiplatelet therapy in the contemporary drug-eluting stents era: from vulnerable stents to vulnerable patients",2022,"Journal of Thrombosis and Thrombolysis","Springer Science and Business Media LLC","http://dx.doi.org/10.1007/s11239-022-02639-z","",152,"2024-06-21 14:54:40","journal-article","10.1007/s11239-022-02639-z","0929-5305","",54,1,153,155,0,0.00,0,2,2,"","https://link.springer.com/content/pdf/10.1007/s11239-022-02639-z.pdf",""
0,"Hermína Gunnþórsdóttir, Ylfa G. Sigurðardóttir","The Effect of the Covid-19 Pandemic on Students in a Vulnerable Situation in Iceland",2023,"Education in an Altered World","Bloomsbury Publishing Plc","http://dx.doi.org/10.5040/9781350282728.ch-003","",153,"2024-06-21 14:54:40","other","10.5040/9781350282728.ch-003","","",,,43,58,0,0.00,0,2,1,"","",""
0,"Simona Strungaru","The Future for Vulnerable Child Brides",2024,"SpringerBriefs in Law","Springer Nature Singapore","http://dx.doi.org/10.1007/978-981-97-2159-7_5","",154,"2024-06-21 14:54:40","book-chapter","10.1007/978-981-97-2159-7_5","2192-855X","",,,67,78,0,0.00,0,1,1,"","https://link.springer.com/content/pdf/10.1007/978-981-97-2159-7_5",""
0,"","Engage the Institution",2023,"Being Vulnerable","McGill-Queen's University Press","http://dx.doi.org/10.2307/jj.3078922.15","",155,"2024-06-21 14:54:40","book-chapter","10.2307/jj.3078922.15","","",,,130,146,0,0.00,0,0,1,"","",""
0,"","Foucault with Schmitt",2023,"Being Vulnerable","McGill-Queen's University Press","http://dx.doi.org/10.2307/jj.3078922.6","",156,"2024-06-21 14:54:40","book-chapter","10.2307/jj.3078922.6","","",,,14,27,0,0.00,0,0,1,"","",""
0,"","The Camp",2023,"Being Vulnerable","McGill-Queen's University Press","http://dx.doi.org/10.1515/9780228016298-007","",157,"2024-06-21 14:54:40","book-chapter","10.1515/9780228016298-007","","",,,49,64,0,0.00,0,0,1,"","https://www.degruyter.com/document/doi/10.1515/9780228016298-007/xml",""
0,"","Radical Benjamin",2023,"Being Vulnerable","McGill-Queen's University Press","http://dx.doi.org/10.1515/9780228016298-006","",158,"2024-06-21 14:54:40","book-chapter","10.1515/9780228016298-006","","",,,39,45,0,0.00,0,0,1,"","https://www.degruyter.com/document/doi/10.1515/9780228016298-006/xml",""
0,"Jacqui Gingras","The Vulnerable Learner: Moving from Middle to Margin in Dietetic Education",2022,"","Ryerson University Library and Archives","http://dx.doi.org/10.32920/21737348.v1","",159,"2024-06-21 14:54:40","posted-content","10.32920/21737348.v1","","",,,,,0,0.00,0,1,2,"<p>Dietetic education, the baccalaureate process of preparing students for professional roles as dietitians, has maintained a rather conservative view of knowledge for its entire existence (over 100 years). Contemporary social problems such as food insecurity, violence against women, homelessness, and child poverty have immediate intersections with nutrition through reduced access to an adequate supply of safe food. I speculate here what might be made possible when dietetic educators consider transdisciplinary knowledges such as feminist science be embraced to disrupt century-old approaches to teaching and learning. Such a transdisciplinary gesture seems important for the dietetic profession, even though such a move might make vulnerable the dietetic educator as learner when knowledges move from the middle to the margin. </p>","",""
0,"","Assessing the impact of COVID-19 on the clinically extremely vulnerable population",2021,"","The Health Foundation","http://dx.doi.org/10.37829/hf-2021-ndl01","",160,"2024-06-21 14:54:40","report","10.37829/hf-2021-ndl01","","",,,,,0,0.00,0,0,3,"","",""
0,"Bruce, Donald Appleyard","The vulnerable groups",2021,"Livable Streets 2.0","Elsevier","http://dx.doi.org/10.1016/b978-0-12-816028-2.00006-x","",161,"2024-06-21 14:54:40","book-chapter","10.1016/b978-0-12-816028-2.00006-x","","",,,79,89,0,0.00,0,2,3,"","https://api.elsevier.com/content/article/PII:B978012816028200006X",""
0,"Patrick Brown","The vulnerable body",2021,"On Vulnerability","Routledge","http://dx.doi.org/10.4324/9780429347740-7","",162,"2024-06-21 14:54:40","book-chapter","10.4324/9780429347740-7","","",,,109,123,0,0.00,0,1,3,"","",""
0,"","A Backward Foreword",2023,"Being Vulnerable","McGill-Queen's University Press","http://dx.doi.org/10.2307/jj.3078922.4","",163,"2024-06-21 14:54:40","book-chapter","10.2307/jj.3078922.4","","",,,,,0,0.00,0,0,1,"","",""
0,"","Democracy’s Exceptions",2023,"Being Vulnerable","McGill-Queen's University Press","http://dx.doi.org/10.1515/9780228016298-012","",164,"2024-06-21 14:54:40","book-chapter","10.1515/9780228016298-012","","",,,112,129,0,0.00,0,0,1,"","https://www.degruyter.com/document/doi/10.1515/9780228016298-012/xml",""
0,"Gemma Houldey","The Vulnerable Humanitarian",2021,"","Routledge","http://dx.doi.org/10.4324/9781003032427","",165,"2024-06-21 14:54:40","monograph","10.4324/9781003032427","","",,,,,0,0.00,0,1,3,"","",""
0,"Maria Grajdian","Vulnerable Masculinity",2023,"Embodied VulnerAbilities in Literature and Film","Routledge","http://dx.doi.org/10.4324/9781003435891-2","",166,"2024-06-21 14:54:40","book-chapter","10.4324/9781003435891-2","","",,,17,32,0,0.00,0,1,1,"","",""
1,"Pramod K. Nayar","Vulnerable Earth",2024,"","Cambridge University Press","http://dx.doi.org/10.1017/9781009496896","",167,"2024-06-21 14:54:40","monograph","10.1017/9781009496896","","",,,,,1,1.00,1,1,1,"Vulnerable Earth is a study of the literature of climate crisis. Building on the assumption that the crisis is planetary in scope even if differential and unequal in effects, it examines literary fiction, graphic novels, memoirs about toxic wastes and neo-slavery narratives, mostly from the contemporary decades, but touching upon select antecedents as well, and from all over the world. The study covers texts that fictionalize a 'hydrocrisis', those that are concerned with species extinction and experimental solutions such as rewilding, fiction and memoirs that are interested in exploring the conversations between and across species in multispecies encounters and, finally, texts that show the linkage between social justice and environmental justice. Focusing on aesthetics, narrative modes and constructions of damaged, wasted and at-risk worlds, this book shows how the literature of climate crisis foregrounds a feature that humans and nonhumans, the living and the non-living share, differentially, with the planet: vulnerability.","",""
4,"Muhammad Naveed Noor","Violence against homeless gay and transgender youth in Pakistan – a short report",2022,"Vulnerable Children and Youth Studies","Informa UK Limited","http://dx.doi.org/10.1080/17450128.2022.2058135","",168,"2024-06-21 14:54:40","journal-article","10.1080/17450128.2022.2058135","1745-0128","",17,2,159,164,4,2.00,4,1,2,"","https://www.tandfonline.com/doi/pdf/10.1080/17450128.2022.2058135",""
0,"Angélica Durán-Martínez","South America",2021,"Transforming the War on Drugs","Oxford University Press","http://dx.doi.org/10.1093/oso/9780197604359.003.0006","",169,"2024-06-21 14:54:40","book-chapter","10.1093/oso/9780197604359.003.0006","","",,,133,160,0,0.00,0,1,3,"<p>Chapter 5 focuses on South America, the region where global cocaine flows originate, and where reform and debates about new domestic drug policies are likely to emerge. Despite the consensus on the need for change, this chapter argues there is little consensus on what this change entails, and that most governments still support the legal cornerstones of the International Drug Control Regime. The chapter contends that three factors influence the region’s endorsement for change: first, evolving US foreign policy; second, growing violence in the region; and third, changes in supply chain networks of cocaine. These have made intraregional and domestic markets more prominent, encouraging governments to recognize that drug policies have generated new problems. The chapter concludes by assessing the possibilities and obstacles for drug policy reform in the region.</p>","",""
0,"Jacqui Gingras","The Vulnerable Learner: Moving from Middle to Margin in Dietetic Education",2022,"","Ryerson University Library and Archives","http://dx.doi.org/10.32920/21737348","",170,"2024-06-21 14:54:40","posted-content","10.32920/21737348","","",,,,,0,0.00,0,1,2,"<p>Dietetic education, the baccalaureate process of preparing students for professional roles as dietitians, has maintained a rather conservative view of knowledge for its entire existence (over 100 years). Contemporary social problems such as food insecurity, violence against women, homelessness, and child poverty have immediate intersections with nutrition through reduced access to an adequate supply of safe food. I speculate here what might be made possible when dietetic educators consider transdisciplinary knowledges such as feminist science be embraced to disrupt century-old approaches to teaching and learning. Such a transdisciplinary gesture seems important for the dietetic profession, even though such a move might make vulnerable the dietetic educator as learner when knowledges move from the middle to the margin. </p>","",""
0,"","Review for ""Machine learning-directed electrical impedance tomography to predict metabolically vulnerable plaques""",2023,"","Wiley","http://dx.doi.org/10.1002/btm2.10616/v1/review1","",171,"2024-06-21 14:54:40","peer-review","10.1002/btm2.10616/v1/review1","","",,,,,0,0.00,0,0,1,"","",""
0,"","Review for ""Machine learning-directed electrical impedance tomography to predict metabolically vulnerable plaques""",2023,"","Wiley","http://dx.doi.org/10.1002/btm2.10616/v1/review2","",172,"2024-06-21 14:54:40","peer-review","10.1002/btm2.10616/v1/review2","","",,,,,0,0.00,0,0,1,"","",""
0,"","Review for ""Machine learning-directed electrical impedance tomography to predict metabolically vulnerable plaques""",2023,"","Wiley","http://dx.doi.org/10.1002/btm2.10616/v2/review2","",173,"2024-06-21 14:54:40","peer-review","10.1002/btm2.10616/v2/review2","","",,,,,0,0.00,0,0,1,"","",""
0,"","The Drone",2023,"Being Vulnerable","McGill-Queen's University Press","http://dx.doi.org/10.1515/9780228016298-010","",174,"2024-06-21 14:54:40","book-chapter","10.1515/9780228016298-010","","",,,91,96,0,0.00,0,0,1,"","https://www.degruyter.com/document/doi/10.1515/9780228016298-010/xml",""
0,"Kristin Aunan","Connecting climate change and health to protect the most vulnerable",2024,"","Copernicus GmbH","http://dx.doi.org/10.5194/egusphere-egu24-6687","",175,"2024-06-21 14:54:40","posted-content","10.5194/egusphere-egu24-6687","","",,,,,0,0.00,0,1,1,"The concurrent rise in global temperatures and air pollution levels has raised concerns regarding their joint effects on human health. Heatwaves, exacerbated by climate change, have become more frequent and intense, posing significant health risks to vulnerable populations. Concurrently, air pollution, stemming from anthropogenic activities and environmental factors, contributes to respiratory and cardiovascular ailments, amplifying the health burden. &#160; It becomes important to utilize multifaceted data from climate models, demographic and socioeconomic projections like the&#160;Shared Socioeconomic Pathways (SSPs), geographical information and other pertinent datasets in exploring the complex relationship between climate change, exposure to air pollution, extreme heat and related health outcomes. Using various data sets including climate, demographic, and socioeconomic information at different scales (cohort, city, and small area levels), the recently concluded EU Horizon 2020 EXHAUSTION project quantified the synergetic effects of exposure to extreme heat and air pollution on mortality risks for respiratory and cardiovascular diseases. The project also investigated the influence of various vulnerability factors (e.g. socioeconomic conditions, access to green space) on the health risks.&#160;The heat-health burden was projected under future scenarios until 2100, taking into account shifting demographic patterns and baseline health status in various scenarios. &#160; We advocate for the extension of methodologies employed in EXHAUSTION to encompass low- and middle-income countries in South Asia and sub-Saharan Africa, where extreme occurrences of heat and air pollution prevail. The assessment of climate change impacts on human health in these regions is notably challenging due to the scarcity of data across various domains, encompassing health, climate, and socio-demographic information. We advocate for enhanced accessibility and availability of this data to deepen our understanding of the effects of climate change-induced extreme heat and air pollution on mortality and morbidity in LMICs. This improved access will better equip health officials to strategize interventions and bolster adaptation responses. Furthermore, there is a need for more detailed emission and socio-demographic projections in LMICs, underpinned by data and reflective of current trends.","",""
0,"Cynthia D. Fair, Sydney J. Barlow","A qualitative longitudinal study of resilience in internationally adopted children with perinatally-acquired HIV",2024,"Vulnerable Children and Youth Studies","Informa UK Limited","http://dx.doi.org/10.1080/17450128.2024.2367618","",176,"2024-06-21 14:54:40","journal-article","10.1080/17450128.2024.2367618","1745-0128","",,,1,10,0,0.00,0,2,1,"","https://www.tandfonline.com/doi/pdf/10.1080/17450128.2024.2367618",""
0,"Diana Miconi, Cécile Rousseau","Children and vulnerable groups services",2021,"Oxford Textbook of Migrant Psychiatry","Oxford University Press","http://dx.doi.org/10.1093/med/9780198833741.003.0049","",177,"2024-06-21 14:54:40","book-chapter","10.1093/med/9780198833741.003.0049","","",,,413,422,0,0.00,0,2,3,"<p>In this chapter on children and vulnerable groups services we discuss the challenges involved in the provision of services to migrant and refugee families and young people. Firstly, obstacles preventing migrant and refugee populations from accessing services are identified, and the importance of culturally adapted and culturally safe services is underlined. Secondly, an overview of available interventions at the individual, family, and community level is provided, emphasizing the role of schools as an important bridge between migrant families and the host society. Thirdly, the importance of a resilience-based and ecological approach to provision of services to these vulnerable populations is discussed, and an illustration of a multimodal intervention implemented in collaboration with local schools and communities is provided. Lastly, in light of the complex and heterogeneous needs of migrant and refugee populations, a pyramid, tiered model of provision of services to migrants and refugees is advocated.</p>","",""
0,"Danielle Dinovelli-Lang, Karen Hébert","Chapter 2. The Biggest, the Best, the Most, the Last: Creating Valuable and Vulnerable Resources in Coastal Alaska",2022,"Arctic Abstractive Industry","Berghahn Books","http://dx.doi.org/10.1515/9781800734692-006","",178,"2024-06-21 14:54:40","book-chapter","10.1515/9781800734692-006","","",,,45,64,0,0.00,0,2,2,"","https://www.degruyter.com/document/doi/10.1515/9781800734692-006/xml",""
0,"Maria Emfietzoglou, Michail C. Mavrogiannis, Hector M. García-García, Kimon Stamatelopoulos, Ioannis Kanakakis, Michail I. Papafaklis","Current Toolset in Predicting Acute Coronary Thrombotic Events: The “Vulnerable Plaque” in a “Vulnerable Patient” Concept",2023,"Life","MDPI AG","http://dx.doi.org/10.3390/life13030696","",179,"2024-06-21 14:54:40","journal-article","10.3390/life13030696","2075-1729","",13,3,696,696,0,0.00,0,6,1,"Despite major advances in pharmacotherapy and interventional procedures, coronary artery disease (CAD) remains a principal cause of morbidity and mortality worldwide. Invasive coronary imaging along with the computation of hemodynamic forces, primarily endothelial shear stress and plaque structural stress, have enabled a comprehensive identification of atherosclerotic plaque components, providing a unique insight into the understanding of plaque vulnerability and progression, which may help guide patient treatment. However, the invasive-only approach to CAD has failed to show high predictive value. Meanwhile, it is becoming increasingly evident that along with the “vulnerable plaque”, the presence of a “vulnerable patient” state is also necessary to precipitate an acute coronary thrombotic event. Non-invasive imaging techniques have also evolved, providing new opportunities for the identification of high-risk plaques, the study of atherosclerosis in asymptomatic individuals, and general population screening. Additionally, risk stratification scores, circulating biomarkers, immunology, and genetics also complete the armamentarium of a broader “vulnerable plaque and patient” concept approach. In the current review article, the invasive and non-invasive modalities used for the detection of high-risk plaques in patients with CAD are summarized and critically appraised. The challenges of the vulnerable plaque concept are also discussed, highlighting the need to shift towards a more interdisciplinary approach that can identify the “vulnerable plaque” in a “vulnerable patient”.","https://www.mdpi.com/2075-1729/13/3/696/pdf",""
0,"Patricia Schofield","Managing Pain Within Vulnerable Populations of Seniors With Chronic Care Issues",2023,"Oxford Research Encyclopedia of Global Public Health","Oxford University Press","http://dx.doi.org/10.1093/acrefore/9780190632366.013.417","",180,"2024-06-21 14:54:40","reference-entry","10.1093/acrefore/9780190632366.013.417","","",,,,,0,0.00,0,1,1,"<p>The Western world is facing a crisis. The population is aging dramatically, and soon there will be twice as many older adults as younger counterparts. Clearly, there is a high incidence of pain in the older population, and with this comes a significant burden, including falls, frailty, depression, anxiety, sleep disturbance, reduced mobility, and impaired cognitive function. Unfortunately, chronic pain in the older population is often neglected and poorly managed for many reasons, including the expectation that pain is part of the aging process and therefore to be expected; poor assessment practices, hampered by communication problems; limited time for a comprehensive assessment to be carried out; fear of prescribing and administering drugs; and beliefs held by the older person themselves that they should expect to be in pain and therefore do not report it. All of these issues can be addressed with appropriate education and training to enable staff to appropriately apply evidence-based guidelines and effectively manage pain.</p>","",""
1,"Pierre-Arnaud Chouvy","The Golden Triangle",2021,"Transforming the War on Drugs","Oxford University Press","http://dx.doi.org/10.1093/oso/9780197604359.003.0010","",181,"2024-06-21 14:54:40","book-chapter","10.1093/oso/9780197604359.003.0010","","",,,229,252,1,0.33,1,1,3,"<p>Chapter 9 explores the effectiveness (or lack thereof) of repressive policies in Southeast Asia, particularly Myanmar and Laos of the so-called Golden Triangle. It provides a detailed history as well as political and geographical discussion about the illicit drug trade, its decline, and resilience in the region. The chapter argues that opium production remains a significant challenge to sustainable development. Accordingly, forced eradication has proven to be ineffective. Furthermore, the chapter argues, the drug control community largely overlooks the fact that most drug control policies have been inadequate and counterproductive, leading to enormous human, societal, and economic costs in the region.</p>","",""
0,"","Doing Feminist Research With Vulnerable Communities",2021,"","SAGE Publications, Ltd.","http://dx.doi.org/10.4135/9781529779387","",182,"2024-06-21 14:54:40","","10.4135/9781529779387","","",,,,,0,0.00,0,0,3,"","",""
0,"Uzma Azam, Reshma Jamal","Subjective well-being of slum dwelling adolescents: validation and findings from India",2024,"Vulnerable Children and Youth Studies","Informa UK Limited","http://dx.doi.org/10.1080/17450128.2024.2326730","",183,"2024-06-21 14:54:40","journal-article","10.1080/17450128.2024.2326730","1745-0128","",19,2,390,401,0,0.00,0,2,1,"","https://www.tandfonline.com/doi/pdf/10.1080/17450128.2024.2326730",""
1,"Agnė Limantė, Artūras Теrеškinas","Definition of Vulnerable Groups",2022,"European Union and its Neighbours in a Globalized World","Springer International Publishing","http://dx.doi.org/10.1007/978-3-031-06998-7_1","",184,"2024-06-21 14:54:40","book-chapter","10.1007/978-3-031-06998-7_1","2524-8928","",,,3,27,1,0.50,1,2,2,"","https://link.springer.com/content/pdf/10.1007/978-3-031-06998-7_1",""
3,"Nowell Chidakwa, Dipane Joseph Hlalele","The paradox of complex systems: managing multiple vulnerabilities in Zimbabwean rural learning ecologies",2021,"Vulnerable Children and Youth Studies","Informa UK Limited","http://dx.doi.org/10.1080/17450128.2021.1925383","",185,"2024-06-21 14:54:40","journal-article","10.1080/17450128.2021.1925383","1745-0128","",17,3,259,270,3,1.00,2,2,3,"","https://www.tandfonline.com/doi/pdf/10.1080/17450128.2021.1925383",""
0,"Arthur Mason","Arctic Abstractive Industry: Assembling the Valuable and Vulnerable North",2022,"","Berghahn Books","http://dx.doi.org/10.3167/9781800734685","",186,"2024-06-21 14:54:40","book","10.3167/9781800734685","","",,,,,0,0.00,0,1,2,"Through diverse engagements with natural resource extraction and ecological vulnerability in the contemporary Arctic, contributors to this volume apprehend Arctic resource regimes through the concept of abstraction. Abstraction refers to the creation of new material substances and cultural values by detaching parts from existing substances and values. The abstractive process differs from the activity of extractive industries by its focus on the conceptual resources that conceal processes of exploitation associated with extraction. The study of abstraction can thus help us attune to the formal operations that make appropriations of value possible while disclosing the politics of extraction and of its representation.","",""
0,"Benno Zabel","Vulnerable Täter",2021,"JuristenZeitung","Mohr Siebeck","http://dx.doi.org/10.1628/jz-2021-0371","",187,"2024-06-21 14:54:40","journal-article","10.1628/jz-2021-0371","0022-6882","",76,21,1035,1035,0,0.00,0,1,3,"","",""
0,"Afrasiab Ahmed Rana","Protecting the Vulnerable",2023,"SSRN Electronic Journal","Elsevier BV","http://dx.doi.org/10.2139/ssrn.4503160","",188,"2024-06-21 14:54:40","journal-article","10.2139/ssrn.4503160","1556-5068","",,,,,0,0.00,0,1,1,"","",""
0,"","Homo Vulnerabilis",2023,"Being Vulnerable","McGill-Queen's University Press","http://dx.doi.org/10.1515/9780228016298-011","",189,"2024-06-21 14:54:40","book-chapter","10.1515/9780228016298-011","","",,,99,111,0,0.00,0,0,1,"","https://www.degruyter.com/document/doi/10.1515/9780228016298-011/xml",""
0,"","The Police",2023,"Being Vulnerable","McGill-Queen's University Press","http://dx.doi.org/10.1515/9780228016298-009","",190,"2024-06-21 14:54:40","book-chapter","10.1515/9780228016298-009","","",,,75,90,0,0.00,0,0,1,"","https://www.degruyter.com/document/doi/10.1515/9780228016298-009/xml",""
0,"","Table of Contents",2023,"Being Vulnerable","McGill-Queen's University Press","http://dx.doi.org/10.2307/jj.3078922.2","",191,"2024-06-21 14:54:40","book-chapter","10.2307/jj.3078922.2","","",,,,,0,0.00,0,0,1,"","",""
0,"","Indigenous Sovereignties",2023,"Being Vulnerable","McGill-Queen's University Press","http://dx.doi.org/10.1515/9780228016298-014","",192,"2024-06-21 14:54:40","book-chapter","10.1515/9780228016298-014","","",,,147,161,0,0.00,0,0,1,"","https://www.degruyter.com/document/doi/10.1515/9780228016298-014/xml",""
0,"Andrés Buesa","Vulnerable Children",2023,"Embodied VulnerAbilities in Literature and Film","Routledge","http://dx.doi.org/10.4324/9781003435891-5","",193,"2024-06-21 14:54:40","book-chapter","10.4324/9781003435891-5","","",,,63,77,0,0.00,0,1,1,"","",""
0,"","Review for ""Machine learning-directed electrical impedance tomography to predict metabolically vulnerable plaques""",2023,"","Wiley","http://dx.doi.org/10.1002/btm2.10616/v2/review1","",194,"2024-06-21 14:54:40","peer-review","10.1002/btm2.10616/v2/review1","","",,,,,0,0.00,0,0,1,"","",""
0,"","Front Matter",2023,"Being Vulnerable","McGill-Queen's University Press","http://dx.doi.org/10.1515/9780228016298-fm","",195,"2024-06-21 14:54:40","book-chapter","10.1515/9780228016298-fm","","",,,,,0,0.00,0,0,1,"","https://www.degruyter.com/document/doi/10.1515/9780228016298-fm/xml",""
0,"","The Wall",2023,"Being Vulnerable","McGill-Queen's University Press","http://dx.doi.org/10.1515/9780228016298-008","",196,"2024-06-21 14:54:40","book-chapter","10.1515/9780228016298-008","","",,,65,74,0,0.00,0,0,1,"","https://www.degruyter.com/document/doi/10.1515/9780228016298-008/xml",""
0,"Armelle Gouritin","Climate Displacement in Mexico",2022,"","Springer International Publishing","http://dx.doi.org/10.1007/978-3-031-10335-3","",197,"2024-06-21 14:54:40","book","10.1007/978-3-031-10335-3","","",,,,,0,0.00,0,1,2,"","https://link.springer.com/content/pdf/10.1007/978-3-031-10335-3.pdf",""
0,"Netsai Hove","The Provision of Psychosocial Support and Education of Vulnerable Children",2022,"Advances in Psychology, Mental Health, and Behavioral Studies","IGI Global","http://dx.doi.org/10.4018/978-1-7998-8896-3.ch002","",198,"2024-06-21 14:54:40","book-chapter","10.4018/978-1-7998-8896-3.ch002","2475-6660","",,,26,46,0,0.00,0,1,2,"All children require psychosocial services that are provided by several caregivers. Provision of equal educational opportunities for children remains a global challenge despite concerted efforts from organisations such as the United Nations. However, these efforts are continuously undermined by numerous factors such as natural disasters, political instability, civil wars, among others. Admittedly, adverse effects of these factors are mainly felt in underdeveloped or developing countries which are mainly found in Africa. This chapter therefore seeks to show that all children regardless of their social background require a safety net especially under the new era of COVID-19 pandemic. The ecological systems theory will be discussed. Factors that cause vulnerability in Africa, Asia, and other continents will be explored as well. To add more, the South African context on vulnerable children will be explained in detail taking into account factors that place children in vulnerable positions. The last segment of the chapter focuses on solutions and recommendations.","https://www.igi-global.com/viewtitle.aspx?TitleId=298243",""
1,"Janine Penfield Winters","Eligibility for assisted dying: not protection for vulnerable people, but protection for people when they are vulnerable",2021,"Journal of Medical Ethics","BMJ","http://dx.doi.org/10.1136/medethics-2021-107794","",199,"2024-06-21 14:54:40","journal-article","10.1136/medethics-2021-107794","0306-6800","",47,10,672,673,1,0.33,1,1,3,"","https://syndication.highwire.org/content/doi/10.1136/medethics-2021-107794",""
0,"","Hydropoetics: Fluid Fictions",2024,"Vulnerable Earth","Cambridge University Press","http://dx.doi.org/10.1017/9781009496896.004","",200,"2024-06-21 14:54:40","other","10.1017/9781009496896.004","","",,,21,67,0,0.00,0,0,1,"","",""
0,"","References",2023,"Gospel Thrillers","Cambridge University Press","http://dx.doi.org/10.1017/9781009384605.011","",201,"2024-06-21 14:54:40","book-chapter","10.1017/9781009384605.011","","",,,239,257,0,0.00,0,0,1,"","",""
4,"Panayiota Tsatsou","Vulnerable People and Digital Inclusion",2022,"","Springer International Publishing","http://dx.doi.org/10.1007/978-3-030-94122-2","",202,"2024-06-21 14:54:40","book","10.1007/978-3-030-94122-2","","",,,,,4,2.00,4,1,2,"","https://link.springer.com/content/pdf/10.1007/978-3-030-94122-2.pdf",""
0,"Ekaterina Stepanova","Russia",2021,"Transforming the War on Drugs","Oxford University Press","http://dx.doi.org/10.1093/oso/9780197604359.003.0011","",203,"2024-06-21 14:54:40","book-chapter","10.1093/oso/9780197604359.003.0011","","",,,253,294,0,0.00,0,1,3,"<p>Chapter 10 assesses Russia’s position in the International Drug Control Regime. It explains that the country has undergone a shift in its dynamics and patterns of illicitly used drugs, and outlines Russia’s unique circumstances as a major global illicit drug market and the single largest country market for Afghan heroin. The chapter also elaborates on Russia’s composite stance on the liberalization of drug use and a reform or ‘upgrade’ of the International Drug Control Regime. It argues that the shift to heroin dominance in 2000 was the result of two developments: first, the overproduction of opiates and unprecedented increase in Afghanistan’s opiate output in the early twenty-first century; and second, the economic situation in Central Asia, including the growing dependence of the region’s economies and populations on licit and illicit cross-border trade.</p>","",""
0,"Andrew J. Stewart","Usable Security, Economics, and Psychology",2021,"A Vulnerable System","Cornell University Press","http://dx.doi.org/10.7591/cornell/9781501758942.003.0007","",204,"2024-06-21 14:54:40","book-chapter","10.7591/cornell/9781501758942.003.0007","","",,,100,126,0,0.00,0,1,3,"<p>This chapter addresses how the human user of a computer is in a prime position to act in ways that could compromise the security of the entire system. It looks at the harmful technocratic paternalism at the heart of the field of information security. The RAND Corporation and the early researchers had expected that a computer operating system could impose its will on the users of the computer, in effect forcing them to be secure. That philosophy was adopted by those who worked in the field of information security in the subsequent decades and manifested as a revealed preference for technological solutions. However, with the rise of email and the web, the user and their decisions became crucial to the security of the overall system. The possibility that security could be accomplished through technology alone was revealed to be a machine fantasy. The security of a computer is beholden to the whims of the user, and those whims are driven by the chaotic influence of economic motivations and psychological factors.</p>","",""
1,"Kirsten Jæger Fjetland, Anita Gjermestad, Inger Marie Lid","1. Lived citizenship for persons in vulnerable life situations – theories and practices. Introduction",2022,"Lived citizenship for persons in vulnerable life situations","Scandinavian University Press","http://dx.doi.org/10.18261/9788215053790-2022-01","",205,"2024-06-21 14:54:40","other","10.18261/9788215053790-2022-01","","",,,9,28,1,0.50,0,3,2,"","http://www.idunn.no/doi/pdf/10.18261/9788215053790-2022-01",""
0,"","Extinction: After/Lives",2024,"Vulnerable Earth","Cambridge University Press","http://dx.doi.org/10.1017/9781009496896.005","",206,"2024-06-21 14:54:40","other","10.1017/9781009496896.005","","",,,68,120,0,0.00,0,0,1,"","",""
0,"","Association Amal Al Mansour: Supporting vulnerable youth into work every step of the way",2021,"","Oxfam IBIS","http://dx.doi.org/10.21201/2021.7901","",207,"2024-06-21 14:54:40","report","10.21201/2021.7901","","",,,,,0,0.00,0,0,3,"Oxfam’s Youth Participation and Employment (YPE) project helped Hind, a young woman in Morocco, to enter the labour market. Though she is educated, her skills were insufficient to get a job. The Amal Al Mansour Association, a YPE partner, helped her with practical training in developing soft skills and accessing the formal labour market. With support from the Association, she got a job in the retail sector. Her current job is a stepping-stone to achieving her personal and professional goals. She wants to obtain her law degree and find a stable job in line with her qualifications. In the context of the COVID-19 crisis, the number of available jobs has decreased, and it is hard to get a full-time salaried position. Hind is hopeful that the YPE programme can help young people in Morocco through advocating for decent work for vulnerable young people.","",""
0,"Siying Zhu","Review of: ""Crash severity analysis of vulnerable road users using machine learning""",2021,"","Qeios Ltd","http://dx.doi.org/10.32388/iacukp","",208,"2024-06-21 14:54:40","peer-review","10.32388/iacukp","","",,,,,0,0.00,0,1,3,"","https://www.qeios.com/read/IACUKP/pdf",""
0,"Liya Yu","Vulnerable Minds",2022,"","Columbia University Press","http://dx.doi.org/10.7312/yu--20030","",209,"2024-06-21 14:54:40","edited-book","10.7312/yu--20030","","",,,,,0,0.00,0,1,2,"","",""
0,"","A Backward Foreword",2023,"Being Vulnerable","McGill-Queen's University Press","http://dx.doi.org/10.1515/9780228016298-002","",210,"2024-06-21 14:54:40","book-chapter","10.1515/9780228016298-002","","",,,,,0,0.00,0,0,1,"","https://www.degruyter.com/document/doi/10.1515/9780228016298-002/xml",""
0,"","Conclusions",2023,"Gospel Thrillers","Cambridge University Press","http://dx.doi.org/10.1017/9781009384605.009","",211,"2024-06-21 14:54:40","book-chapter","10.1017/9781009384605.009","","",,,232,236,0,0.00,0,0,1,"","",""
0,"Rebecca Tipton","Vulnerable encounters?",2023,"The Routledge Handbook of Public Service Interpreting","Routledge","http://dx.doi.org/10.4324/9780429298202-14","",212,"2024-06-21 14:54:40","book-chapter","10.4324/9780429298202-14","","",,,175,191,0,0.00,0,1,1,"","",""
0,"Tarryn J Roy, Marelize Schoeman","Analysing the applicability of family group conferencing as a youth justice intervention in South Africa",2021,"Vulnerable Children and Youth Studies","Informa UK Limited","http://dx.doi.org/10.1080/17450128.2021.1934619","",213,"2024-06-21 14:54:40","journal-article","10.1080/17450128.2021.1934619","1745-0128","",16,3,245,252,0,0.00,0,2,3,"","https://www.tandfonline.com/doi/pdf/10.1080/17450128.2021.1934619",""
2,"Sinan Aslan","‘Investigation of the relationship between smartphone addiction and social loneliness in high school students’",2022,"Vulnerable Children and Youth Studies","Informa UK Limited","http://dx.doi.org/10.1080/17450128.2022.2079788","",214,"2024-06-21 14:54:40","journal-article","10.1080/17450128.2022.2079788","1745-0128","",18,1,113,123,2,1.00,2,1,2,"","https://www.tandfonline.com/doi/pdf/10.1080/17450128.2022.2079788",""
0,"Joyce Mathwasa, Zoleka Ntshuntshe, Simon G. Taukeni","Psychosocial Support and Education of Vulnerable Children",2022,"Advances in Psychology, Mental Health, and Behavioral Studies","IGI Global","http://dx.doi.org/10.4018/978-1-7998-8896-3.ch001","",215,"2024-06-21 14:54:40","book-chapter","10.4018/978-1-7998-8896-3.ch001","2475-6660","",,,1,25,0,0.00,0,3,2,"As confirmed by organizations such as UNAIDS, UNICEF, NGOs, and various authors, the psychological, social, physical, and emotional turmoil caused by varying degrees of violence, abuse, neglect, abandonment, and bereavement have negatively impacted orphans and vulnerable children's education. However, very few studies have been conducted to document the psychosocial support provided to OVC in public schools. Psychosocial support is rarely available to vulnerable children around the world despite the fact that it is a fundamental right for children who have largely gone unacknowledged. Despite signing the United Nations Convention on the Rights of the Child, many governments pay lip service to them; thus, the purpose of this chapter is to contextualize them. Educational stakeholders must pay close attention and contribute to the provision of inclusive education that meets the needs of all children. This chapter contributes to a better understanding of the difficulties teachers face when providing psychosocial support to OVC as well as interventions to address these difficulties.","https://www.igi-global.com/viewtitle.aspx?TitleId=298242",""
0,"Waleed M. Sweileh","Analysis and mapping of literature on child marriage published in peer-reviewed journals (1983 – 2022)",2023,"Vulnerable Children and Youth Studies","Informa UK Limited","http://dx.doi.org/10.1080/17450128.2023.2278116","",216,"2024-06-21 14:54:40","journal-article","10.1080/17450128.2023.2278116","1745-0128","",19,1,158,171,0,0.00,0,1,1,"","https://www.tandfonline.com/doi/pdf/10.1080/17450128.2023.2278116",""
0,"Susanta Sen, Amit Banerjee, Asif Ali, Namita Chakma","Child marriage among women in West Bengal: pervasiveness, spatial variation and socio-economic connections",2024,"Vulnerable Children and Youth Studies","Informa UK Limited","http://dx.doi.org/10.1080/17450128.2024.2326419","",217,"2024-06-21 14:54:40","journal-article","10.1080/17450128.2024.2326419","1745-0128","",,,1,14,0,0.00,0,4,1,"","https://www.tandfonline.com/doi/pdf/10.1080/17450128.2024.2326419",""
0,"Manrico Sebastiano Manrico Sebastiano","Why are frigatebird chicks so vulnerable to a viral disease?",2021,"","Experiment","http://dx.doi.org/10.18258/19899","",218,"2024-06-21 14:54:40","report","10.18258/19899","","",,,,,0,0.00,0,1,3,"","",""
0,"","Preface",2023,"Gospel Thrillers","Cambridge University Press","http://dx.doi.org/10.1017/9781009384605.001","",219,"2024-06-21 14:54:40","other","10.1017/9781009384605.001","","",,,,,0,0.00,0,0,1,"","",""
0,"","Contents",2023,"Being Vulnerable","McGill-Queen's University Press","http://dx.doi.org/10.1515/9780228016298-toc","",220,"2024-06-21 14:54:40","book-chapter","10.1515/9780228016298-toc","","",,,,,0,0.00,0,0,1,"","https://www.degruyter.com/document/doi/10.1515/9780228016298-toc/xml",""
0,"Benno Böer","Foreword",2024,"Vulnerable Earth","Cambridge University Press","http://dx.doi.org/10.1017/9781009496896.001","",221,"2024-06-21 14:54:40","other","10.1017/9781009496896.001","","",,,,,0,0.00,0,1,1,"","",""
0,"","Engage the Institution",2023,"Being Vulnerable","McGill-Queen's University Press","http://dx.doi.org/10.1515/9780228016298-013","",222,"2024-06-21 14:54:40","book-chapter","10.1515/9780228016298-013","","",,,130,146,0,0.00,0,0,1,"","https://www.degruyter.com/document/doi/10.1515/9780228016298-013/xml",""
0,"","Review for ""Climate change increased extreme monsoon rainfall, flooding highly vulnerable communities in Pakistan""",2023,"","IOP Publishing","http://dx.doi.org/10.1088/2752-5295/acbfd5/v1/review2","",223,"2024-06-21 14:54:40","peer-review","10.1088/2752-5295/acbfd5/v1/review2","","",,,,,0,0.00,0,0,1,"","",""
0,"Carmen Gloria Garrido-Fonseca, René Valdés-Morales, Beatriz Parra-Vásquez","INNOVAR EN UNA ESCUELA VULNERABLE: UNA EXPERIENCIA DE INVESTIGACIÓN-ACCIÓN",2024,"Cadernos de Pesquisa","FapUNIFESP (SciELO)","http://dx.doi.org/10.1590/1980531410358","",224,"2024-06-21 14:54:40","journal-article","10.1590/1980531410358","1980-5314","",54,,,,0,0.00,0,3,1,"Resumen Se presentan los resultados de una investigación cuyo objetivo es contribuir al desarrollo de prácticas pedagógicas innovadoras mediante la instalación de un laboratorio de experimentación pedagógica (LAP) en una escuela vulnerable en Chile. Siguiendo los principios de la investigación-acción, se realizaron 15 actividades formativas sobre prácticas innovadoras y se instaló una sala especializada. En paralelo, se hicieron entrevistas, grupos focales y evaluaciones de proceso. Los resultados muestran: (1) el potencial del cambio pedagógico; (2) nuevas formas de habitar el espacio de clases; (3) la valoración de la experimentación pedagógica. Se concluye que la innovación debe ser un proyecto de escuela y debe promover una perspectiva amplia para entender el aprendizaje.","http://www.scielo.br/scielo.php?script=sci_pdf&pid=S0100-15742024000100601&tlng=es",""
0,"Michael Donaghue-Evans","At risk or remarkably resilient? Childhood vulnerability in governmental justifications of COVID-19 school closures",2023,"Vulnerable Children and Youth Studies","Informa UK Limited","http://dx.doi.org/10.1080/17450128.2023.2292881","",225,"2024-06-21 14:54:40","journal-article","10.1080/17450128.2023.2292881","1745-0128","",19,2,263,272,0,0.00,0,1,1,"","https://www.tandfonline.com/doi/pdf/10.1080/17450128.2023.2292881",""
0,"Andrew J. Stewart","Vulnerability Disclosure, Bounties, and Markets",2021,"A Vulnerable System","Cornell University Press","http://dx.doi.org/10.7591/cornell/9781501758942.003.0008","",226,"2024-06-21 14:54:40","book-chapter","10.7591/cornell/9781501758942.003.0008","","",,,127,151,0,0.00,0,1,3,"<p>This chapter focuses on the obsession with technical security vulnerabilities at the beginning of the twenty-first century. A vulnerability that is not common knowledge and for which no patch has yet been released is referred to as a zero-day vulnerability. The term zero-day refers to the fact that there have been zero-days' advance warning, meaning no days, regarding the risk that the security vulnerability represents. Security technologies such as intrusion detection systems and antivirus software normally try to detect known patterns of attack and so typically would be unlikely to detect the use of a zero-day vulnerability. The chapter then looks at stunt hacking, which was portrayed as a way to draw attention to dangerous vulnerabilities. What went unsaid was that stunt hacking was a means by which hackers and commercial security companies could promote themselves and their technical skill sets.</p>","",""
0,"Abdelhamid Mammeri, Abdul Siddiqui, Yiheng Zhao","VRU-Net: Convolutional Neural Networks-Based Detection of Vulnerable Road Users",2024,"Proceedings of the 10th International Conference on Vehicle Technology and Intelligent Transport Systems","SCITEPRESS - Science and Technology Publications","http://dx.doi.org/10.5220/0012587400003702","",227,"2024-06-21 14:54:40","proceedings-article","10.5220/0012587400003702","","",,,,,0,0.00,0,3,1,"","",""
1,"Viviana Barquero Diaz-Barriga, Ardeth Barnhart","Sustainable Energy Through Design: An Approach to Alleviate Energy Poverty in Vulnerable Communities on the US–Mexico Border Region",2022,"Design for Vulnerable Communities","Springer International Publishing","http://dx.doi.org/10.1007/978-3-030-96866-3_22","",228,"2024-06-21 14:54:40","book-chapter","10.1007/978-3-030-96866-3_22","2365-757X","",,,423,448,1,0.50,1,2,2,"","https://link.springer.com/content/pdf/10.1007/978-3-030-96866-3_22",""
0,"Wilkerson JM","Opioid Misuse Among Sexual and Gender Minorities in Texas: The Most Vulnerable Populations",2021,"Journal of Addiction &amp; Prevention","Avens Publishing Group","http://dx.doi.org/10.13188/2330-2178.1000048","",229,"2024-06-21 14:54:40","journal-article","10.13188/2330-2178.1000048","2330-2178","",9,1,,,0,0.00,0,1,3,"","https://www.avensonline.org/fulltextarticles/JAP-2330-2178-09-0048.html",""
0,"Leonie B. Jackson","A World Without Monsters",2022,"The Monstrous &amp; the Vulnerable","Oxford University Press","http://dx.doi.org/10.1093/oso/9780197647332.003.0007","",230,"2024-06-21 14:54:40","book-chapter","10.1093/oso/9780197647332.003.0007","","",,,177,210,0,0.00,0,1,2,"<p>This chapter considers the consequences of the metaphors, exemplars and depictions used by journalists to frame IS women by exploring the representations of two high-profile ""jihadi brides"": Sally Jones (killed by a drone strike in 2017) and Shamima Begum (whose citizenship was removed in 2019). As ideal types of monstrosity and vulnerability, the media conversation on how to deal with these two women allows us to trace the implications of the social constructions explored in this book and understand how media frames made certain approaches to dealing with these women more or less possible. The chapter argues that the monstrous/vulnerable binary had material consequences for women constructed as ""jihadi brides,"" and that rescue-ability and the capacity to be deradicalized and repatriated depended on these constructions.</p>","",""
0,"","Foucault with Schmitt",2023,"Being Vulnerable","McGill-Queen's University Press","http://dx.doi.org/10.1515/9780228016298-004","",231,"2024-06-21 14:54:40","book-chapter","10.1515/9780228016298-004","","",,,14,27,0,0.00,0,0,1,"","https://www.degruyter.com/document/doi/10.1515/9780228016298-004/xml",""
0,"","Giorgio Agamben’s Civil War",2023,"Being Vulnerable","McGill-Queen's University Press","http://dx.doi.org/10.2307/jj.3078922.7","",232,"2024-06-21 14:54:40","book-chapter","10.2307/jj.3078922.7","","",,,28,38,0,0.00,0,0,1,"","",""
0,"","Vulnerable friend",2022,"Inside Retirement Housing","Bristol University Press","http://dx.doi.org/10.46692/9781447357636.006","",233,"2024-06-21 14:54:40","other","10.46692/9781447357636.006","","",,,53,76,0,0.00,0,0,2,"","",""
11,"Nicole L. Asquith, Isabelle Bartkowiak-Théron","Policing Practices and Vulnerable People",2021,"","Springer International Publishing","http://dx.doi.org/10.1007/978-3-030-62870-3","",234,"2024-06-21 14:54:40","book","10.1007/978-3-030-62870-3","","",,,,,11,3.67,6,2,3,"","https://link.springer.com/content/pdf/10.1007/978-3-030-62870-3.pdf",""
0,"Paula Barba Guerrero","Vulnerable Encounters",2023,"Embodied VulnerAbilities in Literature and Film","Routledge","http://dx.doi.org/10.4324/9781003435891-8","",235,"2024-06-21 14:54:40","book-chapter","10.4324/9781003435891-8","","",,,106,121,0,0.00,0,1,1,"","",""
1,"Alyssa Niccolini","Vulnerable Literacies",2021,"Occasional Paper Series","Bank Street College of Education","http://dx.doi.org/10.58295/2375-3668.1392","",236,"2024-06-21 14:54:40","journal-article","10.58295/2375-3668.1392","2375-3668","",2021,45,,,1,0.33,1,1,3,"","",""
1,"Alifia Puspaningrum, Muhammad Anis Al Hilmi, . Darsih, Muhamad Mustamiin, Maulana Ilham Ginanjar","Vulnerable Source Code Detection Using Sonarcloud Code Analysis",2022,"Proceedings of the 5th International Conference on Applied Science and Technology on Engineering Science","SCITEPRESS - Science and Technology Publications","http://dx.doi.org/10.5220/0011862600003575","",237,"2024-06-21 14:54:40","proceedings-article","10.5220/0011862600003575","","",,,,,1,0.50,0,5,2,"","",""
0,"Debra D. Joseph","&lt;p&gt;Examining the Psychosocial Issues that Impact Female-Headed Households Post-Hurricane Maria in Dominica&lt;/p&gt;",2023,"The Impact of Climate Change on Vulnerable Populations","MDPI","http://dx.doi.org/10.3390/books978-3-0365-5503-4-6","",238,"2024-06-21 14:54:40","book-chapter","10.3390/books978-3-0365-5503-4-6","","",,,,,0,0.00,0,1,1,"","",""
0,"Annica Allvin, Manne Gerell, Torbjørn Skardhamar","Vulnerable areas in Oslo – toward “Swedish conditions”?",2024,"","Center for Open Science","http://dx.doi.org/10.31235/osf.io/kp74x","",239,"2024-06-21 14:54:40","posted-content","10.31235/osf.io/kp74x","","",,,,,0,0.00,0,3,1,"<p>In the past decade, Sweden has experienced a large increase in gang violence, strongly linked to what is termed “vulnerable areas”. This has sparked concerns about vulnerable areas across the Nordic countries. A recurring public debate is how to prevent the occurrence of “Swedish conditions” and its implications for gang violence, and more broadly, ethnic segregation. As a result, there has been an increased emphasis on analyzing the spatial separation of different social groups and geographical patterns of crime.The Danish government annually publishes a list of vulnerable neighborhoods, which included 17 neighborhoods in 2022. Similarly, in Sweden, the police release a biannual list of vulnerable areas, with the most recent edition contains 61 areas. How vulnerable areas are defined and identified differ between and within these countries. Currently, Norway lacks a national strategy for identifying vulnerable areas, but both the City of Oslo and the Oslo police department have recently adopted similar approaches.In this study, we use methods applied in Denmark (Danish government, 2022a) and Sweden (Guldåker et al., 2021) to identify similarly vulnerable areas in Oslo. By doing so, we identify the differences that exist between the two methods and observe that Norway appears to be less segregated. To further build on our understanding of vulnerable neighborhoods, we also analyze differences in crime levels among the identified areas.</p>","",""
0,"Ruben Espinosa","Introduction: Vulnerable bodies",2021,"Shakespeare on the Shades of Racism","Routledge","http://dx.doi.org/10.4324/9780429060618-1","",240,"2024-06-21 14:54:40","book-chapter","10.4324/9780429060618-1","","",,,1,9,0,0.00,0,1,3,"","",""
0,"Wendy Pearlman","Interviewing Vulnerable Populations",2024,"Doing Good Qualitative Research","Oxford University PressNew York","http://dx.doi.org/10.1093/oso/9780197633137.003.0018","",241,"2024-06-21 14:54:40","book-chapter","10.1093/oso/9780197633137.003.0018","","",,,208,221,0,0.00,0,1,1,"Abstract: The term “Vulnerable populations” generally refers to research participants whose diminished autonomy renders them particularly susceptible to coercion, undue influence, mistreatment, or exploitation in research contexts. This chapter examines arguments for the utility of distinguishing this category of research participants, as well as critiques of the concept. It then reviews existing scholarship to derive suggestions for best practices for interviewing vulnerable people. Along the way, it emphasizes the critical value of deep contextual knowledge of researched communities to help researchers understand the circumstances creating vulnerability, recognize signals that participants are susceptible to or experiencing harm, and respond accordingly to make research both ethical and valid. Throughout, the chapter offers examples from my own experience doing interviews with Syrians displaced by war since 2011, as well as with Palestinians in the West Bank and Gaza Strip about their experiences of occupation and violence.","https://academic.oup.com/book/chapter-pdf/57058610/oso-9780197633137-chapter-18.pdf",""
0,"Siddharth Acharya, Adithya Acharya","The Vulnerable Brain",2023,"SSRN Electronic Journal","Elsevier BV","http://dx.doi.org/10.2139/ssrn.4317965","",242,"2024-06-21 14:54:40","journal-article","10.2139/ssrn.4317965","1556-5068","",,,,,0,0.00,0,2,1,"","",""
0,"","Index",2023,"Gospel Thrillers","Cambridge University Press","http://dx.doi.org/10.1017/9781009384605.012","",243,"2024-06-21 14:54:40","book-chapter","10.1017/9781009384605.012","","",,,258,260,0,0.00,0,0,1,"","",""
0,"","Introduction",2023,"Gospel Thrillers","Cambridge University Press","http://dx.doi.org/10.1017/9781009384605.002","",244,"2024-06-21 14:54:40","book-chapter","10.1017/9781009384605.002","","",,,1,11,0,0.00,0,0,1,"","",""
0,"","America the Vulnerable",2022,"Protest at Midnight","African Sun Media","http://dx.doi.org/10.2307/j.ctv2svjxn1.32","",245,"2024-06-21 14:54:40","book-chapter","10.2307/j.ctv2svjxn1.32","","",,,239,246,0,0.00,0,0,2,"","",""
0,"","Increased mental health difficulties in vulnerable children during lockdown – In Conversation with Dolapo Adegboye",2021,"","ACAMH","http://dx.doi.org/10.13056/acamh.15666","",246,"2024-06-21 14:54:40","report","10.13056/acamh.15666","","",,,,,0,0.00,0,0,3,"The third in our JCPP Advances podcast series that focus on the papers and editors featured in the publication is with Dolapo Adegboye, research associate in the Neurodevelopment Assessment Unit (NDAU) at Cardiff University.","",""
1,"Frauke Rostalski","Die vulnerable Gesellschaft",2024,"","Verlag C.H.BECK oHG","http://dx.doi.org/10.17104/9783406814631","",247,"2024-06-21 14:54:40","monograph","10.17104/9783406814631","","",,,,,1,1.00,1,1,1,"","",""
0,"Zhao Jingxin","Vulnerable Children",2023,"The ECPH Encyclopedia of Psychology","Springer Nature Singapore","http://dx.doi.org/10.1007/978-981-99-6000-2_250-1","",248,"2024-06-21 14:54:40","book-chapter","10.1007/978-981-99-6000-2_250-1","","",,,1,1,0,0.00,0,1,1,"","https://link.springer.com/content/pdf/10.1007/978-981-99-6000-2_250-1",""
0,"Michael Blank","Decision letter for ""Introduction to volume 2 – COVID‐19 and vulnerable populations""",2023,"","Wiley","http://dx.doi.org/10.1002/jcop.23072/v1/decision1","",249,"2024-06-21 14:54:40","peer-review","10.1002/jcop.23072/v1/decision1","","",,,,,0,0.00,0,1,1,"","",""
0,"Apostolos Ziakopoulos","Review of: ""Crash severity analysis of vulnerable road users using machine learning""",2021,"","Qeios Ltd","http://dx.doi.org/10.32388/uuik52","",250,"2024-06-21 14:54:40","peer-review","10.32388/uuik52","","",,,,,0,0.00,0,1,3,"","https://www.qeios.com/read/UUIK52/pdf",""
0,"Miriam Borham-Puyal","Vulnerable Motherhood",2023,"Embodied VulnerAbilities in Literature and Film","Routledge","http://dx.doi.org/10.4324/9781003435891-4","",251,"2024-06-21 14:54:40","book-chapter","10.4324/9781003435891-4","","",,,49,62,0,0.00,0,1,1,"","",""
8,"","Incidental catch of vulnerable species in Mediterranean and Black Sea fisheries - A review",2021,"","FAO","http://dx.doi.org/10.4060/cb5405en","",252,"2024-06-21 14:54:40","edited-book","10.4060/cb5405en","","",,,,,8,2.67,0,0,3,"","http://www.fao.org/3/cb5405en/cb5405en.pdf",""
0,"Sofia Anassontzi, Anna L. Christopoulos, John Tsiantis","Parental multiple sclerosis: child-parent and child –peer attachment",2021,"Vulnerable Children and Youth Studies","Informa UK Limited","http://dx.doi.org/10.1080/17450128.2021.2015032","",253,"2024-06-21 14:54:40","journal-article","10.1080/17450128.2021.2015032","1745-0128","",18,1,19,29,0,0.00,0,3,3,"","https://www.tandfonline.com/doi/pdf/10.1080/17450128.2021.2015032",""
0,"Dominic Wood, Sarah Bradshaw, Tara Dickens, Julian Parker-McLeod, Francis Simpson, Graham Weaver","Protecting the Vulnerable from Violence, Abuse, and Neglect",2022,"Blackstone’s Handbook for Policing Students","Oxford University Press","http://dx.doi.org/10.1093/law/9780192872135.003.0013","",254,"2024-06-21 14:54:40","book-chapter","10.1093/law/9780192872135.003.0013","","",,,,,0,0.00,0,6,2,"<p>This chapter focuses on the public protection of vulnerable people subjected to violence, abuse, and neglect. It explores how the police can respond to these situations and describe the procedures and available powers. Since police often encounter vulnerable people in their work, an initial assessment and risk assessment will often be needed to help to establish the most appropriate course of action. Moreover, police must safeguard children under the Children Act 2004, especially when there are concerns for a child's well-being. The chapter looks into the UK's strategy to address modern slavery, which was an umbrella term that includes human trafficking and slavery, servitude, and forced or compulsory labour.</p>","",""
0,"Auschala Chalayonnavin","Increasing self‐esteem for vulnerable young women: A case study of entrepreneurship training for vulnerable young women in Thailand",2023,"British Journal of Special Education","Wiley","http://dx.doi.org/10.1111/1467-8578.12486","",255,"2024-06-21 14:54:40","journal-article","10.1111/1467-8578.12486","0952-3383","",51,1,24,34,0,0.00,0,1,1,"Abstract: Disadvantaged young people who have experienced violence often have low self‐esteem due to the difficult circumstances to which they are exposed. Abuse, bullying and other forms of mistreatment have a permanent impact on their sense of self‐worth, generating negative emotions and self‐protective behaviour in order to shield themselves from further harm. As a result, these young people may struggle to maintain their self‐esteem in the context of the challenges they face. This article aims to explore how training can be used to combat this issue to build self‐esteem among vulnerable young people, through a case study of a training entrepreneurship programme for vulnerable Thai young people residing in a home for girls. Through conducting a 16‐week training programme and follow‐up interviews, the study finds that entrepreneurship training has a positive effect on building self‐esteem. Findings indicate that the young women who participated reported feeling more confident, with better self‐reliance, and more capable of pursuing future endeavours, especially since the training enhances their understanding of long‐term effects and outcomes, including employment and the impact of job creation and sustainable development. Ultimately, the study underlines the importance of entrepreneurship training to build self‐esteem and confidence in young people who are vulnerable and in need of such an opportunity.","",""
2,"Beatriks Novianti Bunga, Juliana Marlin Yusrianty Benu, Indra Yohanes Kiling","Left-behind children in West Timor, Indonesia: a brief report",2021,"Vulnerable Children and Youth Studies","Informa UK Limited","http://dx.doi.org/10.1080/17450128.2021.1956662","",256,"2024-06-21 14:54:40","journal-article","10.1080/17450128.2021.1956662","1745-0128","",17,1,55,60,2,0.67,1,3,3,"","https://www.tandfonline.com/doi/pdf/10.1080/17450128.2021.1956662",""
0,"","Monoclonal antibody treatment may be administered to vulnerable patients at home",2021,"Pharmaceutical Journal","Royal Pharmaceutical Society","http://dx.doi.org/10.1211/pj.2021.1.91585","",257,"2024-06-21 14:54:40","journal-article","10.1211/pj.2021.1.91585","2053-6186","",,,,,0,0.00,0,0,3,"","",""
0,"","Vulnerable Isles?",2023,"Sensing Disaster","University of California Press","http://dx.doi.org/10.2307/j.ctv34t18qw.13","",258,"2024-06-21 14:54:40","book-chapter","10.2307/j.ctv34t18qw.13","","",,,172,184,0,0.00,0,0,1,"","",""
0,"Andrew S. Jacobs","Gospel Thrillers",2023,"","Cambridge University Press","http://dx.doi.org/10.1017/9781009384605","",259,"2024-06-21 14:54:40","monograph","10.1017/9781009384605","","",,,,,0,0.00,0,1,1,"What if the original teachings of Jesus were different from the Bible's sanitized 'orthodox' version? What covert motivations might inspire those who decide what the text of the Bible 'says' or what it 'means'? For some who ask conspiratorial questions like these, the Bible is the vulnerable victim of secular forces seeking to divest the USA of its founding identity. For others, the biblical canon suppresses religious truths that could upend the status quo. Such suspicions surrounding the Bible find full expression in Gospel Thrillers: a 1960s fictional genre that endures and still commands a substantial following. These novels imagine a freshly discovered first-century gospel and a race against time to unlock its buried secrets. They also reflect the fears and desires that the Bible continues to generate. Andrew Jacobs reveals, in his authoritative examination, how this remarkable fictional archive opens a window onto disturbing biblical anxieties.","",""
0,"","Notes",2024,"Significant Emotions","Bloomsbury Publishing Plc","http://dx.doi.org/10.5040/9781350026834.0007","",260,"2024-06-21 14:54:40","other","10.5040/9781350026834.0007","","",,,194,200,0,0.00,0,0,1,"","",""
1,"Mary Doherty","Weaponized heterogeneity only harms the most vulnerable autistic people",2023,"Spectrum","Simons Foundation","http://dx.doi.org/10.53053/wdpz6657","",261,"2024-06-21 14:54:40","journal-article","10.53053/wdpz6657","2770-0976","",,,,,1,1.00,1,1,1,"","",""
0,"Mina Karavanta","“On behalf of vulnerable strangers”",2021,"Liquid Borders","Routledge","http://dx.doi.org/10.4324/9781003142911-29","",262,"2024-06-21 14:54:40","book-chapter","10.4324/9781003142911-29","","",,,303,314,0,0.00,0,1,3,"","",""
1,"Salim Mandal, Pradip Chouhan","How maternal age links to childhood mortality? A brief analysis from NFHS-4 (2015–2016), India",2022,"Vulnerable Children and Youth Studies","Informa UK Limited","http://dx.doi.org/10.1080/17450128.2022.2058136","",263,"2024-06-21 14:54:40","journal-article","10.1080/17450128.2022.2058136","1745-0128","",17,4,368,375,1,0.50,1,2,2,"","https://www.tandfonline.com/doi/pdf/10.1080/17450128.2022.2058136",""
0,"Jessica L. Sheehan, Kira L. Newman, Laura A. Johnson, Shirley Cohen-Mekelburg, Renuka Tipirneni, Peter D. Higgins","Tu1010 SOCIALLY VULNERABLE PATIENTS WITH INFLAMMATORY BOWEL DISEASE HAVE HIGHER HEALTHCARE UTILIZATION THAN NON-VULNERABLE PATIENTS",2023,"Gastroenterology","Elsevier BV","http://dx.doi.org/10.1016/s0016-5085(23)03221-3","",264,"2024-06-21 14:54:40","journal-article","10.1016/s0016-5085(23)03221-3","0016-5085","",164,6,,,0,0.00,0,6,1,"","https://api.elsevier.com/content/article/PII:S0016508523032213",""
0,"","INTRODUCTION:",2021,"The Perfect Vagina","Indiana University Press","http://dx.doi.org/10.2307/j.ctv1h0p5p0.5","",265,"2024-06-21 14:54:40","book-chapter","10.2307/j.ctv1h0p5p0.5","","",,,1,32,0,0.00,0,0,3,"","",""
0,"Sarah Nyanchera Nyakeri, Ebuka Ezeike, Jo Havemann","Vulnerable conversations between scientists",2022,"Access 2 Perspectives","PubPub","http://dx.doi.org/10.21428/51e64700.1dde0a8e","",266,"2024-06-21 14:54:40","journal-article","10.21428/51e64700.1dde0a8e","","",,,,,0,0.00,0,3,2,"","",""
0,"","Editorial: Bold action is vital to support living standards of the most vulnerable",2022,"","Organisation for Economic Co-Operation and Development (OECD)","http://dx.doi.org/10.1787/7d1c379a-en","",267,"2024-06-21 14:54:40","component","10.1787/7d1c379a-en","","",,,,,0,0.00,0,0,2,"","",""
0,"Eliza Louise Brazel","School hearing screenings, a targeted approach for vulnerable communities through multidisciplinary care.",2024,"","ScienceOpen","http://dx.doi.org/10.14293/pr2199.000695.v1","",268,"2024-06-21 14:54:40","posted-content","10.14293/pr2199.000695.v1","","",,,,,0,0.00,0,1,1,"Universal newborn hearing screenings (UNHS) play an essential role in identifying hearing loss present at birth. Children whose hearing loss is progressive, fluctuating or acquired however, are not detected by UNHS, the prevalence of which doubles up until school-entry age. Routine ear health and hearing checks play an essential role in diagnosing and rehabilitating hearing problems, particularly for Aboriginal and Torres Strait Islander families. However, the standard models for population-based school hearing screenings are ubiquitously lacking in data capture, monitoring and follow-up procedures when a hearing loss is identified. The pilot study, Little Ears Big Impact (LEBI), seeks to address these issues by working in collaboration with Wellbeing and Health In-Reach (WHIN) nurses. LEBI takes a targeted approach to school-based hearing screens, by identifying and screening children with hearing, language, behavioural or developmental concerns. The LEBI program, by utilising the WHIN, was able to engage with families in 80% of cases when a hearing loss was identified. Furthermore, unlike other school-based hearing screening programs reported in the literature, the LEBI study achieved up to 93% adherence to referrals, and up to 96% resolution of hearing problems (following intervention) for these identified students. The LEBI pilot program has demonstrated, through a collaborative and targeted approach to hearing screening, an effective means of increasing rates of intervention and resolution of hearing problems for vulnerable students and families.","https://scienceopen.com/hosted-document?doi=10.14293/PR2199.000695.v1",""
0,"","Palestine: Inclusive resilience-building investments for vulnerable farmers, herders and fishers in the Gaza Strip",2023,"","FAO","http://dx.doi.org/10.4060/cc9032en","",269,"2024-06-21 14:54:40","report","10.4060/cc9032en","","",,,,,0,0.00,0,0,1,"","http://www.fao.org/3/cc9032en/cc9032en.pdf",""
0,"Ray Bull, Becky Milne","Training interviewers",2022,"Interviewing Vulnerable Suspects","Routledge","http://dx.doi.org/10.4324/9781003145998-6","",270,"2024-06-21 14:54:40","book-chapter","10.4324/9781003145998-6","","",,,24,33,0,0.00,0,2,2,"","",""
2,"Arthur Mason","Arctic Abstractive Industry",2022,"","Berghahn Books","http://dx.doi.org/10.1515/9781800734692","",271,"2024-06-21 14:54:40","book","10.1515/9781800734692","","",,,,,2,1.00,2,1,2,"","",""
0,"Fubo Zhao, Yiping Wu","Global vulnerable basins suffering social-ecological impacts of water scarcity",2024,"","Copernicus GmbH","http://dx.doi.org/10.5194/egusphere-egu24-2241","",272,"2024-06-21 14:54:40","posted-content","10.5194/egusphere-egu24-2241","","",,,,,0,0.00,0,2,1,"The UN water conference, convened in March 2023, calls for governing water and addressing climate change in tandem to co-achieve related sustainable development goals. However, the actual (water scarcity under current climate conditions) and potential (potential water scarcity under climate change) impacts of water scarcity on social-ecological impacts are rarely assessed. Herein, we developed a framework that integrates water scarcity and climate sensitivity to assess the socio-ecological vulnerability of global basins. We found that basins that already experience water scarcity are exhibit a disproportionate magnitude of climate sensitivity, which exacerbated the challenges associated with water resources management. We identified the vulnerable basins by integrating socio-ecological vulnerability and found that the most vulnerable basins are mainly located in developing countries. Therefore, the urgent international cooperation for reducing vulnerabilities of water scarcity is required. Measures involved in current Integrated Water Resources Management and Climate Change Adaptation may not be enough to alleviate the water crisis and to adapt to climate change in these vulnerable basins. We thus urge policy makers in regions suffering vulnerable water scarcity to integrate both approaches to manage water and climate in tandem and synergistically achieve related sustainable goals.","",""
0,"","Shifting Sands",2023,"Gospel Thrillers","Cambridge University Press","http://dx.doi.org/10.1017/9781009384605.005","",273,"2024-06-21 14:54:40","book-chapter","10.1017/9781009384605.005","","",,,78,116,0,0.00,0,0,1,"","",""
1,"","Overview of mitigation measures to reduce the incidental catch of vulnerable species in fisheries",2021,"","FAO","http://dx.doi.org/10.4060/cb5049en","",274,"2024-06-21 14:54:40","edited-book","10.4060/cb5049en","","",,,,,1,0.33,0,0,3,"","http://www.fao.org/3/cb5049en/cb5049en.pdf",""
0,"","Review for ""Weak links: Advancing target‐based drug discovery by identifying the most vulnerable targets""",2024,"","Wiley","http://dx.doi.org/10.1111/nyas.15139/v1/review1","",275,"2024-06-21 14:54:40","peer-review","10.1111/nyas.15139/v1/review1","","",,,,,0,0.00,0,0,1,"","",""
0,"","Review for ""Weak links: Advancing target‐based drug discovery by identifying the most vulnerable targets""",2024,"","Wiley","http://dx.doi.org/10.1111/nyas.15139/v1/review2","",276,"2024-06-21 14:54:40","peer-review","10.1111/nyas.15139/v1/review2","","",,,,,0,0.00,0,0,1,"","",""
0,"","Fractal Temporality on Vulnerable Foreshores",2021,"Borderwaters","Duke University Press","http://dx.doi.org/10.1215/9781478013204-005","",277,"2024-06-21 14:54:40","book-chapter","10.1215/9781478013204-005","","",,,159,201,0,0.00,0,0,3,"","",""
0,"","Vulnerable Hosts",2024,"Red Book: 2024–2027 Report of the Committee on Infectious Diseases","American Academy of Pediatrics345 Park Blvd, Itasca, IL 60143","http://dx.doi.org/10.1542/9781610027373-s5_001_004","",278,"2024-06-21 14:54:40","book-chapter","10.1542/9781610027373-s5_001_004","","",,,1116,1116,0,0.00,0,0,1,"","https://publications.aap.org/redbook/book/chapter-pdf/1655645/rbo2024_s5_001_004_en.pdf",""
0,"Debra D. Joseph, Roshnie A. Doon","&lt;p&gt;The Impact of Climate Change on Maternal and Child Health in the Caribbean&lt;/p&gt;",2023,"The Impact of Climate Change on Vulnerable Populations","MDPI","http://dx.doi.org/10.3390/books978-3-0365-5503-4-2","",279,"2024-06-21 14:54:40","book-chapter","10.3390/books978-3-0365-5503-4-2","","",,,,,0,0.00,0,2,1,"","",""
0,"Edna G. Rich, Abigail Willemse, Charlene J. Erasmus","The influence of religion or religious beliefs on parenting practices: a systematic review",2024,"Vulnerable Children and Youth Studies","Informa UK Limited","http://dx.doi.org/10.1080/17450128.2024.2330986","",280,"2024-06-21 14:54:40","journal-article","10.1080/17450128.2024.2330986","1745-0128","",19,2,356,371,0,0.00,0,3,1,"","https://www.tandfonline.com/doi/pdf/10.1080/17450128.2024.2330986",""
1,"Anastasiia Timmer, Cathrine Jacobsen","Untangling the ‘health paradox’ among adolescent girls: the role of immigration status, depression, and decision-making",2023,"Vulnerable Children and Youth Studies","Informa UK Limited","http://dx.doi.org/10.1080/17450128.2023.2182931","",281,"2024-06-21 14:54:40","journal-article","10.1080/17450128.2023.2182931","1745-0128","",18,4,632,646,1,1.00,1,2,1,"","https://www.tandfonline.com/doi/pdf/10.1080/17450128.2023.2182931",""
0,"Carlos A. Pérez Ricart","Mexico and Central America",2021,"Transforming the War on Drugs","Oxford University Press","http://dx.doi.org/10.1093/oso/9780197604359.003.0007","",282,"2024-06-21 14:54:40","book-chapter","10.1093/oso/9780197604359.003.0007","","",,,161,188,0,0.00,0,1,3,"<p>Chapter 6 focuses on Mexico and Central America, the major transit zone between cocaine production in South America and the US market. It highlights US influence and soaring violence as factors that determine the region’s position in the international drug policy debate. The chapter argues that, instead of reducing harm in the region, the International Drug Control Regime has triggered collateral damage in Central America that outweighs its success in deterring the illicit production, trafficking, and consumption of drugs. It shows that the negative effects of the International Drug Control Regime are more visible in producer and transit countries because prohibitionist drug policies have transferred a large portion of social and financial costs onto them.</p>","",""
5,"Avijit Roy, Pradip Chouhan","Girl child marriage in Malda district of West Bengal: analysis of prevalence and socio-economic factors",2021,"Vulnerable Children and Youth Studies","Informa UK Limited","http://dx.doi.org/10.1080/17450128.2021.1923878","",283,"2024-06-21 14:54:40","journal-article","10.1080/17450128.2021.1923878","1745-0128","",16,4,293,306,5,1.67,3,2,3,"","https://www.tandfonline.com/doi/pdf/10.1080/17450128.2021.1923878",""
6,"Nicolette Comley-White, Joanne Potterton, Veronica Ntsiea","The perceived challenges of perinatal HIV in adolescents: a qualitative study",2021,"Vulnerable Children and Youth Studies","Informa UK Limited","http://dx.doi.org/10.1080/17450128.2021.1891358","",284,"2024-06-21 14:54:40","journal-article","10.1080/17450128.2021.1891358","1745-0128","",16,4,320,333,6,2.00,2,3,3,"","https://www.tandfonline.com/doi/pdf/10.1080/17450128.2021.1891358",""
0,"Tim Vernimmen","Cultural transmission makes animals flexible, but vulnerable",2022,"Knowable Magazine","Annual Reviews","http://dx.doi.org/10.1146/knowable-072822-1","",285,"2024-06-21 14:54:40","journal-article","10.1146/knowable-072822-1","2575-4459","",,,,,0,0.00,0,1,2,"","",""
0,"","Conclusion",2024,"Significant Emotions","Bloomsbury Publishing Plc","http://dx.doi.org/10.5040/9781350026834.ch-c","",286,"2024-06-21 14:54:40","other","10.5040/9781350026834.ch-c","","",,,189,190,0,0.00,0,0,1,"","",""
0,"","Vulnerable individuals and those lacking capacity",2021,"Forced Marriage Law and Practice","Bloomsbury Professional","http://dx.doi.org/10.5040/9781526515988.chapter-008","",287,"2024-06-21 14:54:40","book-chapter","10.5040/9781526515988.chapter-008","","",,,,,0,0.00,0,0,3,"","",""
0,"","Government advisers recommend further COVID-19 vaccine boosters for vulnerable patients",2023,"Pharmaceutical Journal","Royal Pharmaceutical Society","http://dx.doi.org/10.1211/pj.2023.1.177120","",288,"2024-06-21 14:54:40","journal-article","10.1211/pj.2023.1.177120","2053-6186","",,,,,0,0.00,0,0,1,"","",""
0,"Ernesto Priego","New Comic! “Living with Covid” While Clinically Vulnerable: A Real-Life Story",2022,"","Front Matter","http://dx.doi.org/10.59350/7f519-g2r75","",289,"2024-06-21 14:54:40","posted-content","10.59350/7f519-g2r75","","",,,,,0,0.00,0,1,2,"<p>Announcing our newest comic, ‘”Living with Covid” While Clinically Vulnerable: A Real-Life Story’ is now openly available online.</p>","https://ernestopriego.com/2022/03/08/new-comic-living-with-covid-while-clinically-vulnerable-a-real-life-story",""
0,"","This ‘guardian’ molecule may make women more vulnerable to autoimmune diseases",2024,"AAAS Articles DO Group","American Association for the Advancement of Science (AAAS)","http://dx.doi.org/10.1126/science.zo36t44","",290,"2024-06-21 14:54:40","dataset","10.1126/science.zo36t44","","",,,,,0,0.00,0,0,1,"","",""
0,"","Introduction",2024,"Significant Emotions","Bloomsbury Publishing Plc","http://dx.doi.org/10.5040/9781350026834.ch-i","",291,"2024-06-21 14:54:40","other","10.5040/9781350026834.ch-i","","",,,1,10,0,0.00,0,0,1,"","",""
0,"","Creaturely Texts: Multispecies Encounters",2024,"Vulnerable Earth","Cambridge University Press","http://dx.doi.org/10.1017/9781009496896.006","",292,"2024-06-21 14:54:40","other","10.1017/9781009496896.006","","",,,121,184,0,0.00,0,0,1,"","",""
0,"","C74. DO NOT MISS: SLEEP DISORDERS IN VULNERABLE POPULATIONS",2023,"","American Thoracic Society","http://dx.doi.org/10.1164/ajrccm-conference.2023.c74","",293,"2024-06-21 14:54:40","proceedings","10.1164/ajrccm-conference.2023.c74","","",,,,,0,0.00,0,0,1,"","",""
1,"Lior Glick, Itay Mayrose","Plant pan-genomes are highly vulnerable to methodological considerations",2022,"","Research Square Platform LLC","http://dx.doi.org/10.21203/rs.3.rs-1415605/v1","",294,"2024-06-21 14:54:40","posted-content","10.21203/rs.3.rs-1415605/v1","","",,,,,1,0.50,1,2,2,"Abstract: Pan-genomics is a promising approach for studying the genetic diversity within plant populations. In contrast to common resequencing studies that compare whole genome sequencing data to a single reference genome, the construction of a pan-genome involves the direct comparison of multiple genomes to one another, thereby enabling the detection of nonreference genomic sequences and genes, as well as the analysis of gene content diversity. While multiple studies describing pan-genomes of various plant species have been published in recent years, the effect of the construction methodology is still poorly understood. Here we examine the effect of several key methodological factors on the obtained nonreference gene pool and on gene presence-absence detections by constructing and comparing multiple pan-genomes of","https://www.researchsquare.com/article/rs-1415605/v1",""
0,"","Carl Schmitt Ups the Ante",2023,"Being Vulnerable","McGill-Queen's University Press","http://dx.doi.org/10.2307/jj.3078922.5","",295,"2024-06-21 14:54:40","book-chapter","10.2307/jj.3078922.5","","",,,3,13,0,0.00,0,0,1,"","",""
0,"Patrick Brown","When ‘normal’ people become vulnerable",2021,"On Vulnerability","Routledge","http://dx.doi.org/10.4324/9780429347740-3","",296,"2024-06-21 14:54:40","book-chapter","10.4324/9780429347740-3","","",,,31,49,0,0.00,0,1,3,"","",""
2,"Gulshat Muhametjanova, Gülgün Afacan Adanır","Migrant parents and psychosocial effects of parents’ absence on children left behind in the Kyrgyz Republic",2022,"Vulnerable Children and Youth Studies","Informa UK Limited","http://dx.doi.org/10.1080/17450128.2022.2159099","",297,"2024-06-21 14:54:40","journal-article","10.1080/17450128.2022.2159099","1745-0128","",18,1,10,18,2,1.00,1,2,2,"","https://www.tandfonline.com/doi/pdf/10.1080/17450128.2022.2159099",""
0,"Thomas Gregory","Vulnerable Civilians: Coalition Checkpoints and the Perception of Hostile Intent",2021,"Vulnerability and the Politics of Care","British Academy","http://dx.doi.org/10.5871/bacad/9780197266830.003.0007","",298,"2024-06-21 14:54:40","book-chapter","10.5871/bacad/9780197266830.003.0007","","",,,108,125,0,0.00,0,1,3,"<p>This chapter examines civilian casualties at coalition checkpoints in Afghanistan and Iraq, focusing on the decision to use lethal force against individuals considered to be hostile. Drawing on the testimony of American soldiers, this chapter argues that the decision to use lethal force can be seen as an affective judgement, with soldiers often resorting to ‘muscle memory’ as they sought to identify potential threats amidst the chaos and confusion of war. It will argue that these affective judgements do not occur within a cultural vacuum but are animated and informed by a set of background assumptions that mark certain populations as dangerous, threatening and hostile before they even arrive on the scene. To understand what made civilians so vulnerable to death and injury at coalition checkpoints, it will be necessary to inquire into the affective schemes of intelligibility that render certain lives disposable and certain bodies profoundly injurable in war.</p>","",""
0,"James J. Connolly, Dagney G. Faulk, Emily J. Wornell","Appendix A Working Cities Challenge Initiatives",2022,"Vulnerable Communities","Cornell University Press","http://dx.doi.org/10.7591/cornell/9781501761324.005.0001","",299,"2024-06-21 14:54:40","book-chapter","10.7591/cornell/9781501761324.005.0001","","",,,251,254,0,0.00,0,3,2,"","",""
0,"Leonie B. Jackson","Bad Mothers and Gender Traitors",2022,"The Monstrous &amp; the Vulnerable","Oxford University Press","http://dx.doi.org/10.1093/oso/9780197647332.003.0006","",300,"2024-06-21 14:54:40","book-chapter","10.1093/oso/9780197647332.003.0006","","",,,145,176,0,0.00,0,1,2,"<p>This chapter considers the depiction of the monstrous woman in newspaper discourse about ""jihadi brides"" through two narratives of deviant femininity: the monstrous mother and the gender traitor. While the monstrous mother was understood to have abandoned her maternal life-sustaining role and sacrificed her children to jihadism, the gender traitor was seen to have exploited her femininity to befriend, manipulate and procure young women for IS. Through monster talk, these women were represented as profoundly transgressing gendered expectations by instrumentalizing their children, upholding IS patriarchy and subverting the sanctity of the home by reproducing jihadist ideology in the ungovernable private sphere. These depictions served to project well-established horror narratives onto the ""jihadi brides,"" representing them as an evil presence that lurked threateningly on the borders between civilization and barbarism.</p>","",""
0,"","Creaturely Texts: Multispecies Encounters",2024,"Vulnerable Earth","Cambridge University Press","http://dx.doi.org/10.1017/9781009496896.006","",301,"2024-06-21 14:54:40","other","10.1017/9781009496896.006","","",,,121,184,0,0.00,0,0,1,"","",""
0,"Francisco Gomes-Pereira","Balance sheet expansionary policies in the euro area: Macroeconomic impacts and a vulnerable versus non-vulnerable comparison",2024,"The Journal of Economic Asymmetries","Elsevier BV","http://dx.doi.org/10.1016/j.jeca.2024.e00366","",302,"2024-06-21 14:54:40","journal-article","10.1016/j.jeca.2024.e00366","1703-4949","",30,,,,0,0.00,0,1,1,"","https://api.elsevier.com/content/article/PII:S170349492400015X",""
0,"Carlos Laranjeira, Ana Querido","Mental Health Promotion and Illness Prevention in Vulnerable Populations",2024,"","MDPI","http://dx.doi.org/10.3390/books978-3-7258-0621-8","",303,"2024-06-21 14:54:40","book","10.3390/books978-3-7258-0621-8","","",,,,,0,0.00,0,2,1,"","",""
0,"Shawan Chowdhury","Threatened species could be more vulnerable to climate change in tropical countries",2022,"","Authorea, Inc.","http://dx.doi.org/10.22541/au.165364576.66278153/v1","",304,"2024-06-21 14:54:40","posted-content","10.22541/au.165364576.66278153/v1","","",,,,,0,0.00,0,1,2,"Insects are the most speciose group of animals and play a central role in ecosystem processes and functioning, yet they are often overlooked in conservation studies. Many studies have reported a dramatic decline of insects globally, where climate change is considered a profound threat; however, how climate change is impacting tropical insects is largely unknown, given most studies are from the temperate region. Here, by considering Bangladeshi butterflies as a case study, I developed climatic suitability maps for 242 species and compared the suitability under current and future (2081-2100) climatic conditions. Overall, the projected future climate could impact 241 of 242 butterfly species (except for Spindasis elima), where 42% species could experience range contraction. Alarmingly, the impact could be significantly more severe among threatened species. While the direction of shift in habitat suitability could be multidimensional, about 65% of species might move north. While the suitability range could expand for about 58%, most threatened species (58%) could experience range contraction. The mean elevation of the suitable habitat could increase by 238%, and again the situation could be more severe for the threatened butterflies (from 42m to 108m). The niche-overlap analysis indicates that about 54% of the realised niche could be altered. Although there might be no significant association between the shift in habitat suitability along the elevational gradient, migratory species could experience a more significant shift than non-migrants. I show that climate change could have a severe impact on Bangladeshi butterflies – depending on Socio-Economic Pathways (ssps), the future climatic condition could be unsuitable for 2 (ssp126) – 34% (ssp585) species. To mitigate insect decline globally, and therefore, to meet the Post 2020 Biodiversity Framework targets, I urge immediate detection of climate change impact on tropical insects and developing effective conservation strategies.","",""
0,"Arthur W. Frank","Vulnerable Reading",2022,"King Lear","Oxford University PressOxford","http://dx.doi.org/10.1093/oso/9780192846723.003.0001","",305,"2024-06-21 14:54:40","book-chapter","10.1093/oso/9780192846723.003.0001","","",,,1,14,0,0.00,0,1,2,"Abstract: The author tells a story about his life at one of its lowest points. In that moment, a biblical story came to him. This old story reflected his present troubles and brought him solace. That experience becomes the model for vulnerable reading: reading from the perspective of someone who needs help and looks to literature as a resource for confronting what seems overwhelming. The vulnerable reader is complementary to the author’s earlier trope of the wounded storyteller, someone who needs to tell their own story of suffering but finds it difficult to do so. The vulnerable reader, in order to tell her story, needs stories not her own. The author describes how Shakespeare came into his life and why he chose King Lear to exemplify vulnerable reading. Vulnerable reading involves a risk of narcissism. Against this risk, reading seeks to hear characters talking back, saying what was unexpected.","https://academic.oup.com/book/chapter-pdf/58047524/oso-9780192846723-chapter-1.pdf",""
0,"","Informality in the Dominican Republic is high and affects the most vulnerable households",2022,"","Organisation for Economic Co-Operation and Development (OECD)","http://dx.doi.org/10.1787/4d738e07-en","",306,"2024-06-21 14:54:40","component","10.1787/4d738e07-en","","",,,,,0,0.00,0,0,2,"","",""
0,"J Bharathi, S Nandhini","Vulnerable Server under Bernoulli Vacation and Non-Persistent Customer",2023,"","Research Square Platform LLC","http://dx.doi.org/10.21203/rs.3.rs-3162859/v1","",307,"2024-06-21 14:54:40","posted-content","10.21203/rs.3.rs-3162859/v1","","",,,,,0,0.00,0,2,1,"Abstract: In this study, computing on the cloud is important to current technologies. CC (Cloud Computing) significantly emphasizes task scheduling as one of its most critical components, we examine an","https://www.researchsquare.com/article/rs-3162859/v1",""
0,"","Giorgio Agamben’s Civil War",2023,"Being Vulnerable","McGill-Queen's University Press","http://dx.doi.org/10.1515/9780228016298-005","",308,"2024-06-21 14:54:40","book-chapter","10.1515/9780228016298-005","","",,,28,38,0,0.00,0,0,1,"","https://www.degruyter.com/document/doi/10.1515/9780228016298-005/xml",""
0,"Hilaire Barnett","Protecting vulnerable children",2021,"Children's Rights and the Law","Routledge","http://dx.doi.org/10.4324/9780429452710-6","",309,"2024-06-21 14:54:40","book-chapter","10.4324/9780429452710-6","","",,,157,187,0,0.00,0,1,3,"","",""
0,"","The Novels",2023,"Gospel Thrillers","Cambridge University Press","http://dx.doi.org/10.1017/9781009384605.010","",310,"2024-06-21 14:54:40","other","10.1017/9781009384605.010","","",,,237,238,0,0.00,0,0,1,"","",""
0,"","Knowledge Brokers",2023,"Gospel Thrillers","Cambridge University Press","http://dx.doi.org/10.1017/9781009384605.007","",311,"2024-06-21 14:54:40","book-chapter","10.1017/9781009384605.007","","",,,154,188,0,0.00,0,0,1,"","",""
0,"","Arduous trip through Amazon brings COVID-19 vaccines to vulnerable groups",2021,"AAAS Articles DO Group","American Association for the Advancement of Science (AAAS)","http://dx.doi.org/10.1126/science.acz9905","",312,"2024-06-21 14:54:40","dataset","10.1126/science.acz9905","","",,,,,0,0.00,0,0,3,"","",""
0,"Theodora Gazi","Who are we calling vulnerable in EU aid projects?",2021,"Academia Letters","Academia.edu","http://dx.doi.org/10.20935/al1521","",313,"2024-06-21 14:54:40","journal-article","10.20935/al1521","2771-9359","",,,,,0,0.00,0,1,3,"","https://www.academia.edu/49905395/Who_are_we_calling_vulnerable_in_EU_aid_projects",""
0,"","Academic Thrillers",2023,"Gospel Thrillers","Cambridge University Press","http://dx.doi.org/10.1017/9781009384605.008","",314,"2024-06-21 14:54:40","book-chapter","10.1017/9781009384605.008","","",,,189,231,0,0.00,0,0,1,"","",""
0,"Ashley Frawley","Significant Emotions",2024,"","Bloomsbury Publishing Plc","http://dx.doi.org/10.5040/9781350026834","",315,"2024-06-21 14:54:40","book","10.5040/9781350026834","","",,,,,0,0.00,0,1,1,"<JATS1:p>Significant Emotions is a piercing examination of the rising use of emotional signifiers in public debate and the rhetoric of an increasingly expansive array of social problems. Building on ideas developed in Ashley Frawley’s previous book, Semiotics of Happiness, it examines in detail the ‘emotional turn’ across the social sciences and the broader cultural rise of the ‘age of emotion’ and its influence on how we talk about and approach new social issues.</JATS1:p> <JATS1:p>The book explores the rise of signifiers that have previously gained prominence as powerful explanations of nearly every social ill—from self-esteem, happiness, well-being, resilience and love to rage, stress, and trauma. Conceptualising the rise and comparative decline of various emotional signifiers as cycles of discovery, adoption, expansion and exhaustion, the book argues that rather than calling into question one or another of these signifiers, it is necessary to penetrate deeper to the underlying cultural currents that drive their adoption and contribute to their rhetorical power.</JATS1:p> <JATS1:p>Through a systematic and in-depth exploration of the appearance of these trends in a variety of claims-making activities across academia, traditional and social media and social policy, Frawley argues that the ‘age of emotion’ does not represent a step toward a more enlightened and emotionally aware society. Rather, it signifies a preoccupation with emotional deficits and a firm belief that emotional disorientation ultimately underlies nearly every social ill. Emerging from the analysis is the conclusion that emotions have become key signifiers of broader cultural tendencies to affirm conservatism over progress, vulnerability over resilience, and the determined self over the free willing subject.</JATS1:p>","",""
0,"","Overruling scientists, Florida commission authorizes fishing of the vulnerable goliath grouper",2021,"AAAS Articles DO Group","American Association for the Advancement of Science (AAAS)","http://dx.doi.org/10.1126/science.acx9355","",316,"2024-06-21 14:54:40","dataset","10.1126/science.acx9355","","",,,,,0,0.00,0,0,3,"","",""
0,"","The most vulnerable respondents are those more sceptical about opportunities to voice their views",2023,"","Organisation for Economic Co-Operation and Development (OECD)","http://dx.doi.org/10.1787/1e752dd1-en","",317,"2024-06-21 14:54:40","component","10.1787/1e752dd1-en","","",,,,,0,0.00,0,0,1,"","",""
0,"","Trusts for disabled persons and vulnerable beneficiaries",2021,"Trusts and Estates 2021/22","Bloomsbury Professional","http://dx.doi.org/10.5040/9781526518545.chapter-007","",318,"2024-06-21 14:54:40","book-chapter","10.5040/9781526518545.chapter-007","","",,,,,0,0.00,0,0,3,"","",""
0,"Carole Cox, Tina Maschi","Human Rights and Social Justice",2022,"","Routledge","http://dx.doi.org/10.4324/9781003111269","",319,"2024-06-21 14:54:40","book","10.4324/9781003111269","","",,,,,0,0.00,0,2,2,"","",""
0,"Hannah Wishart, Colleen M. Berryessa","Neurolaw in the Courtroom",2023,"","Routledge","http://dx.doi.org/10.4324/9781003331056","",320,"2024-06-21 14:54:40","book","10.4324/9781003331056","","",,,,,0,0.00,0,2,1,"","",""
0,"Atena Ştefania Feraru","Weak States, Vulnerable Governments, and Regional Cooperation",2021,"","Routledge","http://dx.doi.org/10.4324/9781351015073","",321,"2024-06-21 14:54:40","monograph","10.4324/9781351015073","","",,,,,0,0.00,0,1,3,"","",""
0,"","Vulnerable Witnesses in Family Proceedings",2022,"A Practical Guide to Family Proceedings","Bloomsbury Publishing Plc","http://dx.doi.org/10.5040/9781526524348.ch-028","",322,"2024-06-21 14:54:40","other","10.5040/9781526524348.ch-028","","",,,301,316,0,0.00,0,0,2,"","",""
1,"David C. Rotzinger, Salah D. Qanadli, Guillaume Fahrni","Imaging the Vulnerable Carotid Plaque with CT: Caveats to Consider. Comment on Wang et al. Identification Markers of Carotid Vulnerable Plaques: An Update. Biomolecules 2022, 12, 1192",2023,"Biomolecules","MDPI AG","http://dx.doi.org/10.3390/biom13020397","",323,"2024-06-21 14:54:40","journal-article","10.3390/biom13020397","2218-273X","",13,2,397,397,1,1.00,0,3,1,"We read with great interest the review by Wang et al. entitled “Identification Markers of Carotid Vulnerable Plaques: An Update”, recently published in Biomolecules [...]","https://www.mdpi.com/2218-273X/13/2/397/pdf",""
0,"Philip Robins","The Crescent Three States",2021,"Transforming the War on Drugs","Oxford University Press","http://dx.doi.org/10.1093/oso/9780197604359.003.0009","",324,"2024-06-21 14:54:40","book-chapter","10.1093/oso/9780197604359.003.0009","","",,,207,228,0,0.00,0,1,3,"<p>Chapter 8 discusses the International Drug Control Regime in Pakistan, Afghanistan, and Iran where, toward the end of the twentieth century, the illicit use of drugs started to spread widely. The chapter argues that, despite the centrality of Afghanistan to the world’s opiate market, it is only since 1979 and the Soviet invasion that it has had to confront multiple drug-related policy issues. Consequently, Afghanistan remains comparatively inexperienced in implementing drug policies. It shows that, as is the case with other countries coming to the International Drug Control Regime challenge relatively late, the Crescent states rely much more on hard power than soft power solutions. The countries’ assertions of national preoccupations in areas like judicial conduct reflect the region’s highly distinct set of social mores and cultural values.</p>","",""
0,"Louise Freeland, Sadiyya Haffejee, Elijah Getanda, Linda Theron, Panos Vostanis","Children’s perspectives of psychosocial help-seeking in Kenya",2022,"Vulnerable Children and Youth Studies","Informa UK Limited","http://dx.doi.org/10.1080/17450128.2022.2124338","",325,"2024-06-21 14:54:40","journal-article","10.1080/17450128.2022.2124338","1745-0128","",18,2,207,217,0,0.00,0,5,2,"","https://www.tandfonline.com/doi/pdf/10.1080/17450128.2022.2124338",""
4,"Heqian Wang, Jiayi Zhang, Ke Zhou","On pricing of vulnerable barrier options and vulnerable double barrier options",2022,"Finance Research Letters","Elsevier BV","http://dx.doi.org/10.1016/j.frl.2021.102100","",326,"2024-06-21 14:54:40","journal-article","10.1016/j.frl.2021.102100","1544-6123","",44,,102100,102100,4,2.00,1,3,2,"","https://api.elsevier.com/content/article/PII:S1544612321001811",""
0,"Andrew J. Stewart","The Wicked Nature of Information Security",2021,"A Vulnerable System","Cornell University Press","http://dx.doi.org/10.7591/cornell/9781501758942.003.0010","",327,"2024-06-21 14:54:40","book-chapter","10.7591/cornell/9781501758942.003.0010","","",,,176,199,0,0.00,0,1,3,"<p>This chapter studies the wicked nature of information security. It has always been unlikely that there will be a breakthrough in any one specific area of information security that will solve the problems that exist across the entirety of the field. An alternative approach has been to step outside the field of information security and examine information security problems from the perspective of other fields. The security of every computer system depends on a myriad of factors, including the technologies that are employed, the incentives of the users, and the environment in which those technologies and users reside. This means that there is a limit to how much each discipline within the field of information security can contribute to improving the security of any system, whether it be software security, network security, user education, passwords, or cryptography.</p>","",""
0,"Anissa Rizkianti, Diah Puspita Sari","Child marriage and its impact on reproductive health and rights of girls in Indonesia",2024,"Vulnerable Children and Youth Studies","Informa UK Limited","http://dx.doi.org/10.1080/17450128.2024.2361921","",328,"2024-06-21 14:54:40","journal-article","10.1080/17450128.2024.2361921","1745-0128","",,,1,10,0,0.00,0,2,1,"","https://www.tandfonline.com/doi/pdf/10.1080/17450128.2024.2361921",""
0,"Leonie B. Jackson","Natural and Supernatural Forces",2022,"The Monstrous &amp; the Vulnerable","Oxford University Press","http://dx.doi.org/10.1093/oso/9780197647332.003.0003","",329,"2024-06-21 14:54:40","book-chapter","10.1093/oso/9780197647332.003.0003","","",,,51,82,0,0.00,0,1,2,"<p>This chapter considers the role of metaphor in news reporting about terrorism and shows how metaphors of natural forces, animals and the supernatural were used to represent the Islamic State group in general and the ""jihadi brides"" in particular. All these metaphors had two things in common: they dehumanized the women in question, and they constructed the ""jihadi brides"" as a grave threat that required urgent intervention. By importing knowledge about these domains, metaphors enabled the establishment of particular perceptions about these women. At the same time they pointed to how the problem of the ""jihadi brides"" should be evaluated and managed, opening up and closing down possibilities for action and making some strategies of management appear natural while others were made to appear absurd.</p>","",""
0,"Biljana Radić-Bojanić, Valentina Sokolovska","Challenges in Researching Endangered and Vulnerable Languages in Serbia within the Project “Vulnerable Languages and Linguistic Varieties in Serbia”: Methodological and Ethical Issues",2024,"Etnoantropološki problemi / Issues in Ethnology and Anthropology","University of Belgrade - Faculty of Philosophy - Department of Ethnology and Anthropology","http://dx.doi.org/10.21301/eap.v19i1.12","",330,"2024-06-21 14:54:40","journal-article","10.21301/eap.v19i1.12","2334-8801","",19,1,,,0,0.00,0,2,1,"In the paper we define, elaborate and illustrate what language documentation is, firstly by focusing on the global context where the large number of vanishing languages warrants such an approach in applied linguistics, and then by narrowing our scope to the local context of the Republic of Serbia, which itself has a certain number of endangered and vulnerable languages and language varieties. Indicating the discrepancy between official records found in world catalogues and databases (UNESCO’s Atlas of the World’s Languages in Danger, Ethnologue,  and The Catalogue of Endangered Languages (ELCat)) and the situation in the field as described by researchers familiar with the local context, we investigate the experiences of a team of researchers currently working on documenting Aromanian, Banat Bulgarian, Vojvodina Rusyn (Ruthenian), Judezmo (Ladino), Romani (Gurbet and Arli varieties), Megleno-Romanian and Romanian (Bayash and Vlach varieties) as endangered and vulnerable languages and language varieties in Serbia. Using interviews as a method for collecting data, conveying the researchers’ experiences in the field and their ways of dealing with various issues that come up in the process of language documentation, we have singled out two broad fields of topics. The first one tackles methodological challenges encountered prior and during field work, whereas the second focuses on ethical issues that necessarily must be resolved due to the participation of human subjects. In terms of the first group of topics, we have focused on research design (considerations involved in the project preparation), sampling (usually relying on researchers’ previous experiences more than on official records), personal involvement (often inevitable, but researchers do present strategies that help them maintain objectivity), and establishing first contact and recruiting informants (which also relies on previous work in the community). As for the second group of topics, that concerns ethical issue, the researchers have discussed the ways of getting informants’ consent for research and how they explain the importance of language documentation for that particular community and its members. Additionally, it addresses the issue of compensation that sometimes occurs, where informants expect either material or other kind of reward for helping out the research team. The paper also discusses how researchers deal with various sensitive topics that may range from personal issues to political opinions, and finally, the ethical responsibility that the researchers have towards the community they are studying in terms of giving something back and providing a sustainable relationship towards the language in question. We conclude by positioning the process of language documentation in the wider field of social studies, indicating its importance not only for sociolinguistics but also for the sociology of language, sociology of ethnicity and other related disciplines.","http://eap-iea.org/index.php/eap/article/download/1236/1156",""
0,"","Dimension IV: Protection of Vulnerable Versions",2021,"Constraints and Creativity","Cambridge University Press","http://dx.doi.org/10.1017/9781108884617.009","",331,"2024-06-21 14:54:40","book-chapter","10.1017/9781108884617.009","","",,,165,206,0,0.00,0,0,3,"","https://www.cambridge.org/core/services/aop-cambridge-core/content/view/843CB2166D305AEF77EC138E11521F6D",""
0,"Alexandrea J. Ravenelle","Side Hustle Safety Net",2023,"","University of California Press","http://dx.doi.org/10.2307/jj.5864811","",332,"2024-06-21 14:54:40","monograph","10.2307/jj.5864811","","",,,,,0,0.00,0,1,1,"","",""
0,"","Vulnerable friend",2022,"Inside Retirement Housing","Policy Press","http://dx.doi.org/10.2307/j.ctv310vjds.10","",333,"2024-06-21 14:54:40","book-chapter","10.2307/j.ctv310vjds.10","","",,,53,76,0,0.00,0,0,2,"","",""
0,"Brian Young","Marketing to Vulnerable Consumers",2021,"The SAGE Handbook of Marketing Ethics","SAGE Publications Ltd","http://dx.doi.org/10.4135/9781529739725.n8","",334,"2024-06-21 14:54:40","book-chapter","10.4135/9781529739725.n8","","",,,125,135,0,0.00,0,1,3,"","",""
0,"","Introduction",2021,"Access to Justice for Vulnerable and Energy-Poor Consumers","Hart Publishing","http://dx.doi.org/10.5040/9781509939466.0008","",335,"2024-06-21 14:54:40","book-chapter","10.5040/9781509939466.0008","","",,,,,0,0.00,0,0,3,"","",""
0,"Hope Martinez","The Effect of Incarceration on Political Beliefs for Vulnerable Populations",2024,"","Cambridge University Press (CUP)","http://dx.doi.org/10.33774/apsa-2024-43rg9","",336,"2024-06-21 14:54:40","posted-content","10.33774/apsa-2024-43rg9","","",,,,,0,0.00,0,1,1,"In an era of mass incarceration and increased polarization of prison reform, I explore the interrelated question: if incarceration affects political beliefs, and, if so, for whom are these effects strongest? I use data from over 5,000 inmate responses to a survey collected from jails and prisons across the United States in 2020 by the Marshall Project. My results demonstrate that incarceration significantly affects political beliefs of currently incarcerated people and the most vulnerable demographics imprisoned — women and people of color — experiencing an increased change in political beliefs compared to men and white counterparts.","https://preprints.apsanet.org/engage/api-gateway/apsa/assets/orp/resource/item/65a5b545e9ebbb4db93dc5fc/original/the-effect-of-incarceration-on-political-beliefs-for-vulnerable-populations.pdf",""
0,"","Texts and Sects",2023,"Gospel Thrillers","Cambridge University Press","http://dx.doi.org/10.1017/9781009384605.006","",337,"2024-06-21 14:54:40","book-chapter","10.1017/9781009384605.006","","",,,117,153,0,0.00,0,0,1,"","",""
2,"Wendy Karamba","Improving Access to Jobs for the Poor and Vulnerable in Somalia",2021,"","World Bank","http://dx.doi.org/10.1596/34983","",338,"2024-06-21 14:54:40","monograph","10.1596/34983","","",,,,,2,0.67,2,1,3,"","",""
0,"Gemma Houldey","Wellbeing",2021,"The Vulnerable Humanitarian","Routledge","http://dx.doi.org/10.4324/9781003032427-5","",339,"2024-06-21 14:54:40","book-chapter","10.4324/9781003032427-5","","",,,74,91,0,0.00,0,1,3,"","",""
0,"Victor Jeleniewski Seidler","Covid-19: Afterthoughts",2024,"Covid-19 and Global Inequalities","Routledge","http://dx.doi.org/10.4324/9781003296874-14","",340,"2024-06-21 14:54:40","book-chapter","10.4324/9781003296874-14","","",,,225,236,0,0.00,0,1,1,"","",""
6,"Indra Yohanes Kiling, Marleny Panis, Theodora Takalapeta, Shela Ch. Pello, Beatriks Novianti Bunga","A photovoice study on Indonesian youth’s experience in the ‘new normal’ era",2021,"Vulnerable Children and Youth Studies","Informa UK Limited","http://dx.doi.org/10.1080/17450128.2021.1904527","",341,"2024-06-21 14:54:40","journal-article","10.1080/17450128.2021.1904527","1745-0128","",17,1,61,71,6,2.00,1,5,3,"","https://www.tandfonline.com/doi/pdf/10.1080/17450128.2021.1904527",""
0,"Elena Mitevska, Priyanka Gill, Monty Ghosh","Homelessness and Vaccination Strategies: Problems and Potential Solutions to Vaccinate Vulnerable Populations",2023,"Oxford Research Encyclopedia of Global Public Health","Oxford University Press","http://dx.doi.org/10.1093/acrefore/9780190632366.013.392","",342,"2024-06-21 14:54:40","reference-entry","10.1093/acrefore/9780190632366.013.392","","",,,,,0,0.00,0,3,1,"<p>People experiencing homelessness (PEH) are at a higher risk of vaccine-preventable illnesses. They have higher rates of chronic illnesses that predispose them to communicable diseases, and this is compounded by poor access to sanitation. While vaccination is especially important in PEH, they tend to have lower rates of vaccine uptake compared to the general population. Factors impacting this discrepancy include difficulty accessing vaccines and public health programs, lack of access to primary care services, and distrust of the health care system. Despite this, there is evidence to suggest that many PEH are accepting of vaccinations and are willing to get vaccinated provided the right approach and interactions. Understanding client-specific barriers along with education and counseling are key to improving vaccine uptake in PEH, and programs targeted specifically at PEH can improve vaccine uptake and ultimately the health of PEH.</p>","",""
0,"Shafia Azam, Uzma Imtiaz, Dure Najaf","&lt;p&gt;Conserve What Our Children Deserve: Environmental Hazards and Their Impacts on the Inhabitants of Rawalpindi, Pakistan&lt;/p&gt;",2023,"The Impact of Climate Change on Vulnerable Populations","MDPI","http://dx.doi.org/10.3390/books978-3-0365-5503-4-3","",343,"2024-06-21 14:54:40","book-chapter","10.3390/books978-3-0365-5503-4-3","","",,,,,0,0.00,0,3,1,"","",""
0,"","Correction: Effects of the COVID-19 pandemic on the mental health of clinically extremely vulnerable children and children living with clinically extremely vulnerable people in Wales: a data linkage study",2023,"BMJ Open","BMJ","http://dx.doi.org/10.1136/bmjopen-2022-067882corr1","",344,"2024-06-21 14:54:40","journal-article","10.1136/bmjopen-2022-067882corr1","2044-6055","",13,6,,,0,0.00,0,0,1,"","https://syndication.highwire.org/content/doi/10.1136/bmjopen-2022-067882corr1",""
3,"Julia Brasileiro, Laura Widman, Sunshine Spiva, Kate Norwalk","Identifying gaps in training on sexual health for caregivers of adolescents in foster care",2021,"Vulnerable Children and Youth Studies","Informa UK Limited","http://dx.doi.org/10.1080/17450128.2021.1975859","",345,"2024-06-21 14:54:40","journal-article","10.1080/17450128.2021.1975859","1745-0128","",17,2,119,129,3,1.00,1,4,3,"","https://www.tandfonline.com/doi/pdf/10.1080/17450128.2021.1975859",""
2,"Yiqing He, Yuanrong Li","An investigation of anxiety and depression among Chinese primary school students after the resumption of school post-COVID-19",2021,"Vulnerable Children and Youth Studies","Informa UK Limited","http://dx.doi.org/10.1080/17450128.2021.1985198","",346,"2024-06-21 14:54:40","journal-article","10.1080/17450128.2021.1985198","1745-0128","",17,3,232,247,2,0.67,1,2,3,"","https://www.tandfonline.com/doi/pdf/10.1080/17450128.2021.1985198",""
0,"Rejoice Makaudze, Eliot Tofa, Tichavona Mushonga","5 - Beyond Poverty: Why are Some Children more Vulnerable to Commercial Sexual Exploitation than Others?",2024,"Africa Development","CODESRIA - Council for the Development of Social Science Research in Africa","http://dx.doi.org/10.57054/ad.v48i3.5319","",347,"2024-06-21 14:54:40","journal-article","10.57054/ad.v48i3.5319","0850-3907","",48,3,,,0,0.00,0,3,1,"The commercial sexual exploitation of children (CSEC) is a conscience- wrenching problem that has become a pandemic feature of Zimbabwean society. Studies on CSEC have invested significant attention on identifying the factors that cause and perpetuate CSEC. There is a general consensus among studies that poverty is the main cause of CSEC. However, it is argued in this study that while the singular, dominant and generalised narrative that poverty is the main cause of CSEC is helpful, its deficiency is that it does not explain why some children are more vulnerable to CSEC than others. In order to address this question, this study examines how individual, family and societal risk factors cumulate in peculiar ways to make some children more vulnerable to CSE than others.","https://journals.codesria.org/index.php/ad/article/download/5319/5734",""
0,"Susanti Niman, Mustikasari, Novy Helena Daulima, Dewi Gayatri, Timothy Rothhaar","Children and their experiences about seasonal flood disasters in Indonesia : qualitative study",2023,"Vulnerable Children and Youth Studies","Informa UK Limited","http://dx.doi.org/10.1080/17450128.2023.2277169","",348,"2024-06-21 14:54:40","journal-article","10.1080/17450128.2023.2277169","1745-0128","",19,1,140,157,0,0.00,0,5,1,"","https://www.tandfonline.com/doi/pdf/10.1080/17450128.2023.2277169",""
0,"Dilek Küçük Alemdar, Emine Ela Küçük","Exam anxiety of the adolescents in Turkey: association between quality of life and sleep quality",2023,"Vulnerable Children and Youth Studies","Informa UK Limited","http://dx.doi.org/10.1080/17450128.2023.2254549","",349,"2024-06-21 14:54:40","journal-article","10.1080/17450128.2023.2254549","1745-0128","",19,1,233,245,0,0.00,0,2,1,"","https://www.tandfonline.com/doi/pdf/10.1080/17450128.2023.2254549",""
1,"Rishika Pardikar","Migrant Workers Among the Most Vulnerable to Himalayan Disasters",2021,"Eos","American Geophysical Union (AGU)","http://dx.doi.org/10.1029/2021eo156586","",350,"2024-06-21 14:54:40","journal-article","10.1029/2021eo156586","2324-9250","",102,,,,1,0.33,1,1,3,"Critics say companies are failing to develop adequate emergency procedures to protect construction workers on hydropower plants in the Himalayas.","",""
0,"","Notes",2023,"Side Hustle Safety Net","University of California Press","http://dx.doi.org/10.2307/jj.5864811.14","",351,"2024-06-21 14:54:40","book-chapter","10.2307/jj.5864811.14","","",,,261,278,0,0.00,0,0,1,"","",""
0,"","The most vulnerable feel that they do not have a say in what government does",2023,"","Organisation for Economic Co-Operation and Development (OECD)","http://dx.doi.org/10.1787/6059a35e-en","",352,"2024-06-21 14:54:40","component","10.1787/6059a35e-en","","",,,,,0,0.00,0,0,1,"","",""
0,"Elizabeth Nance","Decision letter for ""Machine learning-directed electrical impedance tomography to predict metabolically vulnerable plaques""",2023,"","Wiley","http://dx.doi.org/10.1002/btm2.10616/v1/decision1","",353,"2024-06-21 14:54:40","peer-review","10.1002/btm2.10616/v1/decision1","","",,,,,0,0.00,0,1,1,"","",""
0,"Ashek Elahi Noor","Improving Oral Health and Quality of Life in Vulnerable Populations (Preprint)",2024,"","JMIR Publications Inc.","http://dx.doi.org/10.2196/preprints.60310","",354,"2024-06-21 14:54:40","posted-content","10.2196/preprints.60310","","",,,,,0,0.00,0,1,1,"<sec> <title>BACKGROUND</title> <p>Oral health is a critical component of overall well-being, influencing an individual's ability to eat, speak, and maintain social connections. However, vulnerable populations, including low-income individuals, marginalized communities, and those with limited access to healthcare, often experience disparities in oral health that significantly impact their quality of life. Prevalence of Oral Health Disparities: Limited Access to Dental Care: Vulnerable populations often face barriers to accessing regular dental care, leading to unmet oral health needs. Higher Burden of Oral Diseases: Factors such as lower socio-economic status contributes to a higher prevalence of dental caries, periodontal diseases, and other oral health issues. Impact on Quality of Life: Pain and Discomfort: Untreated oral health conditions can result in pain, discomfort, and difficulty in performing daily activities. [1] Psychosocial Implications: Poor oral health may affect self-esteem and social interactions, leading to psychosocial challenges within vulnerable communities. Barriers to Oral Health Access: Financial Constraints: Limited financial resources often prevent vulnerable individuals from seeking preventive and timely dental care. Lack of Education: Insufficient awareness and education about oral health contribute to neglect and delayed treatment. Interconnected Health and Social Factors: Systemic Health Implications: Oral health is interconnected with overall health, with poor oral hygiene linked to systemic conditions such as cardiovascular diseases and diabetes. Social Determinants: Social determinants such as education, employment, and housing influence oral health outcomes, further exacerbating disparities. Existing Interventions and Challenges: Community Programs: Some initiatives aim to provide dental care to vulnerable populations through community clinics and outreach programs. Challenges in Implementation: However, challenges such as limited resources, infrastructure, and awareness persist, hindering the effectiveness of interventions. Need for Research and Interventions: Evidence Gap: Despite the evident impact of oral health on quality of life, there is a need for comprehensive research to understand the specific challenges faced by 3 vulnerable populations. Tailored Interventions: Research findings can inform targeted interventions, including community-based education, mobile dental clinics, and policy changes to address systemic issues. [2,3] In addition, addressing oral health disparities in vulnerable populations requires a nuanced understanding of the challenges they face. Research focused on this intersection between oral health and quality of life can pave the way for effective interventions, ultimately improving the overall well-being of vulnerable communities. The current study aims to investigate and assess the relationship between oral health and these groups' quality of life in order to pinpoint obstacles and create focused interventions and strategies that will enhance oral health outcomes and quality of life. [4]</p> </sec> <sec> <title>OBJECTIVE</title> <p>Examine the oral health status of vulnerable populations through comprehensive dental assessments. Evaluate the impact of oral health on the quality of life in these populations. Identify barriers to accessing dental care and oral health education within vulnerable communities. Develop targeted interventions and strategies to improve oral health outcomes and quality of life.</p> </sec> <sec> <title>METHODS</title> <p>1. Study Design: This research employs a mixed-methods approach to comprehensively evaluate the effectiveness of interventions aimed at enhancing oral health and quality of life among vulnerable populations. The study design incorporates both quantitative assessments of oral health indicators and qualitative exploration of the lived experiences of participants. 2. Population Selection: Age Ranges: The age ranges of the target population are not specified in the description provided. Vulnerability Indicators: Vulnerability indicators may include socioeconomic status, access to healthcare, housing stability, employment status, and educational attainment, among others. Exclusion Criteria: Excluding individuals with severe cognitive impairments or communication barriers ensures data accuracy and participant comprehension, thereby enhancing the validity of the study results. 3. Sampling Strategy: Probability Sampling: Random sampling techniques are utilized to ensure representativeness of 7 the target population. Stratified Sampling: Stratification based on demographic variables such as age, gender, socioeconomic status, and geographical location enhances the diversity of the sample. 4. Intervention Implementation: Oral Health Education: Structured educational programs are developed to enhance participants' knowledge of oral hygiene practices, including proper brushing techniques, dietary habits, and the importance of regular dental visits. Access to Dental Care: Collaborations with local dental clinics and professionals are established to provide affordable or free dental services, including preventive measures and treatment of dental conditions. Community Engagement: Community-based initiatives are implemented to foster sustainable oral health practices and promote peer support networks. 5. Data Collection Instruments: Quantitative Methods: In quantitative research, numerical data is collected and analyzed to quantify relationships, behaviors, and outcomes. In the context of this study, quantitative methods involve the use of standardized tools such as surveys and clinical examinations to measure oral health indicators and quality of life metrics among participants. Qualitative Methods: Qualitative research involves the collection and analysis of non-numerical data such as interviews, focus groups, and observations to explore subjective experiences, perspectives, and behaviors. In this study, qualitative methods entail conducting interviews and focus group discussions to gain insight into participants' experiences, perceptions, and barriers related to oral health and quality of life. 6. Data Collection Procedure: Baseline Assessment: Prior to the intervention, baseline data on oral health indicators and quality of life are collected through surveys, clinical examinations, and interviews. 8 Intervention Implementation: The intervention is implemented over a specified period, with regular follow-up sessions to monitor participants' progress and address any emerging issues. Post-Intervention Evaluation: Post-intervention data collection is conducted using the same instruments employed at baseline to measure changes in oral health outcomes and quality of life. Oral Health Assessment Procedure: The complete procedure of oral health assessment involves standardized dental examination tools and trained dental professionals to evaluate oral health parameters such as dental caries, periodontal health, and oral hygiene practices. Survey Instruments: The survey instruments used in the study should be culturally sensitive and accessible to ensure participant engagement and data quality. Validated surveys focusing on oral health-related quality of life should be administered to capture the broader impact of oral health disparities. 7. Data Analysis: Quantitative Analysis: Statistical methods such as paired t-tests, ANOVA, and regression analysis are employed to analyze quantitative data and determine the effectiveness of the intervention. Qualitative Analysis: Thematic analysis is used to identify recurring patterns, themes, and narratives within qualitative data obtained from interviews, providing insight into participants' experiences and perceptions. 8. Ethical Considerations: For the kind information you may need, the Sapporo Dental College and Hospital's research ethics committee has examined and approved the research protocol titled Improving Oral Health and Quality of Life in Vulnerable Populations, which will be carried out in accordance with the further study protocol (Ref: SDC/CBl2024/l0l2), with Dr. Ashek Elahi Noor serving as the principal investigator and main author. 9 Informed Consent: Participants are provided with detailed information about the study objectives, procedures, risks, and benefits, and their voluntary consent is obtained prior to participation. Confidentiality: Measures are taken to ensure the anonymity and confidentiality of participants' data, with all information stored securely and accessible only to authorized personnel. Beneficence and Non-maleficence: The study prioritizes the well-being of participants, minimizing any potential harm and maximizing the benefits derived from participation in the intervention.</p> </sec> <sec> <title>RESULTS</title> <p>1. Participant Demographics: A total of 300 participants would be recruited for the study, with a mean age of 42 years (SD = 12.5). The gender distribution was relatively balanced, with 52% female and 48% male participants. Participants were predominantly from low socioeconomic backgrounds, with 65% reporting household incomes below the poverty line. Geographically, participants were from urban and rural areas across three regions. 2. Baseline Oral Health Assessment: Baseline assessments revealed a high prevalence of oral health problems among participants. The mean DMFT score at baseline was 8.3 (SD = 2.1), indicating a significant burden of dental caries. CPI scores indicated that 72% of participants had moderate to severe periodontal disease. OHRQoL questionnaires demonstrated impaired quality of life related to oral health, with mean scores below the established norms. 16 3. Intervention Implementation: Participants received a multifaceted intervention targeting oral health improvement and quality of life enhancement. The intervention included oral health education sessions, preventive dental care services, and access to subsidized dental treatments. Sessions were conducted bi-weekly over a period of six months, with a focus on promoting oral hygiene practices and dietary modifications. Dental treatments included scaling and root planning, fluoride applications, and restoration of decayed teeth. 4. Outcome Measures: Post-intervention assessments revealed significant improvements in oral health parameters. The mean DMFT score decreased to 4.1 (SD = 1.5), indicating a 50% reduction in dental caries prevalence. CPI scores showed a shift towards improved periodontal health, with 85% of participants exhibiting mild periodontal disease or better. OHRQoL scores demonstrated a substantial increase, surpassing the established norms for oral health-related quality of life. 5. Data Analysis: Statistical analysis was conducted using paired t-tests and chi-square tests to compare pre- and post-intervention outcomes. Subgroup analyses were performed to assess intervention effectiveness across different demographic and socioeconomic strata. 6. Primary Outcomes: The primary outcomes of the study included improvements in oral health status and enhancement in quality of life. The intervention achieved statistically significant reductions in dental caries prevalence and improvements in periodontal health. Participants reported a significant enhancement in their oral health-related quality of life post-intervention. 7. Secondary Outcomes: Secondary outcomes included changes in oral health behaviors and practices. Post-intervention surveys indicated a notable increase in tooth brushing frequency and adherence to recommended oral hygiene practices. Participants also reported greater satisfaction with their oral health and overall well-being. 8. Adverse Events: No serious adverse events would be reported during the study period. Minor adverse events, such as temporary tooth sensitivity following dental treatments, were promptly would be addressed by the dental team. 9. Subgroup Analysis: Subgroup analyses revealed consistent improvements in oral health 17 outcomes across different demographic and socioeconomic groups. No significant disparities in intervention effectiveness were observed among subgroups based on age, gender, or income level.</p> </sec> <sec> <title>CONCLUSIONS</title> <p>In conclusion, the intersection of oral health and quality of life within vulnerable populations underscores the urgent need for comprehensive and targeted interventions. The evidence presented throughout this discussion highlights the multifaceted challenges faced by individuals in vulnerable communities and emphasizes the far-reaching impact of poor oral health on their overall well-being.</p> </sec> <sec> <title>CLINICALTRIAL</title> <p>NA</p> </sec>","",""
0,"Sarah Ide","Safeguarding vulnerable patients",2021,"BDJ Team","Springer Science and Business Media LLC","http://dx.doi.org/10.1038/s41407-021-0587-y","",355,"2024-06-21 14:54:40","journal-article","10.1038/s41407-021-0587-y","2054-7617","",8,4,22,22,0,0.00,0,1,3,"","https://www.nature.com/articles/s41407-021-0587-y.pdf",""
0,"Barbara DeLateur","Pain Related to Obesity",2024,"Pain Management in Vulnerable Populations","Oxford University PressNew York","http://dx.doi.org/10.1093/med/9780197649176.003.0028","",356,"2024-06-21 14:54:40","book-chapter","10.1093/med/9780197649176.003.0028","","",,,430,439,0,0.00,0,1,1,"Abstract: The most common definition of obesity is a body mass index (BMI) of 30 or greater, with subdivisions beyond that, and the term “morbid obesity” is applied to a BMI 40 or greater. Obesity has increased markedly, from 30.5% during the period of 1999–2000 to 41.9% during the period 2017–2020. Obesity increases the load on weight-bearing joints, especially the knee and hip. It also increases the load on the back, particularly when there is central adiposity. Visceral fat increases inflammation by sending out inflammatory cytokines. Obesity often leads to depression, which can lead to further obesity, especially by stress eating and inactivity. Obesity is often associated with sleep disorders, which lead to further obesity by decreasing the hormone leptin (fullness) and increasing ghrelin (the hunger hormone). Treatment strategies include getting good sleep; using canes and other load-bearing devices when needed; and weight-loss strategies based on the patient’s food and drink logs, examining content, frequency, and duration of eating. It is especially helpful to eliminate processed foods and eat whole, unprocessed foods such as fruits and vegetables, whole grains, legumes, and fish.","https://academic.oup.com/book/57299/chapter/461765779",""
0,"Yamide Dagnet","Justice and Vulnerable Populations",2024,"Elgar Encyclopedia of Climate Policy","Edward Elgar Publishing","http://dx.doi.org/10.4337/9781802209204.ch20","",357,"2024-06-21 14:54:40","book-chapter","10.4337/9781802209204.ch20","","",,,106,111,0,0.00,0,1,1,"","https://www.elgaronline.com/view/book/9781802209204/9781802209204.xml",""
0,"Kamran Abbasi","Our vulnerable world of vanishing safety nets",2022,"BMJ","BMJ","http://dx.doi.org/10.1136/bmj.o2952","",358,"2024-06-21 14:54:40","journal-article","10.1136/bmj.o2952","1756-1833","",,,,,0,0.00,0,1,2,"","http://data.bmj.org/tdm/10.1136/bmj.o2952",""
0,"","In a twist, beach grass could make dunes more vulnerable to storms",2023,"AAAS Articles DO Group","American Association for the Advancement of Science (AAAS)","http://dx.doi.org/10.1126/science.adj2633","",359,"2024-06-21 14:54:40","dataset","10.1126/science.adj2633","","",,,,,0,0.00,0,0,1,"","",""
0,"G. Thomas Couser","Vulnerable Subjects",2021,"The Work of Life Writing","Routledge","http://dx.doi.org/10.4324/9781003107842-10","",360,"2024-06-21 14:54:40","book-chapter","10.4324/9781003107842-10","","",,,139,148,0,0.00,0,1,3,"","",""
0,"Lindy Burton","Children in Conflict",2022,"Vulnerable Children","Routledge","http://dx.doi.org/10.4324/9781003287865-1","",361,"2024-06-21 14:54:40","book-chapter","10.4324/9781003287865-1","","",,,1,10,0,0.00,0,1,2,"","",""
0,"John Philip M. Rivera","A Comparative Analysis of Retrofitting Techniques for Seismically Vulnerable Historical Building",2024,"","MDPI AG","http://dx.doi.org/10.20944/preprints202405.1772.v1","",362,"2024-06-21 14:54:40","posted-content","10.20944/preprints202405.1772.v1","","",,,,,0,0.00,0,1,1,"This study presents a comprehensive comparative analysis of retrofitting techniques aimed at enhancing the seismic resilience of seismically vulnerable historical buildings. Recognizing the dual objectives of structural safety and architectural preservation, this research evaluates and compares several advanced retrofitting methods, including base isolation, strengthening of masonry, steel bracing systems, Fiber-Reinforced Polymer (FRP) wrapping, and damping devices. Each technique is critically assessed based on its effectiveness in mitigating seismic risks, its compatibility with historical architectural features, and its applicability to various building types. Base isolation is highlighted for its ability to decouple buildings from ground motion, thereby significantly reducing seismic forces and protecting architectural integrity. Strengthening of masonry through the use of fiber-reinforced polymers and steel elements enhances the ductility and strength of masonry walls, making them more resilient to seismic forces. Steel bracing systems are shown to provide essential lateral support, particularly in timber-framed structures, improving overall stability and reducing deformation during earthquakes. FRP wrapping is identified as a versatile technique that strengthens structural elements without compromising aesthetic value, making it suitable for reinforcing concrete and masonry components. Damping devices, including viscous dampers and tuned mass dampers, are discussed for their ability to dissipate seismic energy and control structural vibrations, offering a minimally invasive solution that preserves historical aesthetics. The study also addresses several challenges and research gaps associated with these retrofitting techniques, such as ensuring architectural compatibility, assessing long-term material performance, optimizing cost-effectiveness, and navigating complex regulatory frameworks. By advancing knowledge in these areas, the research aims to foster interdisciplinary collaboration and innovation in the development of retrofitting solutions. Ultimately, this study contributes to the ongoing efforts to safeguard historical buildings against seismic hazards. By leveraging cutting-edge technologies and best practices in structural engineering and architectural conservation, stakeholders can develop sustainable, cost-effective, and culturally sensitive retrofitting strategies that protect valuable cultural heritage for future generations.","",""
0,"","Methods Appendix",2024,"Significant Emotions","Bloomsbury Publishing Plc","http://dx.doi.org/10.5040/9781350026834.0006","",363,"2024-06-21 14:54:40","other","10.5040/9781350026834.0006","","",,,191,193,0,0.00,0,0,1,"","",""
0,"Shane Epting","Marginalized and Vulnerable Stakeholders",2023,"Urban Enlightenment","Routledge","http://dx.doi.org/10.4324/9781003334736-5","",364,"2024-06-21 14:54:40","book-chapter","10.4324/9781003334736-5","","",,,58,75,0,0.00,0,1,1,"","",""
0,"Tomáš Paus","Adolescence as a vulnerable period for psychosis development",2023,"Adolescent Psychosis","Elsevier","http://dx.doi.org/10.1016/b978-0-323-89832-4.00012-3","",365,"2024-06-21 14:54:40","book-chapter","10.1016/b978-0-323-89832-4.00012-3","","",,,243,271,0,0.00,0,1,1,"","https://api.elsevier.com/content/article/PII:B9780323898324000123",""
1,"Maria Leticia Castrechini Fernandes Franieck, Niko Bittner","Communicating with Vulnerable Patients",2022,"","Routledge","http://dx.doi.org/10.4324/9781003232087","",366,"2024-06-21 14:54:40","book","10.4324/9781003232087","","",,,,,1,0.50,1,2,2,"","",""
0,"","Many people are long-term unemployed or in vulnerable employment",2022,"Multi-dimensional Review of the Western Balkans","OECD","http://dx.doi.org/10.1787/2b4f2850-en","",367,"2024-06-21 14:54:40","other","10.1787/2b4f2850-en","2308-7358","",,,,,0,0.00,0,0,2,"","",""
1,"Fina Hidayati, Nurul Hartini","The determinants of mindful parenting in adolescence: a scoping review",2022,"Vulnerable Children and Youth Studies","Informa UK Limited","http://dx.doi.org/10.1080/17450128.2022.2073417","",368,"2024-06-21 14:54:40","journal-article","10.1080/17450128.2022.2073417","1745-0128","",17,4,351,358,1,0.50,1,2,2,"","https://www.tandfonline.com/doi/pdf/10.1080/17450128.2022.2073417",""
1,"Lin Zhang","The relationship between social media use and collective identity among the HIV/AIDS-affected adolescents: from the online social support perspective",2023,"Vulnerable Children and Youth Studies","Informa UK Limited","http://dx.doi.org/10.1080/17450128.2023.2182932","",369,"2024-06-21 14:54:40","journal-article","10.1080/17450128.2023.2182932","1745-0128","",18,3,359,366,1,1.00,1,1,1,"","https://www.tandfonline.com/doi/pdf/10.1080/17450128.2023.2182932",""
31,"Julia Amann, Joanna Sleigh","Too Vulnerable to Involve? Challenges of Engaging Vulnerable Groups in the Co-production of Public Services through Research",2021,"International Journal of Public Administration","Informa UK Limited","http://dx.doi.org/10.1080/01900692.2021.1912089","",370,"2024-06-21 14:54:40","journal-article","10.1080/01900692.2021.1912089","0190-0692","",44,9,715,727,31,10.33,16,2,3,"","https://www.tandfonline.com/doi/pdf/10.1080/01900692.2021.1912089",""
1,"John M. Pokoo, Kwesi Aning","West Africa",2021,"Transforming the War on Drugs","Oxford University Press","http://dx.doi.org/10.1093/oso/9780197604359.003.0008","",371,"2024-06-21 14:54:40","book-chapter","10.1093/oso/9780197604359.003.0008","","",,,189,206,1,0.33,1,2,3,"<p>Chapter 7 focuses on the second-largest trafficking route toward Europe, with West Africa as a major transit zone. Revisiting historical shifts in drug flows, this chapter traces West Africa’s historical involvement in the illicit drug trade. It analyzes how poverty, corruption, fragility, and ineffective law enforcement and oversight of West African state institutions have contributed to the region’s gradual transformation into a consumption zone, rather than a transit route for illicit drug flows. Calls for additional demand reduction interventions at the national level have therefore shaped drug policies in the region. The chapter concludes with a reflection on the usefulness of decriminalizing the illicit consumption of drugs.</p>","",""
41,"Prakriti Gaba, Bernard J. Gersh, James Muller, Jagat Narula, Gregg W. Stone","Evolving concepts of the vulnerable atherosclerotic plaque and the vulnerable patient: implications for patient care and future research",2022,"Nature Reviews Cardiology","Springer Science and Business Media LLC","http://dx.doi.org/10.1038/s41569-022-00769-8","",372,"2024-06-21 14:54:40","journal-article","10.1038/s41569-022-00769-8","1759-5002","",20,3,181,196,41,20.50,8,5,2,"","https://www.nature.com/articles/s41569-022-00769-8.pdf",""
0,"Adewale Olusegun Obadina","Foodborne Diseases and Vulnerable Groups",2024,"Encyclopedia of Food Safety","Elsevier","http://dx.doi.org/10.1016/b978-0-12-822521-9.00002-2","",373,"2024-06-21 14:54:40","book-chapter","10.1016/b978-0-12-822521-9.00002-2","","",,,80,86,0,0.00,0,1,1,"","https://api.elsevier.com/content/article/PII:B9780128225219000022",""
0,"Sabina Lovibond","Vulnerable and Invulnerable",2021,"Love and Vulnerability","Routledge","http://dx.doi.org/10.4324/9781003133223-15","",374,"2024-06-21 14:54:40","book-chapter","10.4324/9781003133223-15","","",,,133,138,0,0.00,0,1,3,"","",""
1,"Deepa Padmanaban","Why Are Women More Vulnerable to Flooding in India?",2021,"Eos","American Geophysical Union (AGU)","http://dx.doi.org/10.1029/2021eo157781","",375,"2024-06-21 14:54:40","journal-article","10.1029/2021eo157781","2324-9250","",102,,,,1,0.33,1,1,3,"One state in India shows how policies that give women access to better resources has a real impact on mortality.","",""
0,"","Communication and Vulnerable Witnesses",2023,"Making Decisions Judicially","Hart Publishing","http://dx.doi.org/10.5040/9781509957972.ch-002","",376,"2024-06-21 14:54:40","book-chapter","10.5040/9781509957972.ch-002","","",,,,,0,0.00,0,0,1,"","",""
0,"","Carl Schmitt Ups the Ante",2023,"Being Vulnerable","McGill-Queen's University Press","http://dx.doi.org/10.1515/9780228016298-003","",377,"2024-06-21 14:54:40","book-chapter","10.1515/9780228016298-003","","",,,3,13,0,0.00,0,0,1,"","https://www.degruyter.com/document/doi/10.1515/9780228016298-003/xml",""
0,"","Mali Economic Update, Spring 2021",2021,"","World Bank","http://dx.doi.org/10.1596/36063","",378,"2024-06-21 14:54:40","monograph","10.1596/36063","","",,,,,0,0.00,0,0,3,"","",""
0,"Rikke Ludvigsen","A Professional's Guide to Working with Vulnerable and Traumatised Children",2024,"","Routledge","http://dx.doi.org/10.4324/9781003322672","",379,"2024-06-21 14:54:40","monograph","10.4324/9781003322672","","",,,,,0,0.00,0,1,1,"","",""
0,"","References",2023,"Side Hustle Safety Net","University of California Press","http://dx.doi.org/10.2307/jj.5864811.15","",380,"2024-06-21 14:54:40","book-chapter","10.2307/jj.5864811.15","","",,,279,310,0,0.00,0,0,1,"","",""
0,"","Vulnerable Hosts",2024,"Red Book: 2024–2027 Report of the Committee on Infectious Diseases","American Academy of Pediatrics345 Park Blvd, Itasca, IL 60143","http://dx.doi.org/10.1542/9781610027359-s5_001_004","",381,"2024-06-21 14:54:40","book-chapter","10.1542/9781610027359-s5_001_004","","",,,1116,1116,0,0.00,0,0,1,"","https://publications.aap.org/aapbooks/monograph/chapter-pdf/1637626/rbo2024_s5_001_004_en.pdf",""
0,"Judith Resnik","Why Procedure Is Critical, Constitutive, and Vulnerable",2022,"A Guide to Civil Procedure","NYU Press","http://dx.doi.org/10.18574/nyu/9781479805938.003.0001","",382,"2024-06-21 14:54:40","book-chapter","10.18574/nyu/9781479805938.003.0001","","",,,,,0,0.00,0,1,2,"","",""
4,"Alejandra Neely-Prado, Michiel van Elk, Gorka Navarrete, Fernanda Hola, David Huepe","Social Adaptation in Context: The Differential Role of Religiosity and Self-Esteem in Vulnerable vs. Non-vulnerable Populations – A Registered Report Study",2021,"Frontiers in Psychology","Frontiers Media SA","http://dx.doi.org/10.3389/fpsyg.2021.519623","",383,"2024-06-21 14:54:40","journal-article","10.3389/fpsyg.2021.519623","1664-1078","",12,,,,4,1.33,1,5,3,"There is evidence that religiosity and self-esteem are positively related, while self-esteem and religiosity in turn predict successful social adaptation. Moreover, self-esteem has been shown to be directly related to social adaptation in vulnerable contexts. In this registered report study, we tested the hypothesis that religiosity has a positive influence on social adaptation for people living in vulnerable contexts and that self-esteem is a mediator of this relationship. Evidence from this study indicates that neither there is any effect of religiosity on social adaptation nor on self-esteem, independent of whether people live in vulnerable contexts or not.","https://www.frontiersin.org/articles/10.3389/fpsyg.2021.519623/full",""
0,"","CONCLUSION",2022,"I Wish My Dad","Broadleaf Books","http://dx.doi.org/10.2307/j.ctv29sfxvn.22","",384,"2024-06-21 14:54:40","book-chapter","10.2307/j.ctv29sfxvn.22","","",,,203,206,0,0.00,0,0,2,"","",""
0,"Hao Yang","Review for ""Climate change increased extreme monsoon rainfall, flooding highly vulnerable communities in Pakistan""",2023,"","IOP Publishing","http://dx.doi.org/10.1088/2752-5295/acbfd5/v2/review1","",385,"2024-06-21 14:54:40","peer-review","10.1088/2752-5295/acbfd5/v2/review1","","",,,,,0,0.00,0,1,1,"","",""
0,"Whitney Schott","How to protect vulnerable autistic adults during the coronavirus pandemic",2021,"Spectrum","Simons Foundation","http://dx.doi.org/10.53053/alef2791","",386,"2024-06-21 14:54:40","journal-article","10.53053/alef2791","2770-0976","",,,,,0,0.00,0,1,3,"","",""
0,"Galo Hurtado","Relationship between the STEAM Approach and SUMAK KAWSAY in Vulnerable Social Sectors",2021,"","MDPI AG","http://dx.doi.org/10.20944/preprints202109.0077.v1","",387,"2024-06-21 14:54:40","posted-content","10.20944/preprints202109.0077.v1","","",,,,,0,0.00,0,1,3,"The research is based on the question: Can teaching/learning methodologies help to achieve the objective of Sumak Kawsay in Ecuador? a STEAM work approach was applied in technical high school students and higher education students (technological), in order to determine the level of impact in terms of project generation, following the entire process, from the generation of ideas to the linking of projects with society, The analysis was carried out in students from 15 to 22 years old in two institutions in the city of Cuenca, using the method of intentional sampling and the systematic review of scientific articles in the Scopus and Google academic databases of the last 3 years, to determine the level of impact of the prototypes pub-lished in indexed journals. The most striking aspect of the results is that of the 260 students surveyed, only 19.6% of students consider that there are STEAM teachers in the classroom, and only 56.92% of students manage to link their work with society, one of the recommended strategies being the publication of scientific articles and participation in congresses disseminating the high impact work done by students in the classroom.","",""
0,"Elizabeth Nance","Decision letter for ""Machine learning-directed electrical impedance tomography to predict metabolically vulnerable plaques""",2023,"","Wiley","http://dx.doi.org/10.1002/btm2.10616/v2/decision1","",388,"2024-06-21 14:54:40","peer-review","10.1002/btm2.10616/v2/decision1","","",,,,,0,0.00,0,1,1,"","",""
0,"Ellen Gordon-Bouvier","The Vulnerable Subject",2021,"Leading Works in Law and Social Justice","Routledge","http://dx.doi.org/10.4324/9780429287572-16","",389,"2024-06-21 14:54:40","book-chapter","10.4324/9780429287572-16","","",,,226,239,0,0.00,0,1,3,"","",""
0,"Gemma Houldey","Introduction",2021,"The Vulnerable Humanitarian","Routledge","http://dx.doi.org/10.4324/9781003032427-1","",390,"2024-06-21 14:54:40","book-chapter","10.4324/9781003032427-1","","",,,1,23,0,0.00,0,1,3,"","",""
0,"Andrea Sulis, Silvia Serreli, Andrea Carboni","A Coupled Approach for Planning in Vulnerable Coastal Landscapes",2023,"","Elsevier BV","http://dx.doi.org/10.2139/ssrn.4588442","",391,"2024-06-21 14:54:40","posted-content","10.2139/ssrn.4588442","","",,,,,0,0.00,0,3,1,"","",""
0,"Kelly Twomey Sanders","The Air-Conditioning Paradox: Protecting Vulnerable Populations from Extreme Heat",2023,"","Cassyni","http://dx.doi.org/10.52843/cassyni.7mcrtc","",392,"2024-06-21 14:54:40","posted-content","10.52843/cassyni.7mcrtc","","",,,,,0,0.00,0,1,1,"Over 50% of people worldwide live in urban areas, and by 2050 this fraction is expected to increase to 70%. Meanwhile, extreme heat events are increasing in frequency and intensity, posing a human health risk for urbanites.","",""
0,"Georgene M. Geary","Infrastructure Measures to Protect the Unrecognized Vulnerable Road User: Motorcyclists",2023,"MAIREINFRA 2023","MDPI","http://dx.doi.org/10.3390/engproc2023036036","",393,"2024-06-21 14:54:40","proceedings-article","10.3390/engproc2023036036","","",,,,,0,0.00,0,1,1,"","https://www.mdpi.com/2673-4591/36/1/36/pdf",""
1,"Francesca Bagnato","COVID-19 Vaccine in Veterans with Multiple Sclerosis: Protect the Vulnerable",2021,"Federal Practitioner","Frontline Medical Communications, Inc.","http://dx.doi.org/10.12788/fp.0113","",394,"2024-06-21 14:54:40","journal-article","10.12788/fp.0113","","",,,,,1,0.33,1,1,3,"","https://cdn.mdedge.com/files/s3fs-public/issues/articles/0421_fed_ms_vaccine_rev_author_proof.pdf",""
0,"","Emotional Turns",2024,"Significant Emotions","Bloomsbury Publishing Plc","http://dx.doi.org/10.5040/9781350026834.ch-1","",395,"2024-06-21 14:54:40","other","10.5040/9781350026834.ch-1","","",,,13,23,0,0.00,0,0,1,"","",""
0,"Susanna Trnka, Luca Muir","“Protecting Our Most Vulnerable”",2022,"COVID-19: Surviving a Pandemic","Routledge","http://dx.doi.org/10.4324/9781003302698-12","",396,"2024-06-21 14:54:40","book-chapter","10.4324/9781003302698-12","","",,,155,169,0,0.00,0,2,2,"","",""
1,"Reuven Shapira","Phronetic Leadership: Risking Managerial Authority by Trust-Creating Vulnerable Involvement",2021,"Academia Letters","Academia.edu","http://dx.doi.org/10.20935/al3336","",397,"2024-06-21 14:54:40","journal-article","10.20935/al3336","2771-9359","",,,,,1,0.33,1,1,3,"","https://www.academia.edu/51037517/Phronetic_Leadership_Risking_Managerial_Authority_by_Trust_Creating_Vulnerable_Involvement",""
0,"Gina-Maree Sartore, Michelle Macvean, Catherine Wade, Kate Spalding","Patient experience surveys for vulnerable families",2022,"","The Sax Institute","http://dx.doi.org/10.57022/cjkl4701","",398,"2024-06-21 14:54:40","report","10.57022/cjkl4701","","",,,,,0,0.00,0,4,2,"This Evidence Check identifies patient‐reported experience measures (PREMs) used to evaluate integrated services. The review was conducted to support the development of a survey to use with families accessing the NSW Vulnerable Families program in order to better understand their experiences. Only a small number of PREMs were identified for use with people with both chronic or complex health conditions and social vulnerabilities. While all the PREMs identified are for use in integrated or coordinated care, only a few have direct applicability to the complex, vulnerable populations participating in Vulnerable Families or to the co-located, cross-service system Vulnerable Families model.","",""
0,"","Acknowledgments",2023,"Side Hustle Safety Net","University of California Press","http://dx.doi.org/10.2307/jj.5864811.4","",399,"2024-06-21 14:54:40","book-chapter","10.2307/jj.5864811.4","","",,,,,0,0.00,0,0,1,"","",""
0,"","Index",2023,"Side Hustle Safety Net","University of California Press","http://dx.doi.org/10.2307/jj.5864811.16","",400,"2024-06-21 14:54:40","book-chapter","10.2307/jj.5864811.16","","",,,311,328,0,0.00,0,0,1,"","",""
0,"","Vulnerable children",2023,"Children, Family and the State","Policy Press","http://dx.doi.org/10.56687/9781447368977-008","",401,"2024-06-21 14:54:40","book-chapter","10.56687/9781447368977-008","","",,,131,138,0,0.00,0,0,1,"","https://www.degruyter.com/document/doi/10.56687/9781447368977-008/xml",""
0,"","Corn vulnerable to extreme heat",2023,"New Scientist","Elsevier BV","http://dx.doi.org/10.1016/s0262-4079(23)01273-3","",402,"2024-06-21 14:54:40","journal-article","10.1016/s0262-4079(23)01273-3","0262-4079","",259,3447,19,19,0,0.00,0,0,1,"","https://api.elsevier.com/content/article/PII:S0262407923012733",""
0,"Hao Yang","Review for ""Climate change increased extreme monsoon rainfall, flooding highly vulnerable communities in Pakistan""",2023,"","IOP Publishing","http://dx.doi.org/10.1088/2752-5295/acbfd5/v1/review1","",403,"2024-06-21 14:54:40","peer-review","10.1088/2752-5295/acbfd5/v1/review1","","",,,,,0,0.00,0,1,1,"","",""
0,"Tim Dean","Oral drugs set to treat pre-hospital Covid in vulnerable",2021,"News Digital Object Group","Wiley","http://dx.doi.org/10.1002/tre.0030059","",404,"2024-06-21 14:54:40","dataset","10.1002/tre.0030059","","",,,,,0,0.00,0,1,3,"","",""
0,"","The Bible Hunters",2023,"Gospel Thrillers","Cambridge University Press","http://dx.doi.org/10.1017/9781009384605.003","",405,"2024-06-21 14:54:40","book-chapter","10.1017/9781009384605.003","","",,,12,41,0,0.00,0,0,1,"","",""
0,"Jacquelyn Lowman, Marcel Robles","Trust/Being Vulnerable",2021,"Diversity, Equity, and Inclusion in Communication","SAGE Publications, Inc.","http://dx.doi.org/10.4135/9781071869437","",406,"2024-06-21 14:54:40","other","10.4135/9781071869437","","",,,,,0,0.00,0,2,3,"","",""
0,"","Half of U.S. military facilities vulnerable to extreme weather and climate risks",2021,"AAAS Articles DO Group","American Association for the Advancement of Science (AAAS)","http://dx.doi.org/10.1126/science.aat1636","",407,"2024-06-21 14:54:40","dataset","10.1126/science.aat1636","","",,,,,0,0.00,0,0,3,"","",""
0,"","NOTES",2022,"I Wish My Dad","Broadleaf Books","http://dx.doi.org/10.2307/j.ctv29sfxvn.27","",408,"2024-06-21 14:54:40","book-chapter","10.2307/j.ctv29sfxvn.27","","",,,233,233,0,0.00,0,0,2,"","",""
0,"","ACKNOWLEDGMENTS",2022,"I Wish My Dad","Broadleaf Books","http://dx.doi.org/10.2307/j.ctv29sfxvn.26","",409,"2024-06-21 14:54:40","book-chapter","10.2307/j.ctv29sfxvn.26","","",,,231,232,0,0.00,0,0,2,"","",""
0,"Mary Prior KC, Miriam Smith","Vulnerable Witnesses",2023,"Human Rights in Criminal Law","Bloomsbury Professional","http://dx.doi.org/10.5040/9781526519542.chapter-028","",410,"2024-06-21 14:54:40","book-chapter","10.5040/9781526519542.chapter-028","","",,,,,0,0.00,0,2,1,"","",""
0,"","Socially Vulnerable Neighborhoods",2022,"The Palgrave Encyclopedia of Urban and Regional Futures","Springer International Publishing","http://dx.doi.org/10.1007/978-3-030-87745-3_300634","",411,"2024-06-21 14:54:40","book-chapter","10.1007/978-3-030-87745-3_300634","","",,,1564,1564,0,0.00,0,0,2,"","https://link.springer.com/content/pdf/10.1007/978-3-030-87745-3_300634",""
0,"Jane Tudor-Owen, Celine van Golde","Vulnerability",2022,"Interviewing Vulnerable Suspects","Routledge","http://dx.doi.org/10.4324/9781003145998-3","",412,"2024-06-21 14:54:40","book-chapter","10.4324/9781003145998-3","","",,,7,11,0,0.00,0,2,2,"","",""
0,"Shuran Ma, Sandy Christiansen","Cancer Pain",2024,"Pain Management in Vulnerable Populations","Oxford University PressNew York","http://dx.doi.org/10.1093/med/9780197649176.003.0023","",413,"2024-06-21 14:54:40","book-chapter","10.1093/med/9780197649176.003.0023","","",,,365,378,0,0.00,0,2,1,"Abstract: Pain is a common symptom of cancer, even in survivors. Despite this, there is a large disparity in pain control among vulnerable patient populations. Pediatric and geriatric patients are more likely to have difficulty expressing their pain and are dependent on caregivers. Different races may be more reluctant to report pain or treat pain, especially in the setting of medical disease such as cancer. Lower income and limited access to health care also prevent patients from receiving the pain treatments they need. When cancer pain is not adequately treated, it leads to not only poorer quality of life for the patient and their caregivers but also economic burden on the health care system from emergency department visits and hospitalizations. Solutions to this disparity include education and support to patients, family members, and health care providers. Telehealth has also been able to bridge the care gap for those who have limited access to health care resources. Finally, the World Health Organization has published guidelines to support primary care physicians in the management of patients’ cancer pain.","https://academic.oup.com/book/57299/chapter/461764348",""
0,"Nwankwoala HO","Adaptation and Management Practices of Communities Vulnerable to Gully Erosion in Anambra and Imo States, Nigeria",2022,"Journal of Ecology &amp; Natural Resources","Medwin Publishers","http://dx.doi.org/10.23880/jenr-16000276","",414,"2024-06-21 14:54:40","journal-article","10.23880/jenr-16000276","2578-4994","",6,2,,,0,0.00,0,1,2,"This study is aimed at evaluating the adaptation and management practices of communities vulnerable to gully erosion in Anambra and Imo States, respectively. The study employed qualitative research methods involving a cross sectional research design using questionnaire survey and interviews. The information for the causes of gully erosion among sampled communities showed the following distribution: 13.1% respondents believed that it has been caused by deforestation; 25.2% of the respondents indicated infrastructural development causes; 20.5% of the sampled respondents indicated poor farming systems; 31.8% of the respondents were of the opinion that the misuse of land contributes more to the causes of gully erosion in the study area; while the remaining 9.4% of the respondents indicated mining as one of the causes of gully erosion in the study area. The distribution revealed that majority of sampled respondents indicated land misuses as a prominent factor leading to gully erosion formation in the study area. The study therefore noted that gullies have impact on depletion of the soil through constant action of erosion and these have several implications for food production which is the primary economic activity engaged on by the majority of residents in the study area. Thus, adaptive capacities of residents in affected gully erosion areas in Anambra and Imo States have not been effective. This will definitely lead to increased socio-economic effects which have several implications on their potential for growth and development in the study area.","",""
0,"Talitha Crowley, Frances de Lange-Cloete","Supporting HIV self-management in adolescents to be resilient and thrive: an intervention development study",2023,"Vulnerable Children and Youth Studies","Informa UK Limited","http://dx.doi.org/10.1080/17450128.2023.2206172","",415,"2024-06-21 14:54:40","journal-article","10.1080/17450128.2023.2206172","1745-0128","",18,4,530,544,0,0.00,0,2,1,"","https://www.tandfonline.com/doi/pdf/10.1080/17450128.2023.2206172",""
1,"Christopher Hallam, David Bewley-Taylor","The International Drug Control Regime",2021,"Transforming the War on Drugs","Oxford University Press","http://dx.doi.org/10.1093/oso/9780197604359.003.0004","",416,"2024-06-21 14:54:40","book-chapter","10.1093/oso/9780197604359.003.0004","","",,,83,112,1,0.33,1,2,3,"<p>Chapter 3 presents more recent tensions around the policy direction that the so-called Vienna consensus entailed. The chapter explores the specific set of interwoven and interrelated themes that have challenged the International Drug Control Regime. It explains the regulatory architecture of the International Drug Control Regime, including the main stakeholders in the system and their interests, as well as the broader trends in the architecture. It argues that there are political differences among the various stakeholders that increasingly fracture the regime: while some states push for some type of reform, others resist change. The chapter concludes that there will be a turning point that is likely to either fragment or reconfigure the system.</p>","",""
1,"Megan Jepson, Nathan Williams, Terry P. Haines","Effectiveness of tailored COVID-19 messages for vulnerable Australians: A study protocol",2023,"PLOS ONE","Public Library of Science (PLoS)","http://dx.doi.org/10.1371/journal.pone.0280865","",417,"2024-06-21 14:54:40","journal-article","10.1371/journal.pone.0280865","1932-6203","",18,1,,,1,1.00,0,3,1,"Multiple approaches can be used to communicate public health messages through mass media. It is unclear which approaches are superior for meeting the needs of the general community along with vulnerable population subgroups. To compare different public health strategy communication approaches for influencing the COVID-safe behavioural intentions of both community and vulnerable population subgroups. This study will conduct three concurrent ‘helix’ randomised controlled trials with Latin square sequencing and factorial intervention allocation to assess the effectiveness of different communication strategies amongst the Australian general community and six subgroups that are considered vulnerable to contracting, transmitting or experiencing severe consequences of COVID-19 infection. Communication approaches being compared include: the format of communication (written versus video), who is providing information (general practitioner, politician, community-representative), what is said and how it is delivered (direct information provision versus conversational approach) and the visual content of video messaging (animation versus ‘talking head’). Recruited participants will be randomly allocated to receive a specific combination of health messaging strategies using six different COVID-19 context areas. Outcomes will be assessed in a survey using behaviour intention questions, and questions surrounding level of agreement with feeling represented in the health messaging strategy. These trials will use a unique research approach to provide an experimental evidence base to help guide development of impactful and inclusive COVID-19 and related public health messaging. All three trials are registered with the Australian New Zealand Clinical Trials Registry (ANZCTR). Trial 1: Update and impact of Government recommendations about COVID-19 (coronavirus)-Stage 3, Trial 1, vulnerable subgroup populations (ACTRN12622000606785). Trial 2: Update and impact of Government recommendations about COVID-19 (coronavirus)-Stage 3, Trial 2, community group (ACTRN12622000605796). Trial 3: Update and impact of Government recommendations about COVID-19 (coronavirus)-Stage 3, Trial 3, What communication strategy is most effective for both vulnerable and community group populations? (ACTRN12622000617763).","https://dx.plos.org/10.1371/journal.pone.0280865",""
0,"James J. Connolly, Dagney G. Faulk, Emily J. Wornell","Appendix C Sample Questions, Lawrence Partnership Survey",2022,"Vulnerable Communities","Cornell University Press","http://dx.doi.org/10.7591/cornell/9781501761324.005.0003","",418,"2024-06-21 14:54:40","book-chapter","10.7591/cornell/9781501761324.005.0003","","",,,257,258,0,0.00,0,3,2,"","",""
0,"Sangare M","Assessment of the Nutritional and Infectious Status of Vulnerable Children Consulted at Beyla Hospital, Guinea",2023,"Open Access Journal of Microbiology &amp; Biotechnology","Medwin Publishers","http://dx.doi.org/10.23880/oajmb-16000269","",419,"2024-06-21 14:54:40","journal-article","10.23880/oajmb-16000269","2576-7771","",8,3,1,7,0,0.00,0,1,1,"Introduction: Acute malnutrition is a primary health concern among vulnerable children. The objective of this work is to know the nutritional status of the 321 children of these vulnerable children and to assess their infectious states. Methodology: Smart nutritional survey according to a list drawn up by the community services of the Town Hall. Follow-up of a biological analysis of the stools with the Polymerase Chain Reaction to detect the germ involved. Statistical processing with Smart software. Results: Rate of acute malnutrition in Z-scores: Prevalence of global acute malnutrition of: (29) 9.03%. With: (17) 5.29% moderate and (12) 3.73% severe. Rate of acute malnutrition as a percentage of the median. Prevalence of global acute malnutrition: (12) 3.73% with (8) 2.49% moderate and (4) 1.24% severe plus edema. Chronic malnutrition rate in Z-scores. Prevalence of global chronic malnutrition: (91) 28.34%. Shigella sonnei DNA alone was found in 20 (6.2%) children. Malnutrition-shigellosis copathology was found in 120 (37.4%) of these children. A total of 140 (43.6%) cases of Shigella sonnei DNA detected (P = 1.4). Conclusion: Among the 321 vulnerable children, malnutrition was a reality against the backdrop of bloody Shigella sonnei dysentery. Contracted during the various gatherings.","",""
2,"Simonas Nikartas, Liubovė Jarutienė","The Dignity of Punishment: Vulnerable Prisoners’ Rights in Lithuania",2022,"European Union and its Neighbours in a Globalized World","Springer International Publishing","http://dx.doi.org/10.1007/978-3-031-06998-7_11","",420,"2024-06-21 14:54:40","book-chapter","10.1007/978-3-031-06998-7_11","2524-8928","",,,247,262,2,1.00,1,2,2,"","https://link.springer.com/content/pdf/10.1007/978-3-031-06998-7_11",""
1,"Hatice Güdül Öz, Hatice Yangın, Arzu Akpınar","Knowledge levels regarding sexually transmitted diseases among individuals with visual impairment: a cross-sectional study",2022,"Vulnerable Children and Youth Studies","Informa UK Limited","http://dx.doi.org/10.1080/17450128.2022.2038400","",421,"2024-06-21 14:54:40","journal-article","10.1080/17450128.2022.2038400","1745-0128","",18,3,382,392,1,0.50,0,3,2,"","https://www.tandfonline.com/doi/pdf/10.1080/17450128.2022.2038400",""
0,"Shonal Rath Shonal Rath","Particularly Vulnerable Tribal Group (PVTGs) Landscape amidst COVID-19",2021,"International Journal of Social Science and Human Research","Everant Journals","http://dx.doi.org/10.47191/ijsshr/v4-i6-37","",422,"2024-06-21 14:54:40","journal-article","10.47191/ijsshr/v4-i6-37","2644-0679","",4,6,,,0,0.00,0,1,3,"A polarised society like that of the Vulnerable Tribal Groups suffer profound ineffective social capital as well as blocked pathways of upward mobility in the society. This leads to a vicious poverty trap. The inception of this pandemic has cost these PVTGs even more profound impact. As the lands inhabited by Indigenous Peoples from time immemorial are the only areas in India with healthy forests, rich biodiversity and other natural riches. Their very own ancestral lands are promulgated as the specific target of developing. India’s speedy economic development schemes and programs during the COVID-19 lockdown, Indigenous people then bear the brunt of the most serious challenges by the COVID-19 pandemic. To explore these the connotations, this paper uses a mix of quantitative and cross examining qualitative factors using statistical tools to reach a final conclusion. This would be through employing the newfound econometric analysis of the parameters. Qualitative analysis through patterns of mobility, and confirms the continuation of this pattern of limited upward mobility and a low-level poverty trap. In addition, both parameters would permit a closer look at the crucial role played by social relationships which are often missed out by the profit-surplus entities through adequate evidence of active social instruments of kinship, descent, capital, etc. This would help in delineating an economic sense of these primitive societies to sociability amongst the tribals engaging in labour markets in the urban regions, fostering products in ‘Mandis’ and contract schemes with the government and private entities, elimination of the polarised economic legacy of their ‘savage’ ‘barbaric image’ will ultimately require more proactive efforts.","",""
2,"Mary Brydon-Miller, Lesley Wood","Rethinking Ethical Processes for Community-Based Research with Vulnerable Populations: Lessons from Practice",2022,"Palgrave Studies in Education Research Methods","Springer International Publishing","http://dx.doi.org/10.1007/978-3-030-86402-6_2","",423,"2024-06-21 14:54:40","book-chapter","10.1007/978-3-030-86402-6_2","2662-7345","",,,31,55,2,1.00,1,2,2,"","https://link.springer.com/content/pdf/10.1007/978-3-030-86402-6_2",""
1,"Dimitri Tchakounté Tchuimi","Does maternal empowerment influence childhood stunting and wasting in Cameroon? A cross-sectional study",2022,"Vulnerable Children and Youth Studies","Informa UK Limited","http://dx.doi.org/10.1080/17450128.2022.2141405","",424,"2024-06-21 14:54:40","journal-article","10.1080/17450128.2022.2141405","1745-0128","",18,2,263,281,1,0.50,1,1,2,"","https://www.tandfonline.com/doi/pdf/10.1080/17450128.2022.2141405",""
0,"Elif KARAOSMANOĞLU, Mehmet OKAN, Didem Gamze IŞIKSAL, Neşenur ALTINİĞNE, Elif İDEMEN, Özge DEMİR","COVID-19 SÜRECİNDE TÜKETİCİ REFAHININ DÖNÜŞÜMÜ: KIRILGAN VE KIRILGAN OLMAYAN TÜKETİCİ GRUPLARININ KARŞILAŞTIRILMASI",2023,"Pazarlama ve Pazarlama Araştırmaları Dergisi","Makale Sistemi/Geomes","http://dx.doi.org/10.15659/ppad.16.2.1247638","",425,"2024-06-21 14:54:40","journal-article","10.15659/ppad.16.2.1247638","1309-243X","",,,,,0,0.00,0,6,1,"","",""
0,"","Notes",2023,"Side Hustle Safety Net","University of California Press","http://dx.doi.org/10.1525/9780520387317-012","",426,"2024-06-21 14:54:40","book-chapter","10.1525/9780520387317-012","","",,,261,278,0,0.00,0,0,1,"","https://www.degruyter.com/document/doi/10.1525/9780520387317-012/xml",""
0,"","Foreword",2022,"Intermediaries in the Criminal Justice System","Bristol University Press","http://dx.doi.org/10.46692/9781447326076.001","",427,"2024-06-21 14:54:40","other","10.46692/9781447326076.001","","",,,,,0,0.00,0,0,2,"","https://www.cambridge.org/core/services/aop-cambridge-core/content/view/882D99DA3EE6ADD9B5E5C11ACD874F21",""
0,"","‘Protecting the Vulnerable’",2022,"Deprivation of Liberty in the Shadows of the Institution","Bristol University Press","http://dx.doi.org/10.2307/j.ctv2fjwpsp.17","",428,"2024-06-21 14:54:40","book-chapter","10.2307/j.ctv2fjwpsp.17","","",,,208,225,0,0.00,0,0,2,"","",""
0,"Tianyuan Hu, Jingyue Li, André Storhaug, Bixin Li","Why Smart Contracts Reported as Vulnerable were not Exploited?",2023,"","Institute of Electrical and Electronics Engineers (IEEE)","http://dx.doi.org/10.36227/techrxiv.21953189.v1","",429,"2024-06-21 14:54:40","posted-content","10.36227/techrxiv.21953189.v1","","",,,,,0,0.00,0,4,1,"<p>As smart contracts process digital assets, their security is essential for blockchain applications. Many approaches have been proposed to detect smart contract vulnerabilities. Studies show that few of the reported vulnerabilities are exploited and hypothesize that many of the reported vulnerabilities are false positives. However, no follow-up study is performed to confirm the hypothesis and understand why the reported vulnerabilities are not exploited. In this study, we first collect 136,969 unique real-world smart contracts and analyze them using four vulnerability detectors, namely Oyente, SmartCheck, Slither, and SolDetector. Then, we apply Strauss’ grounded theory approach to manually analyze the source code of the smart contracts reported as vulnerable to recognizing false positives and understand the reasons for false results. In addition, we analyze the transaction logs of the smart contracts reported as vulnerable to identifying and understanding their exploitations. Our results show that 75.37% of the 4,364 smart contracts reported as vulnerable are false positives, and eleven reasons are causing the false positives. After analyzing the 4,106,134 transaction logs of the contracts reported as vulnerable, we find that vulnerabilities of only 67 (0.015%) of the contracts have been exploited in history. We also identify six reasons for demotivating and preventing the attackers from exploiting the vulnerabilities. Our results reveal that state-of-the-art smart contract vulnerability detectors primarily treat the smart contracts as yet another application developed using Object Oriented (OO) languages when analyzing and reporting the smart contract vulnerabilities. Without considering the specific design principles of the Solidity programming language and the characteristics of smart contracts' application scenarios and execution environments, many of the reported vulnerabilities are not exploitable or not cost-effective to be exploited by adversaries. </p>","https://ndownloader.figshare.com/files/39000125",""
2,"Gerard J. Ryan","Mutual Accompaniment as Faith-Filled Living",2022,"","Springer International Publishing","http://dx.doi.org/10.1007/978-3-031-06007-6","",430,"2024-06-21 14:54:40","book","10.1007/978-3-031-06007-6","","",,,,,2,1.00,2,1,2,"","https://link.springer.com/content/pdf/10.1007/978-3-031-06007-6.pdf",""
0,"Graham Russell","Understanding Vulnerability and Resilience",2023,"","Routledge","http://dx.doi.org/10.4324/9781351035545","",431,"2024-06-21 14:54:40","monograph","10.4324/9781351035545","","",,,,,0,0.00,0,1,1,"","",""
0,"Frauke Rostalski","Anmerkungen",2024,"Die vulnerable Gesellschaft","Verlag C.H.BECK oHG","http://dx.doi.org/10.17104/9783406814631-176","",432,"2024-06-21 14:54:40","book-chapter","10.17104/9783406814631-176","","",,,176,189,0,0.00,0,1,1,"","",""
0,"Texas Health and Human Services","Impact of COVID-19 on Vulnerable Populations in Texas",2021,"San Antonio Review","PubPub","http://dx.doi.org/10.21428/9b43cd98.895c8813","",433,"2024-06-21 14:54:40","journal-article","10.21428/9b43cd98.895c8813","","",,,,,0,0.00,0,1,3,"","",""
0,"","CULTIVATING VULNERABLE CONVERSATIONS",2021,"Hiding in the Pews","Fortress Press","http://dx.doi.org/10.2307/j.ctv1khdqdz.14","",434,"2024-06-21 14:54:40","book-chapter","10.2307/j.ctv1khdqdz.14","","",,,149,162,0,0.00,0,0,3,"","",""
0,"Mario Arturo Ruiz Estrada","How Much Vulnerable is a Cryptocurrency?",2023,"SSRN Electronic Journal","Elsevier BV","http://dx.doi.org/10.2139/ssrn.4531496","",435,"2024-06-21 14:54:40","journal-article","10.2139/ssrn.4531496","1556-5068","",,,,,0,0.00,0,1,1,"","",""
0,"","Conclusion",2022,"Intermediaries in the Criminal Justice System","Bristol University Press","http://dx.doi.org/10.46692/9781447326076.016","",436,"2024-06-21 14:54:40","other","10.46692/9781447326076.016","","",,,303,308,0,0.00,0,0,2,"","https://www.cambridge.org/core/services/aop-cambridge-core/content/view/EFD79D1C416B45E1646A99F8EBA0BA58",""
0,"Kirsten Westphal","Vulnerable Plaques stabilisieren",2022,"CME","Springer Science and Business Media LLC","http://dx.doi.org/10.1007/s11298-022-2426-7","",437,"2024-06-21 14:54:40","journal-article","10.1007/s11298-022-2426-7","1614-371X","",19,6,49,49,0,0.00,0,1,2,"","https://link.springer.com/content/pdf/10.1007/s11298-022-2426-7.pdf",""
0,"","Could certain COVID-19 vaccines leave people more vulnerable to the AIDS virus?",2021,"AAAS Articles DO Group","American Association for the Advancement of Science (AAAS)","http://dx.doi.org/10.1126/science.abf3359","",438,"2024-06-21 14:54:40","dataset","10.1126/science.abf3359","","",,,,,0,0.00,0,0,3,"","",""
0,"Thao Do, Eric Kasper","The Impact of Covid-19 Response Policies on Select Vulnerable Groups in Vietnam",2022,"","Institute of Development Studies","http://dx.doi.org/10.19088/ids.2022.038","",439,"2024-06-21 14:54:40","report","10.19088/ids.2022.038","","",,,,,0,0.00,0,2,2,"Despite the significant impact of the pandemic’s fourth wave, Vietnam’s overall strategy was seen as well planned with one of the lowest infection rates globally in 2020–2021. In June 2019, an estimated 540,000 Vietnamese migrant workers were recorded working legally in 40 countries and territories, making Vietnam a major labour exporter and one of the top ten countries to receive international remittances. Our research shows how Vietnam’s Covid-19 policy response has influenced Vietnamese migrant workers and counter-trafficking work, particularly in border areas. The research discussed four main findings. Firstly, border closures left many overseas migrant workers vulnerable and led them to rely on people smugglers. Secondly, the suspension of commercial international flights and a lack of transparency and favouritism in allocating seats on repatriation flights left many stranded. Thirdly, the national pandemic response plan suffered from limitations. Lastly, Covid-19 policies have led to new trafficking trends and challenges. Based on this evidence, the research suggests that digitalising and modernising social services could strengthen the inclusion of vulnerable groups, simplify the administrative and management process, save costs, and reduce corruption. Participation of vulnerable groups, especially ethnic minorities and overseas migrant workers, including fishers, should be ensured in national policy design and local implementation. Additionally, improving transparency and accountability of support systems could help gain citizens’ trust in the government, which would be beneficial for future crisis responses.","",""
0,"","Contents",2022,"Arctic Abstractive Industry","Berghahn Books","http://dx.doi.org/10.1515/9781800734692-toc","",440,"2024-06-21 14:54:40","book-chapter","10.1515/9781800734692-toc","","",,,,,0,0.00,0,0,2,"","https://www.degruyter.com/document/doi/10.1515/9781800734692-toc/xml",""
0,"Alexandrea J. Ravenelle","Side Hustle Safety Net",2023,"","University of California Press","http://dx.doi.org/10.1525/9780520387317","",441,"2024-06-21 14:54:40","edited-book","10.1525/9780520387317","","",,,,,0,0.00,0,1,1,"","",""
0,"","Acknowledgments",2023,"Side Hustle Safety Net","University of California Press","http://dx.doi.org/10.1525/9780520387317-002","",442,"2024-06-21 14:54:40","book-chapter","10.1525/9780520387317-002","","",,,,,0,0.00,0,0,1,"","https://www.degruyter.com/document/doi/10.1525/9780520387317-002/xml",""
0,"Patrick Malcolm, Klaus Bogenberger","Lane-Free Intersection Control for Connected Automated Vehicles Prioritizing Vulnerable Road Users",2024,"","Elsevier BV","http://dx.doi.org/10.2139/ssrn.4760716","",443,"2024-06-21 14:54:40","posted-content","10.2139/ssrn.4760716","","",,,,,0,0.00,0,2,1,"","",""
0,"Tianyuan Hu, Jingyue Li, Bixin Li, André Storhaug","Why Smart Contracts Reported as Vulnerable were not Exploited?",2023,"","Institute of Electrical and Electronics Engineers (IEEE)","http://dx.doi.org/10.36227/techrxiv.21953189","",444,"2024-06-21 14:54:40","posted-content","10.36227/techrxiv.21953189","","",,,,,0,0.00,0,4,1,"<p>Smart contract security is essential for blockchain applications. Studies show that few of the reported vulnerabilities are exploited. However, no follow-up study is performed to why the reported vulnerabilities are not exploited. We aim to understand the reasons for the low exploitation rate to help improve vulnerability detection practices. We first collect 136,969 unique real-world smart contracts and analyze them using seven vulnerability detectors. Then, we apply Strauss’ grounded theory approach to understand if they are exploitable. In addition, we analyze the transaction logs of the exploitable vulnerabilities to understand their exploitations in history.  Among the 4,364 smart contracts reported as vulnerable by the vulnerability detectors, 75.27% of them are unexploitable. Only 66 (0.015%) exploitable contracts have been exploited. We uncover 11 reasons for making the detectors misidentify unexploitable vulnerabilities and six reasons that may lower the possibility of exploitable contracts being exploited by attackers. We illustrate that: beyond treating the smart contracts as yet another Object Oriented (OO) application, it is essential to consider the Solidity programming language’s design principle, smart contracts' application scenarios, and their execution environments. Based on the study's insights, we provide several suggestions to improve smart contract vulnerability detection, prioritization, and mitigation.  </p>","https://ndownloader.figshare.com/files/41599254",""
0,"","Chadian accusations reflect vulnerable south",2023,"Emerald Expert Briefings","Emerald","http://dx.doi.org/10.1108/oxan-es275359","",445,"2024-06-21 14:54:40","report-component","10.1108/oxan-es275359","2633-304X","",,,,,0,0.00,0,0,1,"Headline: CHAD: Accusations reflect vulnerable south","https://www.emerald.com/insight/content/doi/10.1108/OXAN-ES275359/full/html",""
0,"Indira Sultanić","Interpreting for vulnerable populations",2022,"Interpreter Training in Conflict and Post-Conflict Scenarios","Routledge","http://dx.doi.org/10.4324/9781003230359-12","",446,"2024-06-21 14:54:40","book-chapter","10.4324/9781003230359-12","","",,,114,128,0,0.00,0,1,2,"","",""
0,"","10. Vulnerable Witnesses",2022,"Criminal Evidence and Procedure: An Introduction","Edinburgh University Press","http://dx.doi.org/10.1515/9781474494670-015","",447,"2024-06-21 14:54:40","book-chapter","10.1515/9781474494670-015","","",,,156,172,0,0.00,0,0,2,"","https://www.degruyter.com/document/doi/10.1515/9781474494670-015/xml",""
0,"David Heller, Pantelis Karapanagiotis, Oivind Anti Nilsen","Small and Vulnerable? Firm Size and Financing Constraints Dynamics",2023,"","Elsevier BV","http://dx.doi.org/10.2139/ssrn.4634077","",448,"2024-06-21 14:54:40","posted-content","10.2139/ssrn.4634077","","",,,,,0,0.00,0,3,1,"","",""
0,"Harisur Rhaman","A Closer Look",2023,"The Displaced Rohingyas","Routledge India","http://dx.doi.org/10.4324/9781003228707-14","",449,"2024-06-21 14:54:40","book-chapter","10.4324/9781003228707-14","","",,,178,197,0,0.00,0,1,1,"","",""
0,"John Keen","Decision letter for ""Climate change increased extreme monsoon rainfall, flooding highly vulnerable communities in Pakistan""",2023,"","IOP Publishing","http://dx.doi.org/10.1088/2752-5295/acbfd5/v1/decision1","",450,"2024-06-21 14:54:40","peer-review","10.1088/2752-5295/acbfd5/v1/decision1","","",,,,,0,0.00,0,1,1,"","",""
0,"Gemma Houldey","Concluding reflections",2021,"The Vulnerable Humanitarian","Routledge","http://dx.doi.org/10.4324/9781003032427-10","",451,"2024-06-21 14:54:40","book-chapter","10.4324/9781003032427-10","","",,,183,186,0,0.00,0,1,3,"","",""
0,"Agnė Limantė","Vulnerable Groups in the Case Law of the European Court of Human Rights",2022,"European Union and its Neighbours in a Globalized World","Springer International Publishing","http://dx.doi.org/10.1007/978-3-031-06998-7_2","",452,"2024-06-21 14:54:40","book-chapter","10.1007/978-3-031-06998-7_2","2524-8928","",,,29,54,0,0.00,0,1,2,"","https://link.springer.com/content/pdf/10.1007/978-3-031-06998-7_2",""
0,"Rose Ingutia","Has the sustainable development goal of reducing the proportion of youths not in education, employment or training by 2020 been met in Africa?",2022,"Vulnerable Children and Youth Studies","Informa UK Limited","http://dx.doi.org/10.1080/17450128.2022.2141406","",453,"2024-06-21 14:54:40","journal-article","10.1080/17450128.2022.2141406","1745-0128","",18,2,298,308,0,0.00,0,1,2,"","https://www.tandfonline.com/doi/pdf/10.1080/17450128.2022.2141406",""
0,"Andrew J. Stewart","Software Security and the “Hamster Wheel of Pain”",2021,"A Vulnerable System","Cornell University Press","http://dx.doi.org/10.7591/cornell/9781501758942.003.0006","",454,"2024-06-21 14:54:40","book-chapter","10.7591/cornell/9781501758942.003.0006","","",,,78,99,0,0.00,0,1,3,"<p>This chapter assesses how the feedback loop that emerged during the dot-com boom had created an ever-increasing number of new vulnerabilities that organizations needed to respond to by applying security patches. At the heart of the perimeter model of security was the firewall, but an organization's firewall had to permit web traffic to reach the organization's web server. If the web server had a vulnerability, which it almost certainly would experience over time, a hacker could compromise its security and likely then compromise the security of the operating system on which the web server was running. A desire for the focus of security efforts to be placed on operating system security was a curious return to the thinking of the 1970s and 1980s. Microsoft is best known for its computer software, and so its security efforts have historically been focused on software security. Ultimately, Microsoft was successful in reducing the number of security vulnerabilities in its software, in contributing to the creation of software security as a discipline, and in raising the profile of software security generally.</p>","",""
0,"Andrew J. Stewart","Epilogue",2021,"A Vulnerable System","Cornell University Press","http://dx.doi.org/10.7591/cornell/9781501758942.003.0011","",455,"2024-06-21 14:54:40","book-chapter","10.7591/cornell/9781501758942.003.0011","","",,,200,204,0,0.00,0,1,3,"<p>This epilogue argues that the information security challenges of today will remain intractable until the past is better understood. Indeed, the three stigmata — data breaches, nation-state hacking, and epistemic closure — became manifest precisely because the past is so easy to overlook. Given these challenges, there is the question of what should be done. There must be a special effort to better understand how complexity affects information security and how that complexity can be managed. Modern programming languages that do not fall prey to certain kinds of security vulnerabilities are an example of a means by which accidental complexity can be reduced. A second example is the removal of unnecessary security decisions from both end users and technology practitioners.</p>","",""
0,"Javier Sagredo","The 2030 Sustainable Development Agenda and the War on Drugs",2021,"Transforming the War on Drugs","Oxford University Press","http://dx.doi.org/10.1093/oso/9780197604359.003.0014","",456,"2024-06-21 14:54:40","book-chapter","10.1093/oso/9780197604359.003.0014","","",,,343,375,0,0.00,0,1,3,"<p>Chapter 13 argues for a human development approach to drug policy. Taking the 2030 Agenda for Sustainable Development as a reference point, it reflects upon the basic premises that would be included in a development-based approach. Pinpointing the negative impacts that the War on Drugs has had on the most vulnerable people and on development more broadly, it contends that such an approach would improve the International Drug Control Regime’s effectiveness and reduce the harms associated with its implementation.</p>","",""
0,"","Appendixes",2022,"Vulnerable Communities","Cornell University Press","http://dx.doi.org/10.1515/9781501761331-013","",457,"2024-06-21 14:54:40","book-chapter","10.1515/9781501761331-013","","",,,251,260,0,0.00,0,0,2,"","https://www.degruyter.com/document/doi/10.1515/9781501761331-013/xml",""
0,"","Frontmatter",2022,"Vulnerable Communities","Cornell University Press","http://dx.doi.org/10.1515/9781501761331-fm","",458,"2024-06-21 14:54:40","book-chapter","10.1515/9781501761331-fm","","",,,,,0,0.00,0,0,2,"","https://www.degruyter.com/document/doi/10.1515/9781501761331-fm/xml",""
0,"","Acknowledgments",2022,"Vulnerable Communities","Cornell University Press","http://dx.doi.org/10.1515/9781501761331-001","",459,"2024-06-21 14:54:40","book-chapter","10.1515/9781501761331-001","","",,,,,0,0.00,0,0,2,"","https://www.degruyter.com/document/doi/10.1515/9781501761331-001/xml",""
0,"Hong You","Does Destination Cities’ Digitalization Block Vulnerable Groups from Moving to Opportunity: Evidence from China",2023,"","Elsevier BV","http://dx.doi.org/10.2139/ssrn.4639734","",460,"2024-06-21 14:54:40","posted-content","10.2139/ssrn.4639734","","",,,,,0,0.00,0,1,1,"","",""
0,"","Waves of Emotion",2024,"Significant Emotions","Bloomsbury Publishing Plc","http://dx.doi.org/10.5040/9781350026834.ch-4","",461,"2024-06-21 14:54:40","other","10.5040/9781350026834.ch-4","","",,,51,74,0,0.00,0,0,1,"","",""
0,"","LAW AND THE VULNERABLE STATE",2023,"Terror Trials","Fordham University Press","http://dx.doi.org/10.2307/j.ctv31zqc62.7","",462,"2024-06-21 14:54:40","book-chapter","10.2307/j.ctv31zqc62.7","","",,,92,114,0,0.00,0,0,1,"","",""
0,"Frauke Rostalski","Schluss",2024,"Die vulnerable Gesellschaft","Verlag C.H.BECK oHG","http://dx.doi.org/10.17104/9783406814631-172","",463,"2024-06-21 14:54:40","book-chapter","10.17104/9783406814631-172","","",,,172,175,0,0.00,0,1,1,"","",""
0,"Frauke Rostalski","Register",2024,"Die vulnerable Gesellschaft","Verlag C.H.BECK oHG","http://dx.doi.org/10.17104/9783406814631-189","",464,"2024-06-21 14:54:40","book-chapter","10.17104/9783406814631-189","","",,,189,189,0,0.00,0,1,1,"","",""
0,"","Vulnerable friend",2022,"Inside Retirement Housing","Policy Press","http://dx.doi.org/10.56687/9781447357636-008","",465,"2024-06-21 14:54:40","book-chapter","10.56687/9781447357636-008","","",,,53,76,0,0.00,0,0,2,"","https://www.degruyter.com/document/doi/10.56687/9781447357636-008/xml",""
0,"Francis Onditi","Vulnerability of the Vulnerable Group in Complex Peace Operations in Somalia: Capacity Pitfall or Negligence?",2022,"","Qeios Ltd","http://dx.doi.org/10.32388/6etgbd","",466,"2024-06-21 14:54:40","posted-content","10.32388/6etgbd","","",,,,,0,0.00,0,1,2,"It has been a constant feature in peacekeeping missions that military forces are accused of violating the rights of those vulnerable, particularly children and women. This notion has blighted the significance of the debate on whether these forces working jointly with humanitarian agencies could create synergies for protecting children from the risks of abuse by belligerents. While the rising demand for joint military-humanitarian initiatives on the African continent is starting to be visible, cases of children abuse remain on the rise in countries experiencing armed conflict such as Somalia. What are the opportunities and challenges facing the potential for joint initiatives between military forces and humanitarian agencies? Using the case of the Eastern Africa Standby Force (EASF), this article will particularly uncover the main driving forces constraining military forces from effectively protecting children’s rights in Somalia. In conclusion, the article points to the need to improve the civil-military relationship by building sustainable partnerships as a prerequisite for protecting the rights of children in fragile states.","https://www.qeios.com/read/6ETGBD/pdf",""
0,"William F.","Potential for Shared, Electric, and Automated Mobility (SEAM) to Fill Mobility Gaps for Vulnerable Populations",2022,"","Morressier GmbH","http://dx.doi.org/10.26226/m.63283144f30377bc3baf7caa","",467,"2024-06-21 14:54:40","posted-content","10.26226/m.63283144f30377bc3baf7caa","","",,,,,0,0.00,0,1,2,"","",""
0,"","Justice Matters: Human and Nonhuman Toxiconomies",2024,"Vulnerable Earth","Cambridge University Press","http://dx.doi.org/10.1017/9781009496896.007","",468,"2024-06-21 14:54:40","other","10.1017/9781009496896.007","","",,,185,248,0,0.00,0,0,1,"","",""
1,"Alexander Mersel","Treatment Dilemmas for Vulnerable Patients in Oral Health",2022,"","Springer International Publishing","http://dx.doi.org/10.1007/978-3-031-08435-5","",469,"2024-06-21 14:54:40","book","10.1007/978-3-031-08435-5","","",,,,,1,0.50,1,1,2,"","https://link.springer.com/content/pdf/10.1007/978-3-031-08435-5.pdf",""
0,"","Index",2023,"Side Hustle Safety Net","University of California Press","http://dx.doi.org/10.1525/9780520387317-014","",470,"2024-06-21 14:54:40","book-chapter","10.1525/9780520387317-014","","",,,311,329,0,0.00,0,0,1,"","https://www.degruyter.com/document/doi/10.1525/9780520387317-014/xml",""
0,"Marium Farrukh, Fareeha Kanwal","Relationship of Grandiose Narcissism, Vulnerable Narcissism and Metacognition with Social Networking Sites",2023,"","Elsevier BV","http://dx.doi.org/10.2139/ssrn.4592641","",471,"2024-06-21 14:54:40","posted-content","10.2139/ssrn.4592641","","",,,,,0,0.00,0,2,1,"","",""
0,"Amanda Achmadi, Sidh Sintusingha","Vulnerable resilience in COVID-19",2023,"Routledge Handbook of Asian Cities","Routledge","http://dx.doi.org/10.4324/9781003256533-5","",472,"2024-06-21 14:54:40","book-chapter","10.4324/9781003256533-5","","",,,49,59,0,0.00,0,2,1,"","",""
0,"Os Keyes","Good Technology Is Vulnerable",2024,"The Good Robot","Bloomsbury Publishing Plc","http://dx.doi.org/10.5040/9781350399990.0018","",473,"2024-06-21 14:54:40","other","10.5040/9781350399990.0018","","",,,93,99,0,0.00,0,1,1,"","",""
0,"","Review for ""A scoping review and intersectionality‐based analysis of heart failure telehealth interventions for vulnerable populations""",2022,"","Wiley","http://dx.doi.org/10.1111/jan.15756/v1/review2","",474,"2024-06-21 14:54:40","peer-review","10.1111/jan.15756/v1/review2","","",,,,,0,0.00,0,0,2,"","",""
0,"","Review for ""A scoping review and intersectionality‐based analysis of heart failure telehealth interventions for vulnerable populations""",2022,"","Wiley","http://dx.doi.org/10.1111/jan.15756/v1/review1","",475,"2024-06-21 14:54:40","peer-review","10.1111/jan.15756/v1/review1","","",,,,,0,0.00,0,0,2,"","",""
0,"Michael Lynch","Pain in the Emergency Room",2024,"Pain Management in Vulnerable Populations","Oxford University PressNew York","http://dx.doi.org/10.1093/med/9780197649176.003.0033","",476,"2024-06-21 14:54:40","book-chapter","10.1093/med/9780197649176.003.0033","","",,,504,518,0,0.00,0,1,1,"Abstract: Pain and vulnerability frequently coincide during visits to the emergency department (ED). Approximately 75% of ED visits involve the management of pain, with many patients also reporting chronic pain conditions. At the same time, a complex interplay of patient, provider, and systemic factors can lead to individuals experiencing vulnerability during an ED visit. Understanding the variables that contribute to pain and vulnerability is necessary to ensure that patients have access to evidence-based and equitable care. Some interventions can be deployed at the individual provider level to address these issues, but truly solving problems of inequity, vulnerability, and access to care will require a systematic approach in health care and social interventions that are outside the control of individual patients and health care providers at the time of an ED visit. This chapter provides an overview of the impact of pain and vulnerability on patient outcomes, underlying sources of vulnerability, and proposes interventions aimed at reducing vulnerability and harm while improving equitable access to care. Providing the best possible care to a patient with a goal of improving health rather than simply mitigating disease involves health care providers and the system in which they operate taking a holistic approach that includes recognition and palliation of elements that contribute to a patient’s vulnerability.","https://academic.oup.com/book/57299/chapter/461767111",""
0,"Lindy Burton","Discussion of Present Findings",2022,"Vulnerable Children","Routledge","http://dx.doi.org/10.4324/9781003287865-28","",477,"2024-06-21 14:54:40","book-chapter","10.4324/9781003287865-28","","",,,244,255,0,0.00,0,1,2,"","",""
0,"Emma Cardeli, Seethalakshmi Davis, B. Heidi Ellis","Prevention and Early Intervention Programs for Vulnerable Populations",2022,"The Oxford Handbook of Traumatic Stress Disorders, Second Edition","Oxford University Press","http://dx.doi.org/10.1093/oxfordhb/9780190088224.013.30","",478,"2024-06-21 14:54:40","reference-entry","10.1093/oxfordhb/9780190088224.013.30","","",,,,,0,0.00,0,3,2,"<p>Vulnerable populations have unique issues that need to be considered in the development and delivery of prevention and early intervention models. For these individuals, social context or stressors and support within their social environments may be particularly critical to consider in the wake of a traumatic exposure. In this chapter, the authors use a socioecological model based on Bronfennbrenner’s ecology of human development, dividing an individual’s environment into progressively broader levels, here focusing primarily on the microsystem. They discuss some of the environmental factors that are important to consider when planning and implementing prevention and early-intervention programs for vulnerable populations, including an exploration of these factors in the case of refugee children.</p>","",""
0,"Laura E Cowley, Karen Hodgson, Jiao Song, Tony Whiffen, Jacinta Tan, Ann John, Amrita Bandyopadhyay, Alisha R Davies","Effects of the COVID-19 pandemic on the mental health of clinically extremely vulnerable children and children living with clinically extremely vulnerable people in Wales: A data linkage study",2022,"","Cold Spring Harbor Laboratory","http://dx.doi.org/10.1101/2022.09.11.22279823","",479,"2024-06-21 14:54:40","posted-content","10.1101/2022.09.11.22279823","","",,,,,0,0.00,0,8,2,"Objectives: To determine whether clinically extremely vulnerable (CEV) children or children living with a CEV person in Wales were at greater risk of presenting with anxiety or depression in primary or secondary care during the COVID-19 pandemic compared with children in the general population, and to compare patterns of anxiety and depression during the pandemic (23 Design: Population-based cross-sectional cohort study using anonymised, linked, routinely collected health and administrative data held in the Secure Anonymised Information Linkage Databank. CEV individuals were identified using the COVID-19 Shielded Patient List. Setting: Primary and secondary healthcare settings covering 80% of the population of Wales. Participants: Children aged 2–17 in Wales: CEV (3,769); living with a CEV person (20,033); or neither (415,009). Primary outcome measure: First record of anxiety or depression in primary or secondary healthcare in 2019/20 and 2020/21, identified using Read and ICD-10 codes. Results: A Cox regression model adjusted for demographics and history of anxiety or depression revealed that only CEV children were at greater risk of presenting with anxiety or depression during the pandemic compared with the general population (Hazard Ratio=2.27, 95% Confidence Interval=1.94–2.66, p<0.001). Compared with the general population, the risk amongst CEV children was higher in 2020/21 (Risk Ratio 3.04) compared with 2019/20 (Risk Ratio 1.90). In 2020/21, the cumulative incidence of anxiety or depression increased slightly amongst CEV children, but declined amongst the general population. Conclusions: Differences in the cumulative incidences of recorded anxiety or depression in healthcare between CEV children and the general population were largely driven by a reduction in presentations to healthcare services by children in the general population during the pandemic. Strengths and limitations of this study:","https://syndication.highwire.org/content/doi/10.1101/2022.09.11.22279823",""
0,"Aslihan Ataman, Burcu Uysal","Examining the effectiveness of a group hope intervention program in Syrian refugee children: A pilot study",2023,"Vulnerable Children and Youth Studies","Informa UK Limited","http://dx.doi.org/10.1080/17450128.2023.2216476","",480,"2024-06-21 14:54:40","journal-article","10.1080/17450128.2023.2216476","1745-0128","",18,3,501,515,0,0.00,0,2,1,"","https://www.tandfonline.com/doi/pdf/10.1080/17450128.2023.2216476",""
1,"Fabienne Ligier, Julie Rolling, Francis Guillemin, Bernard Kabuth","Cell phone use among adolescents attempting suicide and its relationship to quality of life and social support",2021,"Vulnerable Children and Youth Studies","Informa UK Limited","http://dx.doi.org/10.1080/17450128.2021.1909790","",481,"2024-06-21 14:54:40","journal-article","10.1080/17450128.2021.1909790","1745-0128","",17,1,27,37,1,0.33,0,4,3,"","https://www.tandfonline.com/doi/pdf/10.1080/17450128.2021.1909790",""
0,"Andrew J. Stewart","Data Breaches, Nation-State Hacking, and Epistemic Closure",2021,"A Vulnerable System","Cornell University Press","http://dx.doi.org/10.7591/cornell/9781501758942.003.0009","",482,"2024-06-21 14:54:40","book-chapter","10.7591/cornell/9781501758942.003.0009","","",,,152,175,0,0.00,0,1,3,"<p>This chapter explores data breaches, nation-state hacking, and epistemic closure. After being compromised in a data breach, personal information, such as financial records and health history, is offered for sale on black markets. Criminals buy that information and use it to commit crimes such as identity theft and fraud. Breach disclosure laws have two intended goals: to enable the people whose information has been compromised to become aware of that fact and to perform a kind of public shaming of the organization that experienced the breach. The nation-states have also become so accomplished at hacking that they have forced a restructuring of the entire field of information security. Meanwhile, stunt hacking is a striking manifestation of the epistemic closure within the field of information security because it ignores the root causes of security failures and instead places the focus on the surface manifestation of those root causes.</p>","",""
0,"Nick Gill","Remote Justice and Vulnerable Litigants: The Case of Asylum",2021,"Pandemic Legalities","Policy Press","http://dx.doi.org/10.1332/policypress/9781529218916.003.0003","",483,"2024-06-21 14:54:40","book-chapter","10.1332/policypress/9781529218916.003.0003","","",,,27,40,0,0.00,0,1,3,"<p>The recent acceleration in the use of remote justice in the UK, prompted by COVID-19, raises the question of how such changes affect litigants in person and vulnerable litigants. The latter include children and young adults, immigration detainees, those using English as an additional language, those facing mental health difficulties or who are neuro-diverse, those with alcohol or drug dependencies, and those who are excessively fearful and anxious. This chapter presents the results of a study which attempts to understand appellants’ experiences of asylum appeal hearings, conducting interviews with asylum appellants as well as legal professionals, and observing appeal processes from the public galleries of hearing rooms in the UK and various other European countries.</p>","",""
0,"Veronica Dinaj, Bo Wang, Henna Budhwani, Sylvie Naar, Karen Kolmodin MacDonell","Social ecological model of alcohol use among youth living with HIV",2024,"Vulnerable Children and Youth Studies","Informa UK Limited","http://dx.doi.org/10.1080/17450128.2024.2366255","",484,"2024-06-21 14:54:40","journal-article","10.1080/17450128.2024.2366255","1745-0128","",,,1,15,0,0.00,0,5,1,"","https://www.tandfonline.com/doi/pdf/10.1080/17450128.2024.2366255",""
2,"Zaldy C. Collado","Displacement, miseries, and responsibilities: what does it mean to rebuild the home among young people affected by conflict in the southern Philippines?",2021,"Vulnerable Children and Youth Studies","Informa UK Limited","http://dx.doi.org/10.1080/17450128.2021.1936735","",485,"2024-06-21 14:54:40","journal-article","10.1080/17450128.2021.1936735","1745-0128","",16,3,259,266,2,0.67,2,1,3,"","https://www.tandfonline.com/doi/pdf/10.1080/17450128.2021.1936735",""
2,"Claudine Dumbi Suka, Juliette Alenda-Demoutiez","Being vulnerable in a vulnerable activity: women market gardeners of Kinshasa",2022,"Canadian Journal of Development Studies / Revue canadienne d'études du développement","Informa UK Limited","http://dx.doi.org/10.1080/02255189.2022.2087055","",486,"2024-06-21 14:54:40","journal-article","10.1080/02255189.2022.2087055","0225-5189","",43,4,593,610,2,1.00,1,2,2,"","https://www.tandfonline.com/doi/pdf/10.1080/02255189.2022.2087055",""
0,"Dovilė Pūraitė-Andrikienė","The Role of Constitutional Justice Institutions in the Protection of Vulnerable Groups",2022,"European Union and its Neighbours in a Globalized World","Springer International Publishing","http://dx.doi.org/10.1007/978-3-031-06998-7_3","",487,"2024-06-21 14:54:40","book-chapter","10.1007/978-3-031-06998-7_3","2524-8928","",,,55,77,0,0.00,0,1,2,"","https://link.springer.com/content/pdf/10.1007/978-3-031-06998-7_3",""
2,"Paul Gootenberg","Building the Global Drug Regime",2021,"Transforming the War on Drugs","Oxford University Press","http://dx.doi.org/10.1093/oso/9780197604359.003.0003","",488,"2024-06-21 14:54:40","book-chapter","10.1093/oso/9780197604359.003.0003","","",,,53,82,2,0.67,2,1,3,"<p>Chapter 2 asserts that, once the International Drug Control Regime was established after the 1960s, drug consumption rates rose and drug supplies, trafficking routes, and trafficking organizations expanded and diversified. The chapter highlights three historical developments related to the current debate and crisis of the International Drug Control Regime. First, it presents the major treaties and institutions that influenced the evolution of the International Drug Control Regime; second, it analyzes the special role of the United States in the creation of norms and politics of the International Drug Control Regime; and third, it surveys the long-term impacts of the International Drug Control Regime on patterns of supply and use of two classes of global drugs, opiates, and cocaine. The chapter finds that the global history of opiates since 1900 under the International Drug Control Regime hardly represents a success story. Moreover, illicit cocaine expanded to unprecedented heights under the militarized International Drug Control Regime.</p>","",""
3,"Dilek Sahillioglu, Berrin Akman","The effects of the training program for the prevention of child abuse and neglect (ParentsCAN) on the awareness and understanding levels of parents",2021,"Vulnerable Children and Youth Studies","Informa UK Limited","http://dx.doi.org/10.1080/17450128.2021.1883172","",489,"2024-06-21 14:54:40","journal-article","10.1080/17450128.2021.1883172","1745-0128","",16,4,334,344,3,1.00,2,2,3,"","https://www.tandfonline.com/doi/pdf/10.1080/17450128.2021.1883172",""
0,"José Manuel Ortiz-Marcos, Miguel-Ángel Solano-Sánchez, Ana Lendinez-Turón, María Tomé-Fernández","Cybervictim vs. cyberaggressor. profile determination and comparison through artificial neural networks",2024,"Vulnerable Children and Youth Studies","Informa UK Limited","http://dx.doi.org/10.1080/17450128.2024.2319055","",490,"2024-06-21 14:54:40","journal-article","10.1080/17450128.2024.2319055","1745-0128","",19,2,288,308,0,0.00,0,4,1,"","https://www.tandfonline.com/doi/pdf/10.1080/17450128.2024.2319055",""
0,"Tuula Kolehmainen","Toni Cade Bambara’s vulnerable men",2021,"Mediating Vulnerability","UCL Press","http://dx.doi.org/10.2307/j.ctv1nnwhjt.9","",491,"2024-06-21 14:54:40","book-chapter","10.2307/j.ctv1nnwhjt.9","","",,,82,98,0,0.00,0,1,3,"","",""
0,"","Index",2022,"Vulnerable Communities","Cornell University Press","http://dx.doi.org/10.1515/9781501761331-015","",492,"2024-06-21 14:54:40","book-chapter","10.1515/9781501761331-015","","",,,265,272,0,0.00,0,0,2,"","https://www.degruyter.com/document/doi/10.1515/9781501761331-015/xml",""
0,"","Front Matter",2022,"I Wish My Dad","Broadleaf Books","http://dx.doi.org/10.2307/j.ctv29sfxvn.1","",493,"2024-06-21 14:54:40","book-chapter","10.2307/j.ctv29sfxvn.1","","",,,,,0,0.00,0,0,2,"","",""
0,"","Acknowledgments",2022,"Arctic Abstractive Industry","Berghahn Books","http://dx.doi.org/10.1515/9781800734692-003","",494,"2024-06-21 14:54:40","book-chapter","10.1515/9781800734692-003","","",,,,,0,0.00,0,0,2,"","https://www.degruyter.com/document/doi/10.1515/9781800734692-003/xml",""
0,"","Contents",2022,"Vulnerable Communities","Cornell University Press","http://dx.doi.org/10.1515/9781501761331-toc","",495,"2024-06-21 14:54:40","book-chapter","10.1515/9781501761331-toc","","",,,,,0,0.00,0,0,2,"","https://www.degruyter.com/document/doi/10.1515/9781501761331-toc/xml",""
0,"","An Open Subject?",2024,"Significant Emotions","Bloomsbury Publishing Plc","http://dx.doi.org/10.5040/9781350026834.ch-3","",496,"2024-06-21 14:54:40","other","10.5040/9781350026834.ch-3","","",,,37,51,0,0.00,0,0,1,"","",""
0,"Karen Adkins","Exploiting the Vulnerable",2021,"Social Philosophy Today","Philosophy Documentation Center","http://dx.doi.org/10.5840/socphiltoday20213791","",497,"2024-06-21 14:54:40","journal-article","10.5840/socphiltoday20213791","1543-4044","",37,,209,212,0,0.00,0,1,3,"","",""
1,"Tianyuan Hu, Jingyue Li, Bixin Li, André Storhaug","Why Smart Contracts Reported as Vulnerable were not Exploited?",2023,"","Institute of Electrical and Electronics Engineers (IEEE)","http://dx.doi.org/10.36227/techrxiv.21953189.v3","",498,"2024-06-21 14:54:40","posted-content","10.36227/techrxiv.21953189.v3","","",,,,,1,1.00,0,4,1,"<p>Smart contract security is essential for blockchain applications. Studies show that few of the reported vulnerabilities are exploited. However, no follow-up study is performed to why the reported vulnerabilities are not exploited. We aim to understand the reasons for the low exploitation rate to help improve vulnerability detection practices. We first collect 136,969 unique real-world smart contracts and analyze them using seven vulnerability detectors. Then, we apply Strauss’ grounded theory approach to understand if they are exploitable. In addition, we analyze the transaction logs of the exploitable vulnerabilities to understand their exploitations in history.  Among the 4,364 smart contracts reported as vulnerable by the vulnerability detectors, 75.27% of them are unexploitable. Only 66 (0.015%) exploitable contracts have been exploited. We uncover 11 reasons for making the detectors misidentify unexploitable vulnerabilities and six reasons that may lower the possibility of exploitable contracts being exploited by attackers. We illustrate that: beyond treating the smart contracts as yet another Object Oriented (OO) application, it is essential to consider the Solidity programming language’s design principle, smart contracts' application scenarios, and their execution environments. Based on the study's insights, we provide several suggestions to improve smart contract vulnerability detection, prioritization, and mitigation.  </p>","https://ndownloader.figshare.com/files/41599254",""
0,"Tianyuan Hu, Jingyue Li, Bixin Li, André Storhaug","Why Smart Contracts Reported as Vulnerable were not Exploited?",2023,"","Institute of Electrical and Electronics Engineers (IEEE)","http://dx.doi.org/10.36227/techrxiv.21953189.v2","",499,"2024-06-21 14:54:40","posted-content","10.36227/techrxiv.21953189.v2","","",,,,,0,0.00,0,4,1,"<p>Smart contract security is essential for blockchain applications. Studies show that few of the reported vulnerabilities are exploited. However, no follow-up study is performed to why the reported vulnerabilities are not exploited. We aim to understand the reasons for the low exploitation rate to help improve vulnerability detection practices. We first collect 136,969 unique real-world smart contracts and analyze them using seven vulnerability detectors. Then, we apply Strauss’ grounded theory approach to understand if they are exploitable. In addition, we analyze the transaction logs of the exploitable vulnerabilities to understand their exploitations in history.  Among the 4,364 smart contracts reported as vulnerable by the vulnerability detectors, 75.27% of them are unexploitable, and only 66 (0.015%) have been exploited. We uncover 11 reasons for making the detectors misidentify unexploitable vulnerabilities and six reasons for demotivating and preventing the attackers from exploiting the exploitable ones. We illustrate that: beyond treating the smart contracts as yet another Object Oriented (OO) application, it is essential to consider the Solidity programming language’s design principle, smart contracts' application scenarios, and their execution environments. Our results can help differentiate exploitable smart contracts to help allocate efforts to exploitable ones to mitigate emergent risks. </p>","https://ndownloader.figshare.com/files/41599254",""
0,"","Introduction: The Literature of Climate Crisis",2024,"Vulnerable Earth","Cambridge University Press","http://dx.doi.org/10.1017/9781009496896.003","",500,"2024-06-21 14:54:40","other","10.1017/9781009496896.003","","",,,1,20,0,0.00,0,0,1,"","",""
0,"","Front Matter",2023,"Side Hustle Safety Net","University of California Press","http://dx.doi.org/10.2307/jj.5864811.1","",501,"2024-06-21 14:54:40","book-chapter","10.2307/jj.5864811.1","","",,,,,0,0.00,0,0,1,"","",""
0,"","Front Matter",2021,"Hacia la transformación del conocimiento. Alternativas pedagógicas innovadoras con colectivos vulnerable","Dykinson","http://dx.doi.org/10.2307/j.ctv282jk7s.1","",502,"2024-06-21 14:54:40","book-chapter","10.2307/j.ctv282jk7s.1","","",,,2,6,0,0.00,0,0,3,"","",""
0,"Rita Chen, Rebekah Evans","Comparing tonic and phasic calcium in the dendrites of vulnerable midbrain neurons",2023,"","Authorea, Inc.","http://dx.doi.org/10.22541/au.169333982.22993195/v1","",503,"2024-06-21 14:54:40","posted-content","10.22541/au.169333982.22993195/v1","","",,,,,0,0.00,0,2,1,"Several midbrain nuclei degenerate in Parkinson’s Disease. Many of these nuclei share the common characteristics that are thought to contribute to their selective vulnerability, including pacemaking activity and high levels of calcium influx. In addition to the well-characterized dopaminergic neurons of the substantia nigra pars compacta (SNc), the cholinergic neurons of the pedunculopontine nucleus (PPN) also degenerate in PD. It is well established that the low-threshold L-type calcium current is a main contributor to tonic calcium in SNc dopaminergic neurons and is hypothesized to contribute to their selective vulnerability. However, it is not yet clear whether the vulnerable PPN cholinergic neurons share this property. Therefore, we used two-photon dendritic calcium imaging and whole-cell electrophysiology to evaluate the role of L-type calcium channels in the tonic and phasic activity of PPN neurons and the corresponding dendritic calcium signal and directly compare these characteristics to SNc neurons. We found that blocking L-type channels reduces tonic firing rate and dendritic calcium levels in SNc neurons. By contrast, the calcium load in PPN neurons during pacemaking did not depend on L-type channels. However, we find that blocking L-type channels reduces phasic calcium influx in PPN dendrites. Together, these findings show that L-type calcium channels play different roles in the activity of SNc and PPN neurons, and suggest that low-threshold L-type channels are not responsible for tonic calcium levels in PPN cholinergic neurons and are therefore not likely to be a source of selective vulnerability in these cells.","",""
0,"","Review for ""“Don't Close the Door on Them”: Recruiting and retaining vulnerable Black adolescents in prevention research""",2021,"","Wiley","http://dx.doi.org/10.1002/jcop.22584/v1/review2","",504,"2024-06-21 14:54:40","peer-review","10.1002/jcop.22584/v1/review2","","",,,,,0,0.00,0,0,3,"","",""
0,"","Review for ""“Don't Close the Door on Them”: Recruiting and retaining vulnerable Black adolescents in prevention research""",2021,"","Wiley","http://dx.doi.org/10.1002/jcop.22584/v2/review2","",505,"2024-06-21 14:54:40","peer-review","10.1002/jcop.22584/v2/review2","","",,,,,0,0.00,0,0,3,"","",""
0,"John Keen","Decision letter for ""Climate change increased extreme monsoon rainfall, flooding highly vulnerable communities in Pakistan""",2023,"","IOP Publishing","http://dx.doi.org/10.1088/2752-5295/acbfd5/v2/decision1","",506,"2024-06-21 14:54:40","peer-review","10.1088/2752-5295/acbfd5/v2/decision1","","",,,,,0,0.00,0,1,1,"","",""
0,"","Vulnerable Existence",2023,"The Jewish Imperial Imagination","Cambridge University Press","http://dx.doi.org/10.1017/9781009321877.004","",507,"2024-06-21 14:54:40","book-chapter","10.1017/9781009321877.004","","",,,73,100,0,0.00,0,0,1,"","",""
0,"","Birth of a Genre",2023,"Gospel Thrillers","Cambridge University Press","http://dx.doi.org/10.1017/9781009384605.004","",508,"2024-06-21 14:54:40","book-chapter","10.1017/9781009384605.004","","",,,42,77,0,0.00,0,0,1,"","",""
0,"","References",2024,"Mapping the Fault Lines in Turkey–US Relations","Bloomsbury Publishing Plc","http://dx.doi.org/10.5040/9780755650798.0012","",509,"2024-06-21 14:54:40","other","10.5040/9780755650798.0012","","",,,217,267,0,0.00,0,0,1,"","",""
1,"Thomas M Gill,","Preserving community mobility in vulnerable older people",2022,"BMJ","BMJ","http://dx.doi.org/10.1136/bmj.o1084","",510,"2024-06-21 14:54:40","journal-article","10.1136/bmj.o1084","1756-1833","",,,,,1,0.50,1,1,2,"","http://data.bmj.org/tdm/10.1136/bmj.o1084",""
0,"","Back Matter",2021,"Hacia la transformación del conocimiento. Alternativas pedagógicas innovadoras con colectivos vulnerable","Dykinson","http://dx.doi.org/10.2307/j.ctv282jk7s.12","",511,"2024-06-21 14:54:40","book-chapter","10.2307/j.ctv282jk7s.12","","",,,137,138,0,0.00,0,0,3,"","",""
0,"Ayfer ÖZDEMİR","Determination Vulnerable Areas to Pollutants in Drinking Water Basins Based on Integrated Approach",2022,"","Research Square Platform LLC","http://dx.doi.org/10.21203/rs.3.rs-1571817/v1","",512,"2024-06-21 14:54:40","posted-content","10.21203/rs.3.rs-1571817/v1","","",,,,,0,0.00,0,1,2,"Abstract: The authors have requested that this preprint be removed from Research Square.","https://www.researchsquare.com/article/rs-1571817/v1",""
0,"","Frontmatter",2022,"Arctic Abstractive Industry","Berghahn Books","http://dx.doi.org/10.1515/9781800734692-fm","",513,"2024-06-21 14:54:40","book-chapter","10.1515/9781800734692-fm","","",,,,,0,0.00,0,0,2,"","https://www.degruyter.com/document/doi/10.1515/9781800734692-fm/xml",""
0,"Jie Yin","Strategic flood evacuation planning facilitates effective transfer of vulnerable population in coastal megacities",2023,"","Research Square Platform LLC","http://dx.doi.org/10.21203/rs.3.rs-2914003/v1","",514,"2024-06-21 14:54:40","posted-content","10.21203/rs.3.rs-2914003/v1","","",,,,,0,0.00,0,1,1,"Abstract: Emergency responders in coastal cities are always required to provide effective operations to evacuate at-risk populations during the preparedness and response phase of threatening storm floods. However, existing contingency plans primarily focused on the evacuation of general public rather than special arrangement for vulnerable populations who constituted a large proportion of flood fatalities. Here, we present a system-level methodology to elaborate citywide coastal flood evacuation plans for optimal deployment of shelters and effective transfer of groups with special needs. We conduct a comparative analysis between Shanghai and New York City (NYC) which are both among the most exposed coastal megacities to flooding, but represent two distinct institutional systems of emergency operation. The results show dramatic disparities in evacuation patterns for the elderly people of the two cities, and demonstrate the improved performance of risk-informed, strategic evacuation planning in advance of coastal flooding. Our work provides new insights into operational emergency evacuation decisions and informs flood management policy development for major coastal cities globally.","https://www.researchsquare.com/article/rs-2914003/v1",""
1,"Jamshid Faraji, Gerlinde A.S. Metz","Ageing, Social Distancing, and COVID-19 Risk: Who is more Vulnerable?",2021,"","Center for Open Science","http://dx.doi.org/10.31234/osf.io/8k56a","",515,"2024-06-21 14:54:40","posted-content","10.31234/osf.io/8k56a","","",,,,,1,0.33,1,2,3,"<p>Perceived social support represents an important predictor of healthy ageing. The global COVID-19 pandemic has dramatically changed the face of social relationships and exposed elderly as a particularly vulnerable population. Social distancing may represent a double-edged sword for older adults, protecting them against COVID-19 infection while also sacrificing personal interaction and attention at a critical time. Here, we consider the moderating role of social relationships as a potential influence on stress resilience, allostatic load, and vulnerability to infection and adverse health outcomes in the elderly population. Understanding the mechanisms how social support enhances resilience to stress and promotes mental and physical health into old age will enable new preventive strategies. Targeted social interventions may provide effective relief from the impact of COVID-19-related isolation and loneliness. In this regard, a pandemic may also offer a window of opportunity for raising awareness and mobilizing resources for new strategies that help build resilience for our ageing population and future generations.</p>","",""
0,"","Meet the mAbs: the new treatments for vulnerable patients with COVID-19 (audio)",2021,"Pharmaceutical Journal","Royal Pharmaceutical Society","http://dx.doi.org/10.1211/pj.2021.1.98532","",516,"2024-06-21 14:54:40","journal-article","10.1211/pj.2021.1.98532","2053-6186","",,,,,0,0.00,0,0,3,"","",""
0,"","References",2022,"Intermediaries in the Criminal Justice System","Bristol University Press","http://dx.doi.org/10.46692/9781447326076.017","",517,"2024-06-21 14:54:40","other","10.46692/9781447326076.017","","",,,309,324,0,0.00,0,0,2,"","https://www.cambridge.org/core/services/aop-cambridge-core/content/view/D85EF5CDA584F5DF9435DED97FDBD52C",""
0,"Lindy Burton","Discussion of Present Findings",2022,"Vulnerable Children","Routledge","http://dx.doi.org/10.4324/9781003287865-9","",518,"2024-06-21 14:54:40","book-chapter","10.4324/9781003287865-9","","",,,75,84,0,0.00,0,1,2,"","",""
0,"Lindy Burton","Discussion of Present Findings",2022,"Vulnerable Children","Routledge","http://dx.doi.org/10.4324/9781003287865-18","",519,"2024-06-21 14:54:40","book-chapter","10.4324/9781003287865-18","","",,,161,169,0,0.00,0,1,2,"","",""
0,"Frauke Rostalski","Danksagung",2024,"Die vulnerable Gesellschaft","Verlag C.H.BECK oHG","http://dx.doi.org/10.17104/9783406814631-175","",520,"2024-06-21 14:54:40","book-chapter","10.17104/9783406814631-175","","",,,175,176,0,0.00,0,1,1,"","",""
0,"","Back Matter",2023,"Side Hustle Safety Net","University of California Press","http://dx.doi.org/10.2307/jj.5864811.17","",521,"2024-06-21 14:54:40","book-chapter","10.2307/jj.5864811.17","","",,,329,329,0,0.00,0,0,1,"","",""
0,"","References",2023,"Side Hustle Safety Net","University of California Press","http://dx.doi.org/10.1525/9780520387317-013","",522,"2024-06-21 14:54:40","book-chapter","10.1525/9780520387317-013","","",,,279,310,0,0.00,0,0,1,"","https://www.degruyter.com/document/doi/10.1525/9780520387317-013/xml",""
0,"","Review for ""Drivers and limits of phenotypic responses in vulnerable seagrass populations: Zostera marina in the intertidal""",2021,"","Wiley","http://dx.doi.org/10.1111/1365-2745.13791/v2/review1","",523,"2024-06-21 14:54:40","peer-review","10.1111/1365-2745.13791/v2/review1","","",,,,,0,0.00,0,0,3,"","",""
0,"Frauke Rostalski","Einleitung",2024,"Die vulnerable Gesellschaft","Verlag C.H.BECK oHG","http://dx.doi.org/10.17104/9783406814631-7","",524,"2024-06-21 14:54:40","book-chapter","10.17104/9783406814631-7","","",,,7,19,0,0.00,0,1,1,"","",""
0,"","Epilogue",2024,"Mapping the Fault Lines in Turkey–US Relations","Bloomsbury Publishing Plc","http://dx.doi.org/10.5040/9780755650798.0011","",525,"2024-06-21 14:54:40","other","10.5040/9780755650798.0011","","",,,213,216,0,0.00,0,0,1,"","",""
1,"Zara Abrams","Why young brains are especially vulnerable to social media",2022,"PsycEXTRA Dataset","American Psychological Association (APA)","http://dx.doi.org/10.1037/e502282022-001","",526,"2024-06-21 14:54:40","dataset","10.1037/e502282022-001","","",,,,,1,0.50,1,1,2,"","",""
0,"Simon van Rysewyk","Meanings of Pain",2022,"","Springer International Publishing","http://dx.doi.org/10.1007/978-3-030-95825-1","",527,"2024-06-21 14:54:40","book","10.1007/978-3-030-95825-1","","",,,,,0,0.00,0,1,2,"","https://link.springer.com/content/pdf/10.1007/978-3-030-95825-1.pdf",""
0,"Jane Tudor-Owen, Celine van Golde, Ray Bull, David Gee","Interviewing Vulnerable Suspects",2022,"","Routledge","http://dx.doi.org/10.4324/9781003145998","",528,"2024-06-21 14:54:40","book","10.4324/9781003145998","","",,,,,0,0.00,0,4,2,"","",""
0,"","Index",2022,"Arctic Abstractive Industry","Berghahn Books","http://dx.doi.org/10.1515/9781800734692-014","",529,"2024-06-21 14:54:40","book-chapter","10.1515/9781800734692-014","","",,,209,210,0,0.00,0,0,2,"","https://www.degruyter.com/document/doi/10.1515/9781800734692-014/xml",""
1,"Ina Ter Avest","Vulnerable Situations in the Classroom",2021,"Religionspädagogische Beiträge","Universitatsbibliothek Bamberg","http://dx.doi.org/10.20377/rpb-111","",530,"2024-06-21 14:54:40","journal-article","10.20377/rpb-111","0173-0339","",44,1,77,84,1,0.33,1,1,3,"The Covid-19 pandemic confronts us with the vulnerability of our health, but no less important is the vulnerability of our psychological well-being. In this contribution I explore the possible strength(s) of vulnerability – of persons and religion(s). First, I introduce the work of the theologian Caroline Gustavsson who distinguishes between: “experienced vulnerability,” “narrated vulnerability” and “induced vulnerability.” As examples and il­lustrations of these concepts, I focus on the voices of primary school pupils, secondary school pupils and a RE teacher. In RE classes it is stated that religion(s) is/are vulnerable because there is no ‘proof’ that God exists, or con-versely that scriptural narratives are about ‘real’ things. By touching upon experiences of young people, using cur­rent-day expressions and metaphors, the vulnerability – of persons, of religion(s) – can turn into a strength.","https://rpb-journal.de/index.php/rpb/article/download/111/95",""
0,"Lindy Burton","Introduction to the Problem",2022,"Vulnerable Children","Routledge","http://dx.doi.org/10.4324/9781003287865-20","",531,"2024-06-21 14:54:40","book-chapter","10.4324/9781003287865-20","","",,,173,175,0,0.00,0,1,2,"","",""
0,"Surriya Ahmad, Michael Stern, Tony Rosen","Care of Vulnerable Elders",2023,"Urban Emergency Medicine","Cambridge University Press","http://dx.doi.org/10.1017/9781009181570.013","",532,"2024-06-21 14:54:40","book-chapter","10.1017/9781009181570.013","","",,,148,160,0,0.00,0,3,1,"","",""
0,"Brithney-Shine Kuete","Health Disparities: A Closeup of the Vulnerable Lives in Medicine",2023,"HPHR Journal","Boston Congress of Public Health","http://dx.doi.org/10.54111/0001/yyy6","",533,"2024-06-21 14:54:40","journal-article","10.54111/0001/yyy6","","",,77,,,0,0.00,0,1,1,"There are a wide variety of problems in healthcare today that are intertwined with social inequality. Many of these fall into the category of healthcare disparities; these are systematic differences in healthcare availability that heavily affect minorities/unprivileged communities. Individuals affected by them are mostly people of color, those of low income, and those a part of the LGBTQ+ community. As defined by the National Institutes of Health (NIH), health disparities are higher mortality rates, due to increased contraction of diseases and the prevalence of their negative effects on a particular group. As noted, health disparities strongly deter ethical values of society and human rights.","",""
0,"Chenxi Dong","Interactive Design as Mediation for Social Connection Against Loneliness of Vulnerable People",2023,"Blucher Design Proceedings","Editora Blucher","http://dx.doi.org/10.5151/ead2023-3son_paper_07chenxi-dong","",534,"2024-06-21 14:54:40","proceedings-article","10.5151/ead2023-3son_paper_07chenxi-dong","","",,,,,0,0.00,0,1,1,"","",""
1,"Sarah Stanley","Half of U.S. Tidal Marsh Areas Vulnerable to Rising Seas",2021,"Eos","American Geophysical Union (AGU)","http://dx.doi.org/10.1029/2021eo160867","",535,"2024-06-21 14:54:40","journal-article","10.1029/2021eo160867","2324-9250","",102,,,,1,0.33,1,1,3,"Adaptation appears possible in some areas, with northerly marshes having a greater capacity to form new soil and gain elevation, whereas some southerly marshes can migrate inland.","",""
0,"","Review for ""“Don't Close the Door on Them”: Recruiting and retaining vulnerable Black adolescents in prevention research""",2021,"","Wiley","http://dx.doi.org/10.1002/jcop.22584/v1/review3","",536,"2024-06-21 14:54:40","peer-review","10.1002/jcop.22584/v1/review3","","",,,,,0,0.00,0,0,3,"","",""
0,"","Review for ""“Don't Close the Door on Them”: Recruiting and retaining vulnerable Black adolescents in prevention research""",2021,"","Wiley","http://dx.doi.org/10.1002/jcop.22584/v2/review1","",537,"2024-06-21 14:54:40","peer-review","10.1002/jcop.22584/v2/review1","","",,,,,0,0.00,0,0,3,"","",""
0,"","Introduction",2024,"Mapping the Fault Lines in Turkey–US Relations","Bloomsbury Publishing Plc","http://dx.doi.org/10.5040/9780755650798.0005","",538,"2024-06-21 14:54:40","other","10.5040/9780755650798.0005","","",,,1,16,0,0.00,0,0,1,"","",""
11,"Leah P. Hollis","Human Resource Perspectives on Workplace Bullying in Higher Education",2021,"","Routledge","http://dx.doi.org/10.4324/9781003051923","",539,"2024-06-21 14:54:40","monograph","10.4324/9781003051923","","",,,,,11,3.67,11,1,3,"","",""
0,"Jane Tudor-Owen, Celine van Golde","Identifying vulnerability",2022,"Interviewing Vulnerable Suspects","Routledge","http://dx.doi.org/10.4324/9781003145998-4","",540,"2024-06-21 14:54:40","book-chapter","10.4324/9781003145998-4","","",,,12,18,0,0.00,0,2,2,"","",""
0,"Gianclaudio Malgieri","Who is the vulnerable individual?",2023,"Vulnerability and Data Protection Law","Oxford University PressOxford","http://dx.doi.org/10.1093/oso/9780192870339.003.0003","",541,"2024-06-21 14:54:40","book-chapter","10.1093/oso/9780192870339.003.0003","","",,,47,76,0,0.00,0,1,1,"Abstract: The discussion about vulnerability emerged in various fields including political philosophy, gender studies, law, ethics, and sociology. Scholars from those different fields often engaged with each other and adapted an understanding of vulnerability developed in other areas (for example, from political theory to bioethics). This chapter refers to the legal literature on vulnerability. However, legal scholars have not yet fully developed an original approach to the notion of vulnerability. Most base their ideas on the work of theoreticians of other fields, such as Martha Fineman, who writes extensively about the relations between law, the state, and individual vulnerability. Presenting those different theoretical approaches helps place the origins of the notion of vulnerability and understand how it changes the perception of institutions, rules, and the individual’s place in society. This chapter argues that the layered vulnerability theory (from Luna) is one of the most suitable approaches to address those issues and the best response to several criticisms. Building on those theoretical definitions of the vulnerable individual, it considers how EU law has employed the notion of vulnerable persons in different sectors. The chapter gives also special attention to two sectors that seem particularly relevant compared to data protection law: research regulation and consumer protection.","https://academic.oup.com/book/chapter-pdf/58070116/oso-9780192870339-chapter-3.pdf",""
1,"Ray Bull, Becky Milne","Interview supervision and management",2022,"Interviewing Vulnerable Suspects","Routledge","http://dx.doi.org/10.4324/9781003145998-7","",542,"2024-06-21 14:54:40","book-chapter","10.4324/9781003145998-7","","",,,34,42,1,0.50,1,2,2,"","",""
0,"Maria Pena, Patrick McConney, Bertha Simmons, Katherine Blackman","&lt;p&gt;The Challenging Climate for Women in Caribbean Fisheries—From Seaweed to Seafood, and Practice to Policy&lt;/p&gt;",2023,"The Impact of Climate Change on Vulnerable Populations","MDPI","http://dx.doi.org/10.3390/books978-3-0365-5503-4-7","",543,"2024-06-21 14:54:40","book-chapter","10.3390/books978-3-0365-5503-4-7","","",,,,,0,0.00,0,4,1,"","",""
0,"Marwan Akel, Iqbal Fahs, Chadia Haddad, Nelly Kheir, Sahar Obeid, Souheil Hallit","Association of violent video gaming with mental health among male teenagers in Lebanon",2022,"Vulnerable Children and Youth Studies","Informa UK Limited","http://dx.doi.org/10.1080/17450128.2022.2160884","",544,"2024-06-21 14:54:40","journal-article","10.1080/17450128.2022.2160884","1745-0128","",18,1,76,86,0,0.00,0,6,2,"","https://www.tandfonline.com/doi/pdf/10.1080/17450128.2022.2160884",""
0,"Madiha Arshad, Saima Ambreen","Parental psychological maltreatment, negative cognitive style and psychological distress among Pakistani adolescents",2024,"Vulnerable Children and Youth Studies","Informa UK Limited","http://dx.doi.org/10.1080/17450128.2024.2319057","",545,"2024-06-21 14:54:40","journal-article","10.1080/17450128.2024.2319057","1745-0128","",19,2,372,380,0,0.00,0,2,1,"","https://www.tandfonline.com/doi/pdf/10.1080/17450128.2024.2319057",""
0,"Andrew J. Stewart","A “New Dimension” for the Security of Information",2021,"A Vulnerable System","Cornell University Press","http://dx.doi.org/10.7591/cornell/9781501758942.003.0002","",546,"2024-06-21 14:54:40","book-chapter","10.7591/cornell/9781501758942.003.0002","","",,,5,12,0,0.00,0,1,3,"<p>This chapter traces the provenance of information security today. The influence of the US military on the development of information security is tightly coupled to the influence that they had over the development of computing itself. Beginning in 1943, the US Army financed the design and development of the ENIAC — the world's first “electronic calculator.” After the end of World War II, the US military was facing a new set of challenges not directly related to war fighting. To assist with these tasks, they looked to employ a successor to the ENIAC named the UNIVAC. Subsequently, the potential dangers to the security of information stored on computers would increase exponentially, and the fear of those dangers was felt by the US military and the defense contractors they employed. They then enlisted the RAND Corporation, which built the machine named the JOHNNIAC. Ultimately, systems analysis, game theory, and the other analytical techniques developed and employed by RAND were perceived to be very successful.</p>","",""
0,"Derbachew Teni, Tilahun Bedaso","Risk factors for the prevalence of anemia in children aged 6–59 months at different levels in Ethiopia",2021,"Vulnerable Children and Youth Studies","Informa UK Limited","http://dx.doi.org/10.1080/17450128.2021.2002490","",547,"2024-06-21 14:54:40","journal-article","10.1080/17450128.2021.2002490","1745-0128","",17,4,359,367,0,0.00,0,2,3,"","https://www.tandfonline.com/doi/pdf/10.1080/17450128.2021.2002490",""
0,"Mindaugas Lankauskas, Aurelijus Gutauskas","Chasing the High: Drug Users as a Vulnerable Group in Lithuania",2022,"European Union and its Neighbours in a Globalized World","Springer International Publishing","http://dx.doi.org/10.1007/978-3-031-06998-7_14","",548,"2024-06-21 14:54:40","book-chapter","10.1007/978-3-031-06998-7_14","2524-8928","",,,309,325,0,0.00,0,2,2,"","https://link.springer.com/content/pdf/10.1007/978-3-031-06998-7_14",""
3,"Supa Pengpid, Karl Peltzer","Prevalence and correlates of psychological distress (using a 2-item screener) among national samples of in-school adolescents in four Caribbean countries",2021,"Vulnerable Children and Youth Studies","Informa UK Limited","http://dx.doi.org/10.1080/17450128.2021.1896825","",549,"2024-06-21 14:54:40","journal-article","10.1080/17450128.2021.1896825","1745-0128","",16,4,358,368,3,1.00,2,2,3,"","https://www.tandfonline.com/doi/pdf/10.1080/17450128.2021.1896825",""
1,"Claudia Idárraga-Cabrera, Jorge-Manuel Dueñas, Mariana Pino, Marianela Denegri","Resilience in children and adolescents at risk of poverty and with parents suffering from huntington’s disease",2021,"Vulnerable Children and Youth Studies","Informa UK Limited","http://dx.doi.org/10.1080/17450128.2021.1921321","",550,"2024-06-21 14:54:40","journal-article","10.1080/17450128.2021.1921321","1745-0128","",16,4,380,388,1,0.33,0,4,3,"","https://www.tandfonline.com/doi/pdf/10.1080/17450128.2021.1921321",""
0,"Sudhir Kumar","The Protection of Children from Sexual Offences Act (POCSO): A Legal Shield for Vulnerable Children",2024,"International Journal of Science and Research (IJSR)","International Journal of Science and Research","http://dx.doi.org/10.21275/sr24505143254","",551,"2024-06-21 14:54:40","journal-article","10.21275/sr24505143254","2319-7064","",13,5,353,356,0,0.00,0,1,1,"","",""
3,"Nina C. Burruss, Yassmin Shaltout, Clayton T. Hamilton, Daniel Oberti, Julie M. Linton, Callie L. Brown","Arts-based therapy: a pilot program for immigrant and refugee children",2021,"Vulnerable Children and Youth Studies","Informa UK Limited","http://dx.doi.org/10.1080/17450128.2021.1966707","",552,"2024-06-21 14:54:40","journal-article","10.1080/17450128.2021.1966707","1745-0128","",16,3,253,258,3,1.00,1,6,3,"","https://www.tandfonline.com/doi/pdf/10.1080/17450128.2021.1966707",""
1,"Proscovia Nabunya","Social Support Networks for Adolescents Orphaned by HIV: Definitions, Barriers, Challenges and Lessons from Uganda",2022,"Vulnerable Children and Youth Studies","Informa UK Limited","http://dx.doi.org/10.1080/17450128.2022.2163330","",553,"2024-06-21 14:54:40","journal-article","10.1080/17450128.2022.2163330","1745-0128","",18,1,87,99,1,0.50,1,1,2,"","https://www.tandfonline.com/doi/pdf/10.1080/17450128.2022.2163330",""
1,"Shiva Agrawal, Savankumar Bhanderi, Sumit Amanagi, Kristina Doycheva, Gordon Elger","Instance Segmentation and Detection of Children to Safeguard Vulnerable Traffic User by Infrastructure",2023,"Proceedings of the 9th International Conference on Vehicle Technology and Intelligent Transport Systems","SCITEPRESS - Science and Technology Publications","http://dx.doi.org/10.5220/0011825400003479","",554,"2024-06-21 14:54:40","proceedings-article","10.5220/0011825400003479","","",,,,,1,1.00,0,5,1,"","",""
13,"Minkyung Kim, Melanie Kwestel, Hyunsook Youn, Justine Quow, Marya L. Doerfel","Serving the Vulnerable While Being Vulnerable: Organizing Resilience in a Social Welfare Sector",2021,"Nonprofit and Voluntary Sector Quarterly","SAGE Publications","http://dx.doi.org/10.1177/08997640211013912","",555,"2024-06-21 14:54:40","journal-article","10.1177/08997640211013912","0899-7640","",51,2,279,300,13,4.33,3,5,3,"The interplay between formal organizing structures and the informal social networks of employees and organizations furthers the resilience of nonprofit organizations that serve the community. This case study draws on qualitative multi-pronged data collected in the aftermath of Hurricane Harvey from two faith networks of social welfare organizations serving the vulnerable in Houston, Texas. Results show that hybrid organizing of formal structures and informal networks contributes to organizational and community resilience. By examining both forms of organizing, this article shows how formal structures offer foundational support to the more informal and nimble social networks across the interorganizational partnerships that support the community. As such, this study extends the process orientation toward resilience by documenting how individuals, organizations, and networks expand organizational internal capacities through disaster relief efforts enacted across levels (employee–organization–community).","http://journals.sagepub.com/doi/pdf/10.1177/08997640211013912",""
0,"Mitra Hakim Shoushtari, Ansar Khougar, Hadi Ranjbar","Street as a place for survival, emotions, and suffering; a qualitative exploration of street-connected children in Iran",2024,"Vulnerable Children and Youth Studies","Informa UK Limited","http://dx.doi.org/10.1080/17450128.2024.2366271","",556,"2024-06-21 14:54:40","journal-article","10.1080/17450128.2024.2366271","1745-0128","",,,1,20,0,0.00,0,3,1,"","https://www.tandfonline.com/doi/pdf/10.1080/17450128.2024.2366271",""
0,"Michael Le Page","Greenland's ice looks vulnerable",2023,"New Scientist","Elsevier BV","http://dx.doi.org/10.1016/s0262-4079(23)01403-3","",557,"2024-06-21 14:54:40","journal-article","10.1016/s0262-4079(23)01403-3","0262-4079","",259,3449,12,12,0,0.00,0,1,1,"","https://api.elsevier.com/content/article/PII:S0262407923014033",""
0,"Ivana Zagorac","The power of empathy in the treatment of vulnerable subjects",2021,"Migration and Medicine","Verlag Karl Alber","http://dx.doi.org/10.5771/9783495823880-126","",558,"2024-06-21 14:54:40","book-chapter","10.5771/9783495823880-126","","",,,126,139,0,0.00,0,1,3,"","",""
0,"Patrick Goymer","Vulnerable reefs",2022,"Nature Ecology &amp; Evolution","Springer Science and Business Media LLC","http://dx.doi.org/10.1038/s41559-021-01648-0","",559,"2024-06-21 14:54:40","journal-article","10.1038/s41559-021-01648-0","2397-334X","",6,2,131,131,0,0.00,0,1,2,"","https://www.nature.com/articles/s41559-021-01648-0.pdf",""
2,"Rishika Pardikar","Climate Change Is Making India’s West Coast More Vulnerable to Cyclones",2021,"Eos","American Geophysical Union (AGU)","http://dx.doi.org/10.1029/2021eo163064","",560,"2024-06-21 14:54:40","journal-article","10.1029/2021eo163064","2324-9250","",102,,,,2,0.67,2,1,3,"A new study found significant increases in the intensity, frequency, and duration of cyclonic storms over the Arabian Sea. Is the west coast prepared?","",""
0,"Gemma Houldey","The perfect humanitarian",2021,"The Vulnerable Humanitarian","Routledge","http://dx.doi.org/10.4324/9781003032427-3","",561,"2024-06-21 14:54:40","book-chapter","10.4324/9781003032427-3","","",,,27,52,0,0.00,0,1,3,"","",""
0,"Stephen Devereux","Putting the Vulnerable First",2022,"Revolutionizing Development","Routledge","http://dx.doi.org/10.4324/9781003298632-11","",562,"2024-06-21 14:54:40","book-chapter","10.4324/9781003298632-11","","",,,93,100,0,0.00,0,1,2,"","",""
0,"Lindy Burton","Formulation of the Basic Hypotheses",2022,"Vulnerable Children","Routledge","http://dx.doi.org/10.4324/9781003287865-13","",563,"2024-06-21 14:54:40","book-chapter","10.4324/9781003287865-13","","",,,99,101,0,0.00,0,1,2,"","",""
0,"Araksya Mirakyan","DEVELOPING LEADERSHIP SKILLS IN BUSINESS EDUCATION IN A VULNERABLE WORLD",2023,"ICERI2023 Proceedings","IATED","http://dx.doi.org/10.21125/iceri.2023.2078","",564,"2024-06-21 14:54:40","proceedings-article","10.21125/iceri.2023.2078","2340-1095","",,,,,0,0.00,0,1,1,"","",""
1,"","COVID-19 surge makes Taiwan vulnerable",2021,"Emerald Expert Briefings","Emerald","http://dx.doi.org/10.1108/oxan-es261623","",565,"2024-06-21 14:54:40","other","10.1108/oxan-es261623","2633-304X","",,,,,1,0.33,0,0,3,"Headline: TAIWAN: COVID-19 surge makes Taipei vulnerable","https://www.emerald.com/insight/content/doi/10.1108/OXAN-ES261623/full/html",""
0,"","Review for ""Sahul's megafauna were vulnerable to plant‐community changes due to their position in the trophic network""",2021,"","Wiley","http://dx.doi.org/10.1111/ecog.06089/v1/review1","",566,"2024-06-21 14:54:40","peer-review","10.1111/ecog.06089/v1/review1","","",,,,,0,0.00,0,0,3,"","",""
0,"","Chaucer, Vulnerable Bodies, Somatophobia, and Theory",2024,"Feminist Medievalisms","Amsterdam University Press","http://dx.doi.org/10.1017/9781802701531.005","",567,"2024-06-21 14:54:40","other","10.1017/9781802701531.005","","",,,95,126,0,0.00,0,0,1,"","https://www.cambridge.org/core/services/aop-cambridge-core/content/view/0663E0B1BFDA1350CB8C38E650601AA6",""
1,"Rafael Company, Vera N. Egorova, Lucas Jódar","An ETD Method for Vulnerable American Options",2024,"","MDPI AG","http://dx.doi.org/10.20944/preprints202402.0188.v1","",568,"2024-06-21 14:54:40","posted-content","10.20944/preprints202402.0188.v1","","",,,,,1,1.00,0,3,1,"This paper introduces the exponential time differencing (ETD) technique as a numerical method to solve efficiently American vulnerable options pricing. We address several challenges, including removing cross-derivative terms through appropriate transformations, treating early-exercise opportunities using the penalty method, and substituting fixed boundary conditions with corresponding one-sided finite differences. The proposed method is shown to be both accurate and efficient through numerical experiments, which also compare the results with existing methods and analyse the numerical stability and convergence rate.","",""
0,"Deepanshu Mohan, Sakshi Chindaliya, Ashika Thomas","Vulnerable Communities in Neoliberal India",2024,"","Routledge","http://dx.doi.org/10.4324/9781003494065","",569,"2024-06-21 14:54:40","book","10.4324/9781003494065","","",,,,,0,0.00,0,3,1,"","",""
1,"","DIFFERENCES IN THE VALUE SYSTEM OF VULNERABLE PREADOLESCENTS",2021,"JOURNAL OF SPORT AND KINETIC MOVEMENT","University of Craiova","http://dx.doi.org/10.52846/jskm/37.2021.1.3","",570,"2024-06-21 14:54:40","journal-article","10.52846/jskm/37.2021.1.3","2286-3524","",,,,,1,0.33,0,0,3,"","",""
0,"Sigrid Anderson","Vulnerable States",2021,"Gender in American Literature and Culture","Cambridge University Press","http://dx.doi.org/10.1017/9781108763790.019","",571,"2024-06-21 14:54:40","book-chapter","10.1017/9781108763790.019","","",,,286,299,0,0.00,0,1,3,"","https://www.cambridge.org/core/services/aop-cambridge-core/content/view/9B3C5AB563FF651BD3B2116525D23CA4",""
0,"Gunnar Lischeid","Deep groundwater &amp;#8211; the most vulnerable part of the water cycle to climate change",2022,"","Copernicus GmbH","http://dx.doi.org/10.5194/egusphere-egu22-1476","",572,"2024-06-21 14:54:40","posted-content","10.5194/egusphere-egu22-1476","","",,,,,0,0.00,0,1,2,"&lt;p&gt;Deep groundwater is the backbone of the regional water cycle, ensuring stream baseflow even after extended drought periods. The thicker the overlying vadose zone the more groundwater head dynamics is buffered against short-term fluctuations of groundwater recharge. &amp;#160;Thus deep groundwater is usually considered to be the least susceptible to climate change effects. However, the opposite is true. Long-term trends (20-41 years) of groundwater head in more than 200 wells in a 50,000 km&lt;sup&gt;2&lt;/sup&gt; region in Northeast Germany have been analysed. Both increasing and decreasing trends were found, irrespective of land use, geology, etc. Factoring out local, mostly anthropogenic effects from the time series did hardly affect the results. In contrast, sign and size of long-term trends was very closely related to the degree of damping of the groundwater recharge signal. Damping was clearly related to mean depth to groundwater. The stronger the damping the more clearly groundwater head exhibited a 40-year decrease, whereas positive trends were found only for shallow groundwater sites.&lt;/p&gt;&lt;p&gt;A thorough analysis revealed a fundamental but widely ignored physical cause for these counter-intuitive results. From a thermodynamic perspective, seepage flux in the vadose zone can be described as dissipation of a hydrological input signal. This dissipation is subject to dispersion: The vadose zone acts as a low-pass filter due to preferential damping of the high frequency part of the input signal, recognizable by strong smoothing of soil hydrological time series at greater depth. Consequently, the smoother the time series the more probably a trend analysis would indicate a long-term monotonic increase or decrease even when no trend can be detected in the corresponding input signal. Note that in terms of spectrum analysis climate can be defined as a low-pass filtering of weather dynamics. Then it is only logical that deep groundwater as the part of the water cycle with the strongest low-pass filtering would be the first to clearly exhibit climate change signals.&lt;/p&gt;&lt;p&gt;This interpretation is consistent with an alternative perspective in terms of hydrological processes: The more shallow the groundwater, the more likely seepage flux will reach down to the groundwater table even after minor rain storms due to a smaller soil volume that needs to be refilled and to preferential flow. Consequently, groundwater recovers more rapidly from drought here. This holds especially true for groundwater in the riparian zone where most of the short-term response of stream discharge to rain storms is generated. In fact, none of these streams exhibited any clear trend. However, discharge in minor streams and water level in lakes at mid-slope positions already started to decline during the last decade. We would do well taking deep-groundwater dynamics as an early warning tool against climate change effects.&lt;/p&gt;","",""
0,"","APPENDIX:",2023,"Side Hustle Safety Net","University of California Press","http://dx.doi.org/10.2307/jj.5864811.13","",573,"2024-06-21 14:54:40","book-chapter","10.2307/jj.5864811.13","","",,,253,260,0,0.00,0,0,1,"","",""
0,"Jacques Tamin","COVID-19 and vulnerable workers",2021,"Occupational Medicine","Oxford University Press (OUP)","http://dx.doi.org/10.1093/occmed/kqab016","",574,"2024-06-21 14:54:40","journal-article","10.1093/occmed/kqab016","0962-7480","",71,3,161,161,0,0.00,0,1,3,"","http://academic.oup.com/occmed/article-pdf/71/3/161/38660148/kqab016.pdf",""
0,"","Vulnerable Nigerian prisons will fuel insecurity",2022,"Emerald Expert Briefings","Emerald","http://dx.doi.org/10.1108/oxan-db272247","",575,"2024-06-21 14:54:40","other","10.1108/oxan-db272247","2633-304X","",,,,,0,0.00,0,0,2,"Significance: A wave of prison breaks has added to the country’s broader security problems. Since late 2020, criminal gangs and extremist groups have carried out at least nine successful jailbreaks across the country, freeing more than 5,000 inmates. Impacts: The next presidential administration will not prioritise prison reform.","https://www.emerald.com/insight/content/doi/10.1108/OXAN-DB272247/full/html",""
0,"","Table of Contents",2021,"Hacia la transformación del conocimiento. Alternativas pedagógicas innovadoras con colectivos vulnerable","Dykinson","http://dx.doi.org/10.2307/j.ctv282jk7s.2","",576,"2024-06-21 14:54:40","book-chapter","10.2307/j.ctv282jk7s.2","","",,,7,8,0,0.00,0,0,3,"","",""
0,"","Strategies of Survival",2023,"Side Hustle Safety Net","University of California Press","http://dx.doi.org/10.2307/jj.5864811.9","",577,"2024-06-21 14:54:40","book-chapter","10.2307/jj.5864811.9","","",,,136,172,0,0.00,0,0,1,"","",""
0,"Stephanie Vasquez, Elizabeth Flores","SELF-CARE USING TECHNOLOGICAL MEDIA IN VULNERABLE CONTEXTS",2023,"EDULEARN Proceedings","IATED","http://dx.doi.org/10.21125/edulearn.2023.1941","",578,"2024-06-21 14:54:40","proceedings-article","10.21125/edulearn.2023.1941","2340-1117","",,,,,0,0.00,0,2,1,"","",""
0,"","Radiomics-Modelle identifizieren vulnerable Plaques",2023,"Angewandte Nuklearmedizin","Georg Thieme Verlag KG","http://dx.doi.org/10.1055/a-2003-1199","",579,"2024-06-21 14:54:40","journal-article","10.1055/a-2003-1199","2749-7445","",46,2,98,98,0,0.00,0,0,1,"","http://www.thieme-connect.de/products/ejournals/pdf/10.1055/a-2003-1199.pdf",""
0,"Carole Cox, Tina Maschi","Conclusions",2022,"Human Rights and Social Justice","Routledge","http://dx.doi.org/10.4324/9781003111269-18","",580,"2024-06-21 14:54:40","book-chapter","10.4324/9781003111269-18","","",,,300,305,0,0.00,0,2,2,"","",""
0,"Carole Cox","Oppression and Diversity",2022,"Human Rights and Social Justice","Routledge","http://dx.doi.org/10.4324/9781003111269-6","",581,"2024-06-21 14:54:40","book-chapter","10.4324/9781003111269-6","","",,,65,80,0,0.00,0,1,2,"","",""
0,"Rejoyan Ahmed Shishir","Refugee Rights and International Law: Protecting Vulnerable Populations",2023,"SSRN Electronic Journal","Elsevier BV","http://dx.doi.org/10.2139/ssrn.4606074","",582,"2024-06-21 14:54:40","journal-article","10.2139/ssrn.4606074","1556-5068","",,,,,0,0.00,0,1,1,"","",""
0,"Hannah Wishart, Colleen M. Berryessa","Introduction",2023,"Neurolaw in the Courtroom","Routledge","http://dx.doi.org/10.4324/9781003331056-1","",583,"2024-06-21 14:54:40","book-chapter","10.4324/9781003331056-1","","",,,1,2,0,0.00,0,2,1,"","",""
0,"Wills Kalisha","Vulnerable Enough for Inclusion?",2023,"Justice, Education, and the World of Today","Routledge","http://dx.doi.org/10.4324/9781003327332-11","",584,"2024-06-21 14:54:40","book-chapter","10.4324/9781003327332-11","","",,,131,154,0,0.00,0,1,1,"","",""
0,"Ishrat Zakia Sultana","Division through Registration?",2023,"The Displaced Rohingyas","Routledge India","http://dx.doi.org/10.4324/9781003228707-8","",585,"2024-06-21 14:54:40","book-chapter","10.4324/9781003228707-8","","",,,94,112,0,0.00,0,1,1,"","",""
0,"Nicole L. Asquith, Isabelle Bartkowiak-Théron","Targeted Violence",2021,"Policing Practices and Vulnerable People","Springer International Publishing","http://dx.doi.org/10.1007/978-3-030-62870-3_11","",586,"2024-06-21 14:54:40","book-chapter","10.1007/978-3-030-62870-3_11","","",,,183,201,0,0.00,0,2,3,"","https://link.springer.com/content/pdf/10.1007/978-3-030-62870-3_11",""
0,"Nicole L. Asquith, Isabelle Bartkowiak-Théron","Police Liaison",2021,"Policing Practices and Vulnerable People","Springer International Publishing","http://dx.doi.org/10.1007/978-3-030-62870-3_8","",587,"2024-06-21 14:54:40","book-chapter","10.1007/978-3-030-62870-3_8","","",,,129,146,0,0.00,0,2,3,"","https://link.springer.com/content/pdf/10.1007/978-3-030-62870-3_8",""
0,"Gemma Houldey","Stress? What stress?",2021,"The Vulnerable Humanitarian","Routledge","http://dx.doi.org/10.4324/9781003032427-4","",588,"2024-06-21 14:54:40","book-chapter","10.4324/9781003032427-4","","",,,53,73,0,0.00,0,1,3,"","",""
0,"Kilic Bugra Kanat","Mapping the Fault Lines in Turkey–US Relations",2024,"","Bloomsbury Publishing Plc","http://dx.doi.org/10.5040/9780755650798","",589,"2024-06-21 14:54:40","book","10.5040/9780755650798","","",,,,,0,0.00,0,1,1,"<JATS1:p>For the last seventy years, experts have tried to define the nature of Turkey's partnership with the US. While Turkish-US relations have always been susceptible to different crises, they enjoyed a brief ""golden era"" in the 1950s. This book argues that a false nostalgia about that period - when the strategic interests of two countries fully converged - has distorted analyses by scholars and policymakers ever since. To provide a more accurate assessment, this book look at the patterns of crises between the two countries throughout history and how these relate to the current points of tension in Turkish-American relations today. It coins a new conceptual framework to understand the Turkey-US partnership: the ""vulnerable partnership"". The book outlines the key causes of this vulnerability, showing that for the last 70 years, there have been recurring frictions and faultlines that have been repeated across different political periods. These especially involve the US congress, public opinion, Russia, and crises in the Middle East. Based on journalistic, archival and scholarly sources, the topic of the book is at the intersection foreign policy studies, Middle East politics, the history of Turkish-American relations, and foreign policy making.</JATS1:p>","",""
0,"Sandra L Shullman","COVID-19 Does Discriminate - It Targets the Most Vulnerable",2021,"PsycEXTRA Dataset","American Psychological Association (APA)","http://dx.doi.org/10.1037/e503772021-001","",590,"2024-06-21 14:54:40","dataset","10.1037/e503772021-001","","",,,,,0,0.00,0,1,3,"","",""
0,"Reyna Perez, Gabriela Torres-Delgado","Evaluation-Self-regulated Learning in Higher Education in a Digital Environment Under Vulnerable Conditions and Confinement Due to Covid-19",2022,"Proceedings of the 6th International Conference on Digital Technology in Education","ACM","http://dx.doi.org/10.1145/3568739.3568764","",591,"2024-06-21 14:54:40","proceedings-article","10.1145/3568739.3568764","","",,,,,0,0.00,0,2,2,"","https://dl.acm.org/doi/pdf/10.1145/3568739.3568764",""
0,"Gayatri Bhatia, Rachna Bhagava, Biswadip Chatterjee, Anju Dhawan","Assessment of family functioning in adolescents who use substances- a cross-sectional comparative study",2023,"Vulnerable Children and Youth Studies","Informa UK Limited","http://dx.doi.org/10.1080/17450128.2023.2286375","",592,"2024-06-21 14:54:40","journal-article","10.1080/17450128.2023.2286375","1745-0128","",19,1,223,232,0,0.00,0,4,1,"","https://www.tandfonline.com/doi/pdf/10.1080/17450128.2023.2286375",""
0,"Christian Casey-Lee Virgil, Kit Fai Pun","&lt;p&gt;Factors Influencing Climate Change Adaptation Decision Making among Farmers: Case Studies and Lessons Learnt in Trinidad and Tobago&lt;/p&gt;",2023,"The Impact of Climate Change on Vulnerable Populations","MDPI","http://dx.doi.org/10.3390/books978-3-0365-5503-4-8","",593,"2024-06-21 14:54:40","book-chapter","10.3390/books978-3-0365-5503-4-8","","",,,,,0,0.00,0,2,1,"","",""
27,"Stephen J. Greene, Javed Butler, Gregg C. Fonarow","In‐hospital initiation of quadruple medical therapy for heart failure: making the post‐discharge vulnerable phase far less vulnerable",2021,"European Journal of Heart Failure","Wiley","http://dx.doi.org/10.1002/ejhf.2382","",594,"2024-06-21 14:54:40","journal-article","10.1002/ejhf.2382","1388-9842","",24,1,227,229,27,9.00,9,3,3,"","https://onlinelibrary.wiley.com/doi/pdf/10.1002/ejhf.2382",""
0,"","Table of Contents",2022,"I Wish My Dad","Broadleaf Books","http://dx.doi.org/10.2307/j.ctv29sfxvn.2","",595,"2024-06-21 14:54:40","book-chapter","10.2307/j.ctv29sfxvn.2","","",,,,,0,0.00,0,0,2,"","",""
0,"Amanda Lenhardt","The Role of Local Actors in the Delivery of Services to Vulnerable Groups in Protracted Crises",2022,"","Institute of Development Studies","http://dx.doi.org/10.19088/k4d.2022.127","",596,"2024-06-21 14:54:40","report","10.19088/k4d.2022.127","","",,,,,0,0.00,0,1,2,"As the needs of people affected by conflict, natural disasters and other crises grow year-on-year and become increasingly complex, the need for adapted service delivery has become ever more pressing. There is widespread recognition that top-down, externally driven support to service delivery is ineffective in reaching vulnerable populations in need of humanitarian support. Increasing strategic engagement by and with local actors is now an accepted norm for effective international humanitarian action (Metcalfe-Hough et al., 2021). International commitments have been made to improve the provision of services in protracted crises. A body of literature indicates that engaging local actors in service delivery is one of the main ways to achieve improved service delivery. Despite the general acceptance of this principle, progress in achieving more localised responses to protracted crises has been slow. Evidence on how services can most effectively reach those in need is limited.This report reviews available guidance and evidence on the role of local actors in delivering services to those in need of humanitarian support in protracted crises. The report begins with a brief overview of the evolving discourse on the need for better strategies to incorporate local actors in the delivery of services. The following sections review the available evidence on the different ways local actors have been involved in the delivery of basic services in protracted crises. Section 3 examines local actors’ role in identifying the needs of affected communities. Section 4 examines the role of local actors in the effective coordination of service delivery. Section 5 discusses their role in transparency and accountability, and section 6 considers how local actors’ engagement can contribute to the mitigation of further conflict. Much of the literature in this area takes the form of guidance documents produced by international organisations working in humanitarian action. Some of this guidance refers to case study evidence. Still, most appear to refer to stakeholders’ experiences and conceptual approaches to how service delivery happens in protracted crises. There are a range of instruments that have been deployed to improve service delivery in protracted crises – some of which are referred to in this report – which could be formally evaluated to contribute to the evidence base on how such programmes effectively address the needs of vulnerable groups in need for humanitarian support.","",""
0,"","Most vulnerable workers receive less training",2021,"OECD Economic Surveys: Chile 2021","OECD","http://dx.doi.org/10.1787/d6e31c84-en","",597,"2024-06-21 14:54:40","other","10.1787/d6e31c84-en","1999-0847","",,,,,0,0.00,0,0,3,"","",""
2,"Kurt Vandaele","Vulnerable food delivery platforms under pressure",2022,"The Routledge Handbook of the Gig Economy","Routledge","http://dx.doi.org/10.4324/9781003161875-17","",598,"2024-06-21 14:54:40","book-chapter","10.4324/9781003161875-17","","",,,205,219,2,1.00,2,1,2,"","",""
0,"Hasna Skalli","Local 'Job Counters' at Casal del Infants: Personal support to help vulnerable young people into work",2021,"","Oxfam IBIS","http://dx.doi.org/10.21201/2021.7925","",599,"2024-06-21 14:54:40","report","10.21201/2021.7925","","",,,,,0,0.00,0,1,3,"After graduating from university, Warda struggled a lot. For a few years, she had to take odd jobs for that had no security, days off or health insurance. Eventually she connected with Youth Participation and Employment (YPE) programme partner Casal Del Infants. With their support, she successfully entered the formal labour market. She was selected by Casal to join a jobs programme, where she was trained for one month as a quality control officer. After completing her training, she obtained a placement in maintenance at an automotive company. This was facilitated through Casal’s ‘Activa Counter’, its employment integration desk. This programme supports internships and helps young people to integrate into the private sector. The programme has gained in popularity over the years and has the potential to help many young people into work.","",""
0,"","Contents",2022,"Vulnerable Minds","Columbia University Press","http://dx.doi.org/10.7312/yu--20030-toc","",600,"2024-06-21 14:54:40","book-chapter","10.7312/yu--20030-toc","","",,,,,0,0.00,0,0,2,"","https://www.degruyter.com/document/doi/10.7312/yu--20030-toc/xml",""
0,"","Most vulnerable workers receive less training",2021,"OECD Economic Surveys: Chile 2021","OECD","http://dx.doi.org/10.1787/d6e31c84-en","",601,"2024-06-21 14:54:40","other","10.1787/d6e31c84-en","1999-0847","",,,,,0,0.00,0,0,3,"","",""
2,"Kurt Vandaele","Vulnerable food delivery platforms under pressure",2022,"The Routledge Handbook of the Gig Economy","Routledge","http://dx.doi.org/10.4324/9781003161875-17","",602,"2024-06-21 14:54:40","book-chapter","10.4324/9781003161875-17","","",,,205,219,2,1.00,2,1,2,"","",""
0,"Hasna Skalli","Local 'Job Counters' at Casal del Infants: Personal support to help vulnerable young people into work",2021,"","Oxfam IBIS","http://dx.doi.org/10.21201/2021.7925","",603,"2024-06-21 14:54:40","report","10.21201/2021.7925","","",,,,,0,0.00,0,1,3,"After graduating from university, Warda struggled a lot. For a few years, she had to take odd jobs for that had no security, days off or health insurance. Eventually she connected with Youth Participation and Employment (YPE) programme partner Casal Del Infants. With their support, she successfully entered the formal labour market. She was selected by Casal to join a jobs programme, where she was trained for one month as a quality control officer. After completing her training, she obtained a placement in maintenance at an automotive company. This was facilitated through Casal’s ‘Activa Counter’, its employment integration desk. This programme supports internships and helps young people to integrate into the private sector. The programme has gained in popularity over the years and has the potential to help many young people into work.","",""
0,"","Contents",2022,"Vulnerable Minds","Columbia University Press","http://dx.doi.org/10.7312/yu--20030-toc","",604,"2024-06-21 14:54:40","book-chapter","10.7312/yu--20030-toc","","",,,,,0,0.00,0,0,2,"","https://www.degruyter.com/document/doi/10.7312/yu--20030-toc/xml",""
0,"","Acknowledgments",2022,"Vulnerable Minds","Columbia University Press","http://dx.doi.org/10.7312/yu--20030-008","",605,"2024-06-21 14:54:40","book-chapter","10.7312/yu--20030-008","","",,,193,196,0,0.00,0,0,2,"","https://www.degruyter.com/document/doi/10.7312/yu--20030-008/xml",""
1,"","Ways to Promote Resilience of Vulnerable Children and Mothers",2022,"Journal of Pharmaceutical Negative Results","Siree Journals","http://dx.doi.org/10.47750/pnr.2022.13.s03.030","",606,"2024-06-21 14:54:40","journal-article","10.47750/pnr.2022.13.s03.030","","",13,,,,1,0.50,0,0,2,"","",""
0,"David Dawson, Tamsin Mortleman","Adaptation Pathways for Vulnerable Coastal Transport Infrastructure",2022,"SSRN Electronic Journal","Elsevier BV","http://dx.doi.org/10.2139/ssrn.4152866","",607,"2024-06-21 14:54:40","journal-article","10.2139/ssrn.4152866","1556-5068","",,,,,0,0.00,0,2,2,"","",""
0,"","Index",2022,"Rescuing the Vulnerable","Berghahn Books","http://dx.doi.org/10.1515/9781785331374-019","",608,"2024-06-21 14:54:40","book-chapter","10.1515/9781785331374-019","","",,,417,428,0,0.00,0,0,2,"","https://www.degruyter.com/document/doi/10.1515/9781785331374-019/xml",""
0,"Jitendra Kumar Meher, Lalu Das","Is the Western Himalayan region vulnerable in respect to downscaled precipitation?",2022,"","Research Square Platform LLC","http://dx.doi.org/10.21203/rs.3.rs-1358116/v1","",609,"2024-06-21 14:54:40","posted-content","10.21203/rs.3.rs-1358116/v1","","",,,,,0,0.00,0,2,2,"Abstract: Statistical downscaling is the technique of linking large-scale predictors and local scale predictand through a relationship that is assumed to be useful to generate local scale climate change information from GCMs driven large-scale future projection. An attempt has been made to construct downscaled seasonal and annual rainfall change scenarios over different station locations of the Western Himalaya Region (WHR) of India using common predictors from ten Global Climate Model (GCM) of CMIP5 (Coupled Model intercomparison Project phase 5) and reanalysis datasets from NCEP/NCAR datasets ( National Centers for Environmental Prediction/National Center for Atmospheric Research) ; and predictands from the IMD (India Meteorological Department) rain gauge stations. Combined EOF (Empirical Orthogonal Function) approach has been used to develop stations specific statistical downscaling models over the WHR and later on some statistical skill scores based on error and agreement analysis were used to validate the model performance. Downscaled precipitation scenario using multi model ensemble of GCM under RCP4.5 (Representative concentration pathways 4.5) revealed a wetter climate during the 2020s, 2050s and 2080s in the annual and monsoon time scale, whereas a drier climate is expected in the winter season. Results reveal a possible intensification of south-west monsoon and decrease in the frequency of western disturbances in the 21 st century as the percentage changes of rainfall in monsoon were higher compared to annual and winter timescale. The uncertainty in the monthly precipitation is predicted to increase as the time progresses during 2020s to 2080s. Higher uncertainty in precipitation is expected in the late pre-monsoon months and early post-monsoon month over the study region.","https://www.researchsquare.com/article/rs-1358116/v1",""
0,"Mark Auliya","Decision letter: Gaps in global wildlife trade monitoring leave amphibians vulnerable",2021,"","eLife Sciences Publications, Ltd","http://dx.doi.org/10.7554/elife.70086.sa1","",610,"2024-06-21 14:54:40","peer-review","10.7554/elife.70086.sa1","","",,,,,0,0.00,0,1,3,"","",""
0,"","List of Illustrations",2023,"Side Hustle Safety Net","University of California Press","http://dx.doi.org/10.2307/jj.5864811.3","",611,"2024-06-21 14:54:40","book-chapter","10.2307/jj.5864811.3","","",,,,,0,0.00,0,0,1,"","",""
0,"","Front Matter",2024,"Effective Vulnerability Management","Wiley","http://dx.doi.org/10.1002/9781394277155.fmatter","",612,"2024-06-21 14:54:40","other","10.1002/9781394277155.fmatter","","",,,,,0,0.00,0,0,1,"","https://onlinelibrary.wiley.com/doi/pdf/10.1002/9781394277155.fmatter",""
0,"Lindy Burton","Previous Discussion of the Problem",2022,"Vulnerable Children","Routledge","http://dx.doi.org/10.4324/9781003287865-12","",613,"2024-06-21 14:54:40","book-chapter","10.4324/9781003287865-12","","",,,90,98,0,0.00,0,1,2,"","",""
4,"Joseph G. Rosen, Nkomba Kayeyi, Mwelwa Chibuye, Lyson Phiri, Edith S. Namukonda, Michael T. Mbizvo","Sexual debut and risk behaviors among orphaned and vulnerable children in Zambia: which protective deficits shape HIV risk?",2021,"Vulnerable Children and Youth Studies","Informa UK Limited","http://dx.doi.org/10.1080/17450128.2021.1975858","",614,"2024-06-21 14:54:40","journal-article","10.1080/17450128.2021.1975858","1745-0128","",17,2,130,146,4,1.33,1,6,3,"","https://www.tandfonline.com/doi/pdf/10.1080/17450128.2021.1975858",""
1,"Edgar Paul Martínez Ludert Muñoz de Cote, Alfredo Mauricio Flores Herrera, Emanuele Giorgi, Tiziano Cattaneo","Augmented Reality (AR) and Virtual Reality (VR) as Tools to Empower Vulnerable Communities: Opportunities and Challenges for Designers",2022,"Design for Vulnerable Communities","Springer International Publishing","http://dx.doi.org/10.1007/978-3-030-96866-3_16","",615,"2024-06-21 14:54:40","book-chapter","10.1007/978-3-030-96866-3_16","2365-757X","",,,307,321,1,0.50,0,4,2,"","https://link.springer.com/content/pdf/10.1007/978-3-030-96866-3_16",""
2,"Adriano Baratè, Luca Ludovico, Eleonora Oriolo","An Ensemble of Tangible User Interfaces to Foster Music Awareness and Interaction in Vulnerable Learners",2021,"Proceedings of the 5th International Conference on Computer-Human Interaction Research and Applications","SCITEPRESS - Science and Technology Publications","http://dx.doi.org/10.5220/0010653400003060","",616,"2024-06-21 14:54:40","proceedings-article","10.5220/0010653400003060","","",,,,,2,0.67,1,3,3,"","",""
0,"Yibeltal Admasu Lulie, Yemataw Wondie","Perceived social support and mental health outcomes among perinatally HIV positive children in Gondar healthcare centers, North-Western Ethiopia",2024,"Vulnerable Children and Youth Studies","Informa UK Limited","http://dx.doi.org/10.1080/17450128.2024.2329919","",617,"2024-06-21 14:54:40","journal-article","10.1080/17450128.2024.2329919","1745-0128","",19,2,343,355,0,0.00,0,2,1,"","https://www.tandfonline.com/doi/pdf/10.1080/17450128.2024.2329919",""
0,"Héctor Alejandro Alejandro Rodriguez Calvillo, David Hernandez Barajas, Omar Alejandro Zayas Villanueva, Estefania Elizabeth Abundis Márquez, Elias Román Urdiales Hidalgo","Incidence of mortality in vulnerable and non-vulnerable older patients with cancer.",2024,"Journal of Clinical Oncology","American Society of Clinical Oncology (ASCO)","http://dx.doi.org/10.1200/jco.2024.42.16_suppl.e13775","",618,"2024-06-21 14:54:40","journal-article","10.1200/jco.2024.42.16_suppl.e13775","0732-183X","",42,16,,,0,0.00,0,5,1,"e13775","https://ascopubs.org/doi/pdfdirect/10.1200/JCO.2024.42.16_suppl.e13775",""
0,"Thomas Resch","Vulnerable and risk groups amidst the COVID-19 pandemic: Preventive behaviours, preferences, and perceptions",2022,"","Research Square Platform LLC","http://dx.doi.org/10.21203/rs.3.rs-1840013/v1","",619,"2024-06-21 14:54:40","posted-content","10.21203/rs.3.rs-1840013/v1","","",,,,,0,0.00,0,1,2,"Abstract:","https://www.researchsquare.com/article/rs-1840013/v1",""
0,"Douglas Braaten","Decision letter for ""Weak links: Advancing target‐based drug discovery by identifying the most vulnerable targets""",2024,"","Wiley","http://dx.doi.org/10.1111/nyas.15139/v2/decision1","",620,"2024-06-21 14:54:40","peer-review","10.1111/nyas.15139/v2/decision1","","",,,,,0,0.00,0,1,1,"","",""
0,"","Review for ""Sahul's megafauna were vulnerable to plant‐community changes due to their position in the trophic network""",2021,"","Wiley","http://dx.doi.org/10.1111/ecog.06089/v1/review3","",621,"2024-06-21 14:54:40","peer-review","10.1111/ecog.06089/v1/review3","","",,,,,0,0.00,0,0,3,"","",""
0,"Nicole L. Asquith, Isabelle Bartkowiak-Théron","Community Engagement",2021,"Policing Practices and Vulnerable People","Springer International Publishing","http://dx.doi.org/10.1007/978-3-030-62870-3_5","",622,"2024-06-21 14:54:40","book-chapter","10.1007/978-3-030-62870-3_5","","",,,69,84,0,0.00,0,2,3,"","https://link.springer.com/content/pdf/10.1007/978-3-030-62870-3_5",""
0,"Paul Garside, Ruth Stevens, Heather Marshall","The Use of Acid Scavengers to Protect Vulnerable Paper-Based Artefacts",2023,"","Elsevier BV","http://dx.doi.org/10.2139/ssrn.4537897","",623,"2024-06-21 14:54:40","posted-content","10.2139/ssrn.4537897","","",,,,,0,0.00,0,3,1,"","",""
5,"Sofia Ranchordas, Luisa Scarcella","Automated Government for Vulnerable Citizens: Intermediating Rights",2021,"SSRN Electronic Journal","Elsevier BV","http://dx.doi.org/10.2139/ssrn.3938032","",624,"2024-06-21 14:54:40","journal-article","10.2139/ssrn.3938032","1556-5068","",,,,,5,1.67,3,2,3,"","",""
0,"Catherine Hands","Whole-Community-Whole-Support: Educators and Community Members Working Together to Support Vulnerable Students",2023,"AERA 2023","AERA","http://dx.doi.org/10.3102/ip.23.2008830","",625,"2024-06-21 14:54:40","proceedings-article","10.3102/ip.23.2008830","","",,,,,0,0.00,0,1,1,"","",""
0,"","Elder/Vulnerable Financial Abuse by Family Members",2021,"Encyclopedia of Gerontology and Population Aging","Springer International Publishing","http://dx.doi.org/10.1007/978-3-030-22009-9_300686","",626,"2024-06-21 14:54:40","book-chapter","10.1007/978-3-030-22009-9_300686","","",,,1589,1589,0,0.00,0,0,3,"","https://link.springer.com/content/pdf/10.1007/978-3-030-22009-9_300686",""
0,"Ajay Sharma, Helen Cockerill","Protecting vulnerable children",2021,"From Birth to Five Years","Routledge","http://dx.doi.org/10.4324/9781003057185-13","",627,"2024-06-21 14:54:40","book-chapter","10.4324/9781003057185-13","","",,,94,98,0,0.00,0,2,3,"","",""
0,"Federica Coppola","Social Vulnerability on Trial",2023,"Neurolaw in the Courtroom","Routledge","http://dx.doi.org/10.4324/9781003331056-7","",628,"2024-06-21 14:54:40","book-chapter","10.4324/9781003331056-7","","",,,89,104,0,0.00,0,1,1,"","",""
0,"Victor Jeleniewski Seidler","Denials, Language, Ethics and Responsibilities",2024,"Covid-19 and Global Inequalities","Routledge","http://dx.doi.org/10.4324/9781003296874-9","",629,"2024-06-21 14:54:40","book-chapter","10.4324/9781003296874-9","","",,,134,149,0,0.00,0,1,1,"","",""
1,"Don Grant","Nursing the Spirit",2023,"","Columbia University Press","http://dx.doi.org/10.7312/gran20050","",630,"2024-06-21 14:54:40","edited-book","10.7312/gran20050","","",,,,,1,1.00,1,1,1,"","",""
0,"Thao Ngoc Do, Mina Chiang, Eric Kasper, Sharlene Chen","Impact of Vietnam’s Covid-19 Response on Vulnerable Groups",2022,"","Institute of Development Studies (IDS)","http://dx.doi.org/10.19088/ids.2022.016","",631,"2024-06-21 14:54:40","report","10.19088/ids.2022.016","","",,,,,0,0.00,0,4,2,"Our research shows how Vietnam’s Covid-19 policy response has influenced Vietnamese migrant workers and counter-trafficking work, particularly in border areas. Vietnam is a major labour exporter and is in the top ten countries that receive international remittances. Examining the impact of the pandemic means taking into account the livelihoods and wellbeing of hundreds of thousands of overseas migrant workers. This briefing considers the impact of Vietnam’s policy response to the Covid-19 pandemic on such workers and supports adjustments in policy planning.","",""
0,"","2 Managing Vulnerable Migrants",2021,"Unfree","Stanford University Press","http://dx.doi.org/10.1515/9781503629660-003","",632,"2024-06-21 14:54:40","book-chapter","10.1515/9781503629660-003","","",,,48,77,0,0.00,0,0,3,"","https://www.degruyter.com/document/doi/10.1515/9781503629660-003/xml",""
0,"Natalia Timko","Periphrasis as a Translation Problem: Vulnerable Issues and Solutions",2021,"SSRN Electronic Journal","Elsevier BV","http://dx.doi.org/10.2139/ssrn.3969259","",633,"2024-06-21 14:54:40","journal-article","10.2139/ssrn.3969259","1556-5068","",,,,,0,0.00,0,1,3,"","",""
0,"Francine Rochford","Climate Change Litigation: Vulnerable Children and a Duty of Care",2022,"Colloquia Humanistica","Institute of Slavic Studies Polish Academy of Sciences","http://dx.doi.org/10.11649/ch.2670","",634,"2024-06-21 14:54:40","journal-article","10.11649/ch.2670","2392-2419","",,11,,,0,0.00,0,1,2,"This article considers climate change jurisprudence in the context of other eschatological narratives developing the theme of ecological catastrophe. It focusses in particular on concepts of fault, harm and responsibility, referents in case narratives, as expounding a sense of outrage at the excesses of modern capitalism, and the converse use of the child as the party innocent of all agency in the upcoming apocalypse. The article analyses the narrative developed by the applicants in an Australian case, Sharma by her litigation representative Sister Marie Brigid Arthur v Minister for the Environment [2021] FCA 560 (Sharma 1), in which the “previously unimaginable power” to cause potentially “cataclysmal harm” to “Vulnerable Children” created a duty to those children. The applicants were successful at first instance, but an appeal (Minister for the Environment v Sharma [2022] FCAFC 35 (Sharma 2) reversed this decision. Taking an interdisciplinary approach and drawing upon approaches of philosophy, psychology and theology as well as law, this article considers the idea of “fault” in the tort of negligence and the techniques used to support the moral connotations of fault in the case narrative. In particular, it reflects on the contribution of the Judeo-Christian tradition to this fault narrative. It focusses in particular on the theology of hope in Christian eschatology, responses to anticipation of catastrophic climate change narratives, and the concept of fault in those narratives. It considers the psychological dimensions of “hope” and “despair” as illuminated in theological approaches to apocalyptic views, and the reification of doctrines of despair in proving damages in the law of negligence.","https://journals.ispan.edu.pl/index.php/ch/article/download/ch.2670/7987",""
0,"Olivia Box","Who is most vulnerable during a major Northern California earthquake?",2021,"Temblor","Temblor","http://dx.doi.org/10.32858/temblor.163","",635,"2024-06-21 14:54:40","journal-article","10.32858/temblor.163","2688-6294","",,,,,0,0.00,0,1,3,"","",""
0,"Joyce Plotnikoff, Richard Woolfson","Intermediaries in the Criminal Justice System",2022,"","Bristol University Press","http://dx.doi.org/10.46692/9781447326076","",636,"2024-06-21 14:54:40","monograph","10.46692/9781447326076","","",,,,,0,0.00,0,2,2,"This is the first book about the intermediary scheme, criminal justice's untold 'good news story'. It provides a comprehensive explanation of how intermediaries work in practice and gives 'behind the scenes' insights into the criminal process. It will be of interest to practitioners and the wider public.","",""
0,"","Bibliography",2022,"Vulnerable Minds","Columbia University Press","http://dx.doi.org/10.7312/yu--20030-010","",637,"2024-06-21 14:54:40","book-chapter","10.7312/yu--20030-010","","",,,233,268,0,0.00,0,0,2,"","https://www.degruyter.com/document/doi/10.7312/yu--20030-010/xml",""
0,"","Index",2022,"Vulnerable Minds","Columbia University Press","http://dx.doi.org/10.7312/yu--20030-011","",638,"2024-06-21 14:54:40","book-chapter","10.7312/yu--20030-011","","",,,269,274,0,0.00,0,0,2,"","https://www.degruyter.com/document/doi/10.7312/yu--20030-011/xml",""
0,"","Notes",2022,"Vulnerable Minds","Columbia University Press","http://dx.doi.org/10.7312/yu--20030-009","",639,"2024-06-21 14:54:40","book-chapter","10.7312/yu--20030-009","","",,,197,232,0,0.00,0,0,2,"","https://www.degruyter.com/document/doi/10.7312/yu--20030-009/xml",""
0,"","Table of Contents",2023,"Side Hustle Safety Net","University of California Press","http://dx.doi.org/10.2307/jj.5864811.2","",640,"2024-06-21 14:54:40","book-chapter","10.2307/jj.5864811.2","","",,,,,0,0.00,0,0,1,"","",""
0,"Shivani Dutta","The Rohingya in Bangladesh",2023,"The Displaced Rohingyas","Routledge India","http://dx.doi.org/10.4324/9781003228707-17","",641,"2024-06-21 14:54:40","book-chapter","10.4324/9781003228707-17","","",,,225,236,0,0.00,0,1,1,"","",""
0,"Victoria Cohen, Svetlozara Chobanova, Iulia Iulia Gherman","Risk assessment for vulnerable consumers from Listeria monocytogenes in blue cheese",2023,"","Food Standards Agency","http://dx.doi.org/10.46756/sci.fsa.tqb580","",642,"2024-06-21 14:54:40","report","10.46756/sci.fsa.tqb580","","",,,,,0,0.00,0,3,1,"Listeria monocytogenes are bacteria that cause listeriosis, a disease which is very severe in vulnerable people. Vulnerable people include pregnant women, people over 65 years of age, infants, and those with a weakened immune system. While most semi-soft cheeses do not let L. monocytogenes grow, blue cheeses may be an exception, and pose a risk to vulnerable groups. L. monocytogenes is widespread in the environment and can grow at refrigeration temperatures. This makes it a particular problem in ready-to-eat foods such as cheese. It can also remain in the environment in food factories for several years as it can be difficult to remove. Foodborne listeriosis is a relatively rare illness in comparison to other foodborne diseases. A search found two potential listeriosis outbreaks and one individual case may have been caused by blue cheese worldwide. No listeriosis illnesses due to blue cheese were identified in the UK. Blue cheese is not frequently consumed by vulnerable consumers. When consumed, it is usually in low amounts. Published data from Scottish local authorities and the Food Standards Agency suggest that overall percentage of blue cheeses contaminated with L. monocytogenes in the UK is low. A search of the scientific literature on contamination in blue cheese from European countries found that most of these studies examined Gorgonzola cheese. The rinds of Gorgonzola were much more likely to be contaminated than the centre of the cheese. Research also shows that the acidic levels and levels of moisture in blue cheese can support L. monocytogenes growth. Most of these studies showed only a small amount of bacterial growth in the centre of the cheese.","",""
0,"Douglas Braaten","Decision letter for ""Weak links: Advancing target‐based drug discovery by identifying the most vulnerable targets""",2024,"","Wiley","http://dx.doi.org/10.1111/nyas.15139/v1/decision1","",643,"2024-06-21 14:54:40","peer-review","10.1111/nyas.15139/v1/decision1","","",,,,,0,0.00,0,1,1,"","",""
2,"Zakeria Shnizai, Morteza Talebian, Sotiris Valkanotis, Richard Walker","Multiple factors make Afghan communities vulnerable to earthquakes",2022,"Temblor","Temblor","http://dx.doi.org/10.32858/temblor.266","",644,"2024-06-21 14:54:40","journal-article","10.32858/temblor.266","","",,,,,2,1.00,1,4,2,"","",""
6,"Lucas Gortazar, Claudia Hupkau, Antonio Roldán","Online Tutoring Works: Experimental Evidence from a Program with Vulnerable Children",2023,"","Elsevier BV","http://dx.doi.org/10.2139/ssrn.4390248","",645,"2024-06-21 14:54:40","posted-content","10.2139/ssrn.4390248","","",,,,,6,6.00,2,3,1,"","",""
0,"","LEGAL AID SERVICES AND APPROACH TO VULNERABLE",2024,"international journal of food and nutritional sciences","Institute for Advanced Studies","http://dx.doi.org/10.48047/ijfans/v11/iss11a/52","",646,"2024-06-21 14:54:40","journal-article","10.48047/ijfans/v11/iss11a/52","","",11,11,,,0,0.00,0,0,1,"","",""
0,"Nicole L. Asquith, Isabelle Bartkowiak-Théron","Police Vulnerability",2021,"Policing Practices and Vulnerable People","Springer International Publishing","http://dx.doi.org/10.1007/978-3-030-62870-3_10","",647,"2024-06-21 14:54:40","book-chapter","10.1007/978-3-030-62870-3_10","","",,,165,181,0,0.00,0,2,3,"","https://link.springer.com/content/pdf/10.1007/978-3-030-62870-3_10",""
0,"Deden Rukmana","Vulnerable Populations",2023,"Encyclopedia of Quality of Life and Well-Being Research","Springer International Publishing","http://dx.doi.org/10.1007/978-3-031-17299-1_3184","",648,"2024-06-21 14:54:40","book-chapter","10.1007/978-3-031-17299-1_3184","","",,,7573,7576,0,0.00,0,1,1,"","https://link.springer.com/content/pdf/10.1007/978-3-031-17299-1_3184",""
0,"Noelle Marie Javier","Pain in the LGTBQ+ Population",2024,"Pain Management in Vulnerable Populations","Oxford University PressNew York","http://dx.doi.org/10.1093/med/9780197649176.003.0008","",649,"2024-06-21 14:54:40","book-chapter","10.1093/med/9780197649176.003.0008","","",,,134,150,0,0.00,0,1,1,"Abstract: The LGBTQI+ community is a marginalized community that has experienced multiple barriers across multiple domains, including health care. Its members have been subjected to ongoing discriminatory practices, outright prejudice, and oppressive policies that have not ensured adequate protections from these stressors and have not allowed them to live life fully and authentically. As a result, there are numerous disparities and inequities in care that exist and have proven to be significant challenges to the delivery, access, and receipt of high-quality medical care, including pain management. It is therefore essential for all health care providers to develop a cultural lens of understanding to care for this vulnerable community. This chapter explores a multidimensional approach to pain assessment and management utilizing an adaptation of the biopsychosocial model of care. This model highlights not only the spiritual and cultural domains of the lived experiences of the LGBTQI+ individual but also the external and internal stressors as well as resources around coping and resilience that will provide a comprehensive and holistic framework for fully understanding the pain experience of this community. In addition, this chapter also discusses the multimodal approach to pain management.","https://academic.oup.com/book/57299/chapter/461759402",""
0,"Lindy Burton","Road Accident Involvement in Children",2022,"Vulnerable Children","Routledge","http://dx.doi.org/10.4324/9781003287865-3","",650,"2024-06-21 14:54:40","book-chapter","10.4324/9781003287865-3","","",,,13,16,0,0.00,0,1,2,"","",""
0,"Nika Levikov","Engaging Vulnerable Youth: An exploratory study on youth in Cottonera, youth work and STEAM engagement",2021,"","Authorea, Inc.","http://dx.doi.org/10.22541/au.161185757.79778340/v1","",651,"2024-06-21 14:54:40","posted-content","10.22541/au.161185757.79778340/v1","","",,,,,0,0.00,0,1,3,"","",""
0,"","Israeli-Iranian cyberwarfare leaves both vulnerable",2021,"Emerald Expert Briefings","Emerald","http://dx.doi.org/10.1108/oxan-es265194","",652,"2024-06-21 14:54:40","other","10.1108/oxan-es265194","2633-304X","",,,,,0,0.00,0,0,3,"Headline: ISRAEL/IRAN: Cyberwarfare leaves both vulnerable","https://www.emerald.com/insight/content/doi/10.1108/OXAN-ES265194/full/html",""
0,"Aneesa A. Baboolal","(Under)Cover and Uncovered: Muslim Women's Resistance to Islamophobic Violence",2023,"Vulnerable Victimizations","Routledge","http://dx.doi.org/10.4324/9781003429685-12","",653,"2024-06-21 14:54:40","book-chapter","10.4324/9781003429685-12","","",,,237,257,0,0.00,0,1,1,"","",""
0,"","Learning from Covid",2023,"Side Hustle Safety Net","University of California Press","http://dx.doi.org/10.2307/jj.5864811.12","",654,"2024-06-21 14:54:40","book-chapter","10.2307/jj.5864811.12","","",,,224,252,0,0.00,0,0,1,"","",""
1,"Paul Rauwolf, Robert D Rogers","Known horizons, as future-oriented cues, help individuals to manage vulnerable resources",2022,"","Center for Open Science","http://dx.doi.org/10.31234/osf.io/twsjd","",655,"2024-06-21 14:54:40","posted-content","10.31234/osf.io/twsjd","","",,,,,1,0.50,1,2,2,"<p>Research into improving poor resource management has tended to focus on social interventions that mitigate so-called 'Tragedy of the Commons' outcomes. Less work has investigated interventions to help individuals better manage their personal resources. Over three studies (N=1,597), we test whether informational cues can improve resource management strategies while individuals harvest from a replenishing but depletable resource, returning monetary rewards. To succeed, individuals need to learn about the dynamics (and vulnerability) of the resource while avoiding the long-term costs of early bad decisions. We find little evidence that outcomes are improved by knowledge of the potential monetary returns of the resource or by prior encounters with its dynamics. By contrast, future-orienting information about the potential availability of a resource; its horizon – operationalized as the maximum number of remaining harvesting opportunities – dramatically improves individual resource outcomes (in Experiments 1 and 2). This future-oriented cue did not provide information about the dynamics of the resource that could be used to infer an improved resource management strategy and its benefits are not transitory: informational 'nudges' about the resource horizon continue to improve outcomes over multiple encounters (Experiment 3). These findings indicate that when individuals try to explore and manage a personal resource in uncertain environments where early missteps have long-term adverse consequences, simple future-orienting cues about potential resource longevity improve harvesting decisions. Our findings also highlight how variability in how individuals approach resource management problems per se might contribute to resource difficulties at the group-level.</p>","",""
0,"Frauke Rostalski","Titelei/Inhaltsverzeichnis",2024,"Die vulnerable Gesellschaft","Verlag C.H.BECK oHG","http://dx.doi.org/10.17104/9783406814631-2","",656,"2024-06-21 14:54:40","book-chapter","10.17104/9783406814631-2","","",,,2,6,0,0.00,0,1,1,"","",""
0,"","Frontmatter",2022,"Vulnerable Minds","Columbia University Press","http://dx.doi.org/10.7312/yu--20030-fm","",657,"2024-06-21 14:54:40","book-chapter","10.7312/yu--20030-fm","","",,,,,0,0.00,0,0,2,"","https://www.degruyter.com/document/doi/10.7312/yu--20030-fm/xml",""
0,"","Stuck in Place",2023,"Side Hustle Safety Net","University of California Press","http://dx.doi.org/10.2307/jj.5864811.10","",658,"2024-06-21 14:54:40","book-chapter","10.2307/jj.5864811.10","","",,,173,200,0,0.00,0,0,1,"","",""
0,"Nicole L. Asquith, Isabelle Bartkowiak-Théron","Southernising Vulnerability",2021,"Policing Practices and Vulnerable People","Springer International Publishing","http://dx.doi.org/10.1007/978-3-030-62870-3_9","",659,"2024-06-21 14:54:40","book-chapter","10.1007/978-3-030-62870-3_9","","",,,149,164,0,0.00,0,2,3,"","https://link.springer.com/content/pdf/10.1007/978-3-030-62870-3_9",""
0,"Atena Ştefania Feraru","Introduction",2021,"Weak States, Vulnerable Governments, and Regional Cooperation","Routledge","http://dx.doi.org/10.4324/9781351015073-101","",660,"2024-06-21 14:54:40","book-chapter","10.4324/9781351015073-101","","",,,1,30,0,0.00,0,1,3,"","",""
0,"Joan E. Moore","Developing Secure Attachment Through Play",2021,"","Routledge","http://dx.doi.org/10.4324/9781003150176","",661,"2024-06-21 14:54:40","monograph","10.4324/9781003150176","","",,,,,0,0.00,0,1,3,"","",""
1,"Catarina Monteiro, Carla Moleiro","Gender roles and representations of sexual abuse: how are asymmetrical gender attitudes related to the legitimation of sexual abuse of children and youth?",2021,"Vulnerable Children and Youth Studies","Informa UK Limited","http://dx.doi.org/10.1080/17450128.2021.1984621","",662,"2024-06-21 14:54:40","journal-article","10.1080/17450128.2021.1984621","1745-0128","",17,4,300,307,1,0.33,1,2,3,"","https://www.tandfonline.com/doi/pdf/10.1080/17450128.2021.1984621",""
0,"","Does Decentralization Deliver Health Services to Vulnerable Groups in Kenya? A Case Study of Busia and Kakamega Counties -Kenya",2022,"International Journal of Health Policy Planning","Opast Group LLC","http://dx.doi.org/10.33140/ijhpp.01.01.01","",663,"2024-06-21 14:54:40","journal-article","10.33140/ijhpp.01.01.01","2833-9320","",1,1,,,0,0.00,0,0,2,"Background: Decentralization has become an increasingly important concept in development theory and practice in the world since the 1970s. Decentralization is generally understood to be referring to policies and processes that shift the locus of decision-making and management to the local level, Hellington [1]. According to Elamon, decentralization is particularly attractive because some forms of it promise direct accountability of public institutions; improved management of resources; more reliable information for planning and a more effective interagency collaboration and coordination [2]. Furthermore, it is argued that local officials and community leaders have better knowledge and information about the local context and are therefore more aware of what can work best within the resource constraints while contributing to the achievement of the broader social, economic and development goals of central government. In the health sector, the impetus for decentralization has its roots in the Alma-Ata declaration of Primary Health Care, WHO [3]. This was enhanced by the World Health Organization’s advocacy for strengthening the health system at district level as the most appropriate level for planning and providing health services. Bankausaikaite argues that decentralization therefore appeals to the health sector largely because it is seen as a means to achieving the Primary Health Care (PHC) goals and for its potential to achieve multiple objectives [4]. Furthermore, decentralization continues to be a subject of intense discussions in the health sector reform processes and is seen as a key strategy for achieving poverty reduction objectives and for attaining the global Millennium Development Goals (MDGs). Klouda argues that in the context of Sub-Saharan Africa, a region that has the majority of poor countries in the world, poor health indices and high burden of preventable diseases including a devastating impact of HIV/AIDS, decentralization is perceived as offering a key development strategy in addressing these complex problems [5]. In the specific case of HIV/AIDS, decentralization is perceived as suited to stimulate far-reaching changes that can respond to the complex factors that lead to its transmission and the multiple services necessary to adequately support affected communities through multisectoral actions. Furthermore, Ribot has said that development is often argued as a motive for decentralization [6]. It is argued that decentralization facilitates integrated local development, a necessary factor in the control of HIV/AIDS. The United Nations Development Program, UNDP has actively promoted decentralization in local government and points out that one of the earliest efforts in using decentralization to address the HIV/AIDS pandemic in sub-Saharan Africa has been through the Alliance of Mayors and Municipal Leaders on HIV/AIDS in Africa [7]. These efforts have been supported by donor agencies such as USAID, UNDP, World Bank and Private Foundations. According to Schneider the Ford Foundation in Southern Africa (South Africa, Zimbabwe, Namibia, and Mozambique) for example, focused its grant making on strengthening local government and civic responses to HIV/AIDS at district and community levels [8].","",""
6,"Emily Vargas-Barón, Kristel Diehl, Jason W. Small","Improving policy environments for infants and young children: global status of multisectoral national policies for early childhood development",2022,"Vulnerable Children and Youth Studies","Informa UK Limited","http://dx.doi.org/10.1080/17450128.2022.2067382","",664,"2024-06-21 14:54:40","journal-article","10.1080/17450128.2022.2067382","1745-0128","",17,3,193,209,6,3.00,2,3,2,"","https://www.tandfonline.com/doi/pdf/10.1080/17450128.2022.2067382",""
0,"N. R. Anvitha, R. Vinuthashree, Shobha Jagannath","Phytochemical screening, antioxidant and anti-inflammatory activity of vulnerable tree species, Diospyros candolleana Wight",2023,"Annals of Phytomedicine An International Journal","Ukaaz Publications","http://dx.doi.org/10.54085/ap.2023.12.1.48","",665,"2024-06-21 14:54:40","journal-article","10.54085/ap.2023.12.1.48","2278-9839","",12,1,,,0,0.00,0,3,1,"","",""
0,"JANAINA DE MENDONÇA FERNANDES, FERNANDA MITSUE SOARES ONUMA","Female refugees: the most vulnerable of the vulnerable, according to the theory of social reproduction",2024,"Cadernos EBAPE.BR","FapUNIFESP (SciELO)","http://dx.doi.org/10.1590/1679-395120230124x","",666,"2024-06-21 14:54:40","journal-article","10.1590/1679-395120230124x","1679-3951","",22,2,,,0,0.00,0,2,1,"Abstract Discrimination against female refugees, the majority of the world’s displaced people, encompasses multiple dimensions not often considered by institutions addressing the issue in host countries, such as sexual, cultural, and psychological violence. This article is based on non-systematic bibliographic research, statistical analysis, descriptive data, and documentary research. The aim is to explore academic literature and official data to identify the multiple dimensions and forms of violence that must be considered when developing public policies for women seeking refuge in Brazil. The results based on the theory of social reproduction allowed us to explain the phenomenon of feminization of forced migrations and indicate the variables socioeconomic vulnerabilities and psycho-emotional weaknesses, sexual violence, motherhood, and territoriality as dimensions that can support future elaborations in terms of public service policies for female refugees in Brazil.","http://www.scielo.br/scielo.php?script=sci_pdf&pid=S1679-39512024000200602&tlng=en",""
0,"Sepideh HajiHosseinKhani, Arash Habibi Lashkari, Ali Mizani Oskui","Unveiling vulnerable smart contracts: Toward profiling vulnerable smart contracts using genetic algorithm and generating benchmark dataset",2024,"Blockchain: Research and Applications","Elsevier BV","http://dx.doi.org/10.1016/j.bcra.2023.100171","",667,"2024-06-21 14:54:40","journal-article","10.1016/j.bcra.2023.100171","2096-7209","",5,1,100171,100171,0,0.00,0,3,1,"","https://api.elsevier.com/content/article/PII:S2096720923000465",""
1,"Ioanna Sitaridou","(In)vulnerable inflected infinitives as complements to modals",2021,"Syntactic Features and the Limits of Syntactic Change","Oxford University Press","http://dx.doi.org/10.1093/oso/9780198832584.003.0008","",668,"2024-06-21 14:54:40","book-chapter","10.1093/oso/9780198832584.003.0008","","",,,161,177,1,0.33,1,1,3,"<p>The paper presents data from Galician and Romeyka which show that inflected infinitives do appear as non-attitude complements <italic>contra</italic> most existing accounts, more specifically as complements to modal and (some) volitional predicates that induce obligatory semantic control. Based on Landau’s (2015) argument that [+Agr] is irrelevant for non-attitude complements, it is argued that the <italic>phi</italic>-features on the inflected infinitives in non-attitude complements are redundant; in more technical terms, affixes expressing these features are dissociated morphemes, which are not interpreted at LF but are inserted at PF instead. For this reason, they crucially appear in monoclausal contexts, i.e., in complements to modals: in this context, in which the complement has no external argument (via lexical restructuring), these morphemes express a copy of a relevant subject Agr on the modal that is valued in syntax. From this also follows why they are vulnerable to change, essentially, because they contribute nothing.</p>","",""
0,"Andrew J. Stewart","The Promise, Success, and Failure of the Early Researchers",2021,"A Vulnerable System","Cornell University Press","http://dx.doi.org/10.7591/cornell/9781501758942.003.0003","",669,"2024-06-21 14:54:40","book-chapter","10.7591/cornell/9781501758942.003.0003","","",,,13,31,0,0.00,0,1,3,"<p>This chapter discusses the promise, success, and failure of the early researchers of information security. The RAND Corporation and the other early researchers who began the study of information security in the early 1960s believed that they could unlock the gates to a new world where classified information could be protected. However, their dream was overpowered by the concerns of the commercial market. In that regard, the RAND Corporation had been proven correct, that rationality did indeed reign supreme. It was entirely rational for the new computer companies to forsake the creations of the early researchers such as multilevel security, formal verification, and the Orange Book. By the mid 1990s, the field of information security was adrift.</p>","",""
0,"","Bullying and the Vulnerable",2021,"Understanding Suicide’s Allure","Praeger","http://dx.doi.org/10.5040/9798216029816.ch-019","",670,"2024-06-21 14:54:40","other","10.5040/9798216029816.ch-019","","",,,115,119,0,0.00,0,0,3,"","",""
0,"","Vulnerable groups face multiple barriers to employment",2022,"OECD Economic Surveys: Belgium 2022","OECD","http://dx.doi.org/10.1787/47e1ac82-en","",671,"2024-06-21 14:54:40","other","10.1787/47e1ac82-en","1999-0766","",,,,,0,0.00,0,0,2,"","",""
0,"","HIV/AIDS VULNERABLE GROUPS IN NIGERIA",2023,"HIV and AIDS","Malthouse Press","http://dx.doi.org/10.2307/jj.8543471.13","",672,"2024-06-21 14:54:40","book-chapter","10.2307/jj.8543471.13","","",,,173,210,0,0.00,0,0,1,"","",""
0,"George Abuchi Agwu","Exposure to Income Losses During the Covid-19 Pandemic: Who Was More Vulnerable in Nigeria?",2023,"","Elsevier BV","http://dx.doi.org/10.2139/ssrn.4486412","",673,"2024-06-21 14:54:40","posted-content","10.2139/ssrn.4486412","","",,,,,0,0.00,0,1,1,"","",""
0,"","List of Illustrations",2023,"Side Hustle Safety Net","University of California Press","http://dx.doi.org/10.1525/9780520387317-001","",674,"2024-06-21 14:54:40","book-chapter","10.1525/9780520387317-001","","",,,,,0,0.00,0,0,1,"","https://www.degruyter.com/document/doi/10.1525/9780520387317-001/xml",""
0,"Arathi Menon","Why some communities are more vulnerable to Kyasanur forest disease",2023,"Nature India","Springer Science and Business Media LLC","http://dx.doi.org/10.1038/d44151-023-00044-w","",675,"2024-06-21 14:54:40","journal-article","10.1038/d44151-023-00044-w","1755-3180","",,,,,0,0.00,0,1,1,"","https://www.nature.com/articles/d44151-023-00044-w.pdf",""
0,"Gill Norman, Maartje Kletter, Jo Dumville","Interventions to increase vaccination in vulnerable groups: rapid overview of reviews",2023,"","Research Square Platform LLC","http://dx.doi.org/10.21203/rs.3.rs-3170858/v1","",676,"2024-06-21 14:54:40","posted-content","10.21203/rs.3.rs-3170858/v1","","",,,,,0,0.00,0,3,1,"Abstract:","https://www.researchsquare.com/article/rs-3170858/v1",""
2,"Luke Taylor","Covid-19: Lagging vaccination leaves the Caribbean vulnerable, says PAHO",2022,"BMJ","BMJ","http://dx.doi.org/10.1136/bmj.o519","",677,"2024-06-21 14:54:40","journal-article","10.1136/bmj.o519","1756-1833","",,,,,2,1.00,2,1,2,"","http://data.bmj.org/tdm/10.1136/bmj.o519",""
0,"","2 Vulnerable people",2021,"The Cinema of Mia Hansen-Løve","Edinburgh University Press","http://dx.doi.org/10.1515/9781474447669-005","",678,"2024-06-21 14:54:40","book-chapter","10.1515/9781474447669-005","","",,,42,62,0,0.00,0,0,3,"","https://www.degruyter.com/document/doi/10.1515/9781474447669-005/xml",""
0,"David Winchester","Review for ""A scoping review and intersectionality‐based analysis of heart failure telehealth interventions for vulnerable populations""",2023,"","Wiley","http://dx.doi.org/10.1111/jan.15756/v2/review1","",679,"2024-06-21 14:54:40","peer-review","10.1111/jan.15756/v2/review1","","",,,,,0,0.00,0,1,1,"","",""
0,"","Pandemic school closures were especially hard on the mental health of younger, more vulnerable children",2023,"AAAS Articles DO Group","American Association for the Advancement of Science (AAAS)","http://dx.doi.org/10.1126/science.adk3877","",680,"2024-06-21 14:54:40","dataset","10.1126/science.adk3877","","",,,,,0,0.00,0,0,1,"","",""
0,"","CHAUCER, VULNERABLE BODIES, SOMATOPHOBIA, AND THEORY",2024,"Feminist Medievalisms","Arc Humanities Press","http://dx.doi.org/10.2307/jj.10474613.8","",681,"2024-06-21 14:54:40","book-chapter","10.2307/jj.10474613.8","","",,,95,126,0,0.00,0,0,1,"","",""
0,"","Adopting, Expanding, but not Exhausting",2024,"Significant Emotions","Bloomsbury Publishing Plc","http://dx.doi.org/10.5040/9781350026834.ch-9","",682,"2024-06-21 14:54:40","other","10.5040/9781350026834.ch-9","","",,,165,188,0,0.00,0,0,1,"","",""
0,"Sihong Wu, Snejina Michailova, Di Fan","The Expansion of Energy Firms in Environmentally Vulnerable Countries: A Legitimacy Perspective",2023,"","Elsevier BV","http://dx.doi.org/10.2139/ssrn.4621465","",683,"2024-06-21 14:54:40","posted-content","10.2139/ssrn.4621465","","",,,,,0,0.00,0,3,1,"","",""
0,"","Financial Exploitation of Vulnerable Adults by Family Members",2021,"Encyclopedia of Gerontology and Population Aging","Springer International Publishing","http://dx.doi.org/10.1007/978-3-030-22009-9_300825","",684,"2024-06-21 14:54:40","book-chapter","10.1007/978-3-030-22009-9_300825","","",,,1854,1854,0,0.00,0,0,3,"","https://link.springer.com/content/pdf/10.1007/978-3-030-22009-9_300825",""
0,"Jeri Sias","Stereotypes and Vulnerable Populations",2022,"Cultural Aspects of Healthcare: A Toolkit for Pharmacy Education","The American Pharmacists Association","http://dx.doi.org/10.21019/culturaltoolkit-cultural.stereotypes","",685,"2024-06-21 14:54:40","book-chapter","10.21019/culturaltoolkit-cultural.stereotypes","","",,,,,0,0.00,0,1,2,"","",""
0,"Jennifer Mincin","Emergency Management: Working with Vulnerable Populations",2021,"Encyclopedia of Security and Emergency Management","Springer International Publishing","http://dx.doi.org/10.1007/978-3-319-70488-3_50","",686,"2024-06-21 14:54:40","book-chapter","10.1007/978-3-319-70488-3_50","","",,,340,350,0,0.00,0,1,3,"","https://link.springer.com/content/pdf/10.1007/978-3-319-70488-3_50",""
0,"Elsa Díaz López","Vaccination against Human Papillomavirus (HPV) in Vulnerable Populations – Sexual Minorities",2022,"Molecular Mechanisms in Cancer","IntechOpen","http://dx.doi.org/10.5772/intechopen.102460","",687,"2024-06-21 14:54:40","book-chapter","10.5772/intechopen.102460","","",,,,,0,0.00,0,1,2,"The human papillomavirus (HPV) is one of the most frequent sexually transmitted infections worldwide, causing cancers including cervical cancer and diseases such as genital warts and oral papillomatosis, these diseases affect both men and women. HPV vaccination has been one of the main tools to decrease the burden of HPV disease. In many countries, national vaccination programs do not provide for their application to boys, men, as well as adults, although their efficacy and immunogenicity has been demonstrated. There are vulnerable populations such as the LGBTTTIQA population (Lesbian, Gay, Bisexual, Transgender, Transvestite, Intersex, Queer and Asexual) in which HPV immunization should be emphasized since they present greater risks of infection and, they face not only social stigmatization but also often that coming from medical services resulting in cases with more advanced cancers and little primary prevention. When talking about sexual and reproductive health, points of inequity that require their resolution must be analyzed, initiating this, from a bioethical analysis.","http://www.intechopen.com/download/pdf/80380",""
0,"Cristina M. Zeretzke-Bien","Approach to Vulnerable Populations",2023,"Quick Hits for Pediatric Emergency Medicine","Springer International Publishing","http://dx.doi.org/10.1007/978-3-031-32650-9_25","",688,"2024-06-21 14:54:40","book-chapter","10.1007/978-3-031-32650-9_25","","",,,187,192,0,0.00,0,1,1,"","https://link.springer.com/content/pdf/10.1007/978-3-031-32650-9_25",""
1,"Sreeparna Chattopadhyay","Witnessing vulnerability and the vulnerable witness",2021,"Transdisciplinary Ethnography in India","Routledge","http://dx.doi.org/10.4324/9781003174806-5","",689,"2024-06-21 14:54:40","book-chapter","10.4324/9781003174806-5","","",,,69,85,1,0.33,1,1,3,"","",""
1,"Faramarz Asanjarani, Gokmen Arslan, Humoud F. Alqashan, Parisa Sadeghi","Coronavirus stress and adolescents’ internalizing problems: exploring the effect of optimism and pessimism",2021,"Vulnerable Children and Youth Studies","Informa UK Limited","http://dx.doi.org/10.1080/17450128.2021.2020386","",690,"2024-06-21 14:54:40","journal-article","10.1080/17450128.2021.2020386","1745-0128","",17,3,281,288,1,0.33,0,4,3,"","https://www.tandfonline.com/doi/pdf/10.1080/17450128.2021.2020386",""
2,"Apsara Ali Nathwani, Maryam Pyar Ali Lakhdir, Syed Iqbal Azam, Amna Rehana Siddiqui","Behavioral problems and its associated factors among siblings of children with developmental disabilities: analytical cross-sectional study",2022,"Vulnerable Children and Youth Studies","Informa UK Limited","http://dx.doi.org/10.1080/17450128.2021.2023788","",691,"2024-06-21 14:54:40","journal-article","10.1080/17450128.2021.2023788","1745-0128","",17,2,180,192,2,1.00,1,4,2,"","https://www.tandfonline.com/doi/pdf/10.1080/17450128.2021.2023788",""
0,"James J. Connolly, Dagney G. Faulk, Emily J. Wornell","Appendix B MT. AUBURN ASSOCIATES—ROUND 1, FINAL EVALUATION RUBRIC",2022,"Vulnerable Communities","Cornell University Press","http://dx.doi.org/10.7591/cornell/9781501761324.005.0002","",692,"2024-06-21 14:54:40","book-chapter","10.7591/cornell/9781501761324.005.0002","","",,,255,256,0,0.00,0,3,2,"","",""
1,"Mónica Serrano","A Forward March Halted",2021,"Transforming the War on Drugs","Oxford University Press","http://dx.doi.org/10.1093/oso/9780197604359.003.0005","",693,"2024-06-21 14:54:40","book-chapter","10.1093/oso/9780197604359.003.0005","","",,,113,130,1,0.33,1,1,3,"<p>Chapter 4 focuses on a particularly critical moment in the changing character of the War on Drugs: UNGASS 2016. It explains why UNGASS 2016 produced high expectations for a breakthrough in the transformation of the War on Drugs, and why these expectations were subsequently not met. The lack of both a clear blueprint for reform and sound leadership among the countries that demanded adjustments to the International Drug Control Regime were detrimental to advancing concrete changes. Overall, the chapter argues that UNGASS 2016 facilitated entry points for working toward more balanced and comprehensive drug policies, highlighting the importance of human rights, public health, and development. Nonetheless, it closed the door to substantial change in the interpretation of the International Drug Control Regime and with it, to meaningful transformation of the War on Drugs.</p>","",""
0,"John Clayton, Catherine Donovan, Stephen J. Macdonald","Becoming Visible, Becoming Vulnerable? Bodies, Material Spaces and Affective Economies of Hate",2022,"Landscapes of Hate","Policy Press","http://dx.doi.org/10.1332/policypress/9781529215175.003.0006","",694,"2024-06-21 14:54:40","book-chapter","10.1332/policypress/9781529215175.003.0006","","",,,98,117,0,0.00,0,3,2,"<p>This chapter explores connections between visibility and situated vulnerability for those targeted on the basis of identities of ‘race’ and faith, sexuality, transgender and disability. The chapter argues that who or what becomes hyper-visible and subject to the harms of hate is produced by more than representational visibility or markers of embodied difference. Using the concept of the social materiality of space, the chapter examines how hyper-visibility is produced through the material and symbolic association of particular sites with marginalized groups. Through examples of the mosque, the gay scene and the home, the chapter considers the ways in which material spaces stand in for, are associated with and produce hyper-visible bodies. The chapter also reflects on efforts to navigate and contest harms of hate, including re-working meanings associated with particular material environments.</p>","",""
0,"Rainier Masa, Alexandria Forte, Melissa Villodas","Direct and indirect associations of weight status, self-efficacy, and gender attitudes with cognitive and academic skills among adolescent girls in Zambia",2022,"Vulnerable Children and Youth Studies","Informa UK Limited","http://dx.doi.org/10.1080/17450128.2022.2113195","",695,"2024-06-21 14:54:40","journal-article","10.1080/17450128.2022.2113195","1745-0128","",18,2,182,194,0,0.00,0,3,2,"","https://www.tandfonline.com/doi/pdf/10.1080/17450128.2022.2113195",""
0,"","Government advisers recommend COVID-19 vaccines for clinically vulnerable children aged 5 to 11 years",2021,"Pharmaceutical Journal","Royal Pharmaceutical Society","http://dx.doi.org/10.1211/pj.2021.1.121474","",696,"2024-06-21 14:54:40","journal-article","10.1211/pj.2021.1.121474","2053-6186","",,,,,0,0.00,0,0,3,"","",""
0,"","Caring for cancer patients at a vulnerable time",2022,"BDJ Team","Springer Science and Business Media LLC","http://dx.doi.org/10.1038/s41407-022-0904-0","",697,"2024-06-21 14:54:40","journal-article","10.1038/s41407-022-0904-0","2054-7617","",9,4,4,4,0,0.00,0,0,2,"","https://www.nature.com/articles/s41407-022-0904-0.pdf",""
0,"Valentín Martínez-Otero Pérez, Juan Cayón Peña","Intervención con población vulnerable a la violencia y la exclusión",2023,"","Dykinson","http://dx.doi.org/10.14679/2701","",698,"2024-06-21 14:54:40","monograph","10.14679/2701","","",,,,,0,0.00,0,2,1,"Comprender qué provoca la vulnerabilidad es un paso esencial para ayudar a las personas y a las comunidades a adquirir las estrategias y los recursos necesarios para evitar o minimizar los daños. La vulnerabilidad es objeto de preocupación en el campo social. Hablar de vulnerabilidad será positivo si, por un lado, permite enriquecer la comprensión de circunstancias personales, institucionales y sociales de exclusión, y, por otro lado, anima a disponer los elementos necesarios para prevenir y eliminar barreras. Tal como nosotros la entendemos, la vulnerabilidad, a despecho de las críticas recibidas, no tiene sentido peyorativo. Es posible que en ocasiones se identifiquen resistencias, incluso en los propios sujetos, a hablar de personas vulnerables, sobre todo, si la denominación, desde una óptica “capacitista”, queda asociada a limitación, debilidad, pasividad, deficiencia, inferioridad, etc. En este cuarto volumen, a partir del concepto de vulnerabilidad, adoptamos, al igual que en las obras anteriores de esta misma colección, una mirada pluridisciplinar y nos centramos en planteamientos inclusivos, asentados en la dignidad personal, en los derechos, en el empoderamiento, en la resiliencia individual y colectiva, así como que en la consideración de concretas situaciones. Se trata de subrayar que las ciencias sociales y humanas pueden realizar una labor muy positiva en lo que se refiere a la prevención de la violencia y la exclusión.","",""
0,"","Review for ""Temperate and tropical lizards are vulnerable to climate warming due to increased water loss and heat stress""",2022,"","The Royal Society","http://dx.doi.org/10.1098/rspb.2022.1074/v2/review1","",699,"2024-06-21 14:54:40","peer-review","10.1098/rspb.2022.1074/v2/review1","","",,,,,0,0.00,0,0,2,"","",""
0,"","Appendix: Research Methodology",2023,"Side Hustle Safety Net","University of California Press","http://dx.doi.org/10.1525/9780520387317-011","",700,"2024-06-21 14:54:40","book-chapter","10.1525/9780520387317-011","","",,,253,260,0,0.00,0,0,1,"","https://www.degruyter.com/document/doi/10.1525/9780520387317-011/xml",""
0,"Oula Amrouni, Essam Heggy, Gil Mahé","The ecohydrological approach for Integrated Vulnerable Coastal Zone Resilience in arid regions",2022,"","Copernicus GmbH","http://dx.doi.org/10.5194/iahs2022-208","",701,"2024-06-21 14:54:40","posted-content","10.5194/iahs2022-208","","",,,,,0,0.00,0,3,2,"&lt;p&gt;Coastal wetland ecosystems are complex environments subject to physical factors and multiple yield supplies. The climate change impacts are strongly visible in those low-lying areas, in close relationships with the decrease of the continental water and sediment supply, marine storms and submersion. To understand the interactions between the coastal components we adopt the ecohydrology approach for a lagoon ecosystem in North Africa. The ecohydrology approach is based on as a compeling of well-experimented data as the sediment dynamics, the hydrology of the watershed basin and the coastal aquifer, and the biodiversity and the remote sensing observations in relation with the socioeconomic activities. The ecohydrology concept is focused in our research on the coastal &amp;#8216;hot spot&amp;#8217; areas on the deltaic-lagoon and sandy barrier areas identified as very highly vulnerable to the sea level rise and marine disasters. The main goal is to establish a shared database and an innovative Nature Based Solution with the regional communities to enhance the coastal resilience and to better explore the aquatic resource for a sustainable blue economy, in the context of rapid environmental changes in the Mediterranean arid-regions, driven by both climate change and anthropogenic negative impacts on natural landscapes.&lt;/p&gt;","",""
0,"","Contents",2022,"Rescuing the Vulnerable","Berghahn Books","http://dx.doi.org/10.1515/9781785331374-toc","",702,"2024-06-21 14:54:40","book-chapter","10.1515/9781785331374-toc","","",,,,,0,0.00,0,0,2,"","https://www.degruyter.com/document/doi/10.1515/9781785331374-toc/xml",""
0,"William F.","Track 3: The Promise of Shared Electric Autonomous Mobility (SEAM) to Close Mobility Gaps for Vulnerable Populations",2022,"","Morressier GmbH","http://dx.doi.org/10.26226/m.6321e2e2f30377bc3baf6678","",703,"2024-06-21 14:54:40","posted-content","10.26226/m.6321e2e2f30377bc3baf6678","","",,,,,0,0.00,0,1,2,"","",""
0,"","It’s a Beautiful Life",2023,"Side Hustle Safety Net","University of California Press","http://dx.doi.org/10.2307/jj.5864811.11","",704,"2024-06-21 14:54:40","book-chapter","10.2307/jj.5864811.11","","",,,201,223,0,0.00,0,0,1,"","",""
0,"Tendayi Garutsa","Review for ""NGOs’ responses to the challenges faced by orphans and vulnerable children (OVC) in Chegutu, Zimbabwe""",2022,"","Wiley","http://dx.doi.org/10.1111/issj.12473/v1/review1","",705,"2024-06-21 14:54:40","peer-review","10.1111/issj.12473/v1/review1","","",,,,,0,0.00,0,1,2,"","",""
0,"","How one local community COVID-19 service treated up to 200 vulnerable patients each day",2022,"Pharmaceutical Journal","Royal Pharmaceutical Society","http://dx.doi.org/10.1211/pj.2022.1.140168","",706,"2024-06-21 14:54:40","journal-article","10.1211/pj.2022.1.140168","2053-6186","",,,,,0,0.00,0,0,2,"","",""
0,"Sandra Vaiciulyte, David  A. Novelo-Casanova","Early Earthquake Warning for Hospital Preparedness: Safeguarding Vulnerable Populations in Mexico City",2023,"","Elsevier BV","http://dx.doi.org/10.2139/ssrn.4569799","",707,"2024-06-21 14:54:40","posted-content","10.2139/ssrn.4569799","","",,,,,0,0.00,0,2,1,"","",""
0,"","Weak regulation leaves Mexico vulnerable to cybercrime",2022,"Emerald Expert Briefings","Emerald","http://dx.doi.org/10.1108/oxan-db274773","",708,"2024-06-21 14:54:40","report-component","10.1108/oxan-db274773","2633-304X","",,,,,0,0.00,0,0,2,"Significance: The apparent ransomware attack followed a high-profile attack by ‘hacktivist’ group Guacamaya, on the Ministry of Defence (SEDENA) on September 19. Leaked information included details about security operations and President Andres Manuel Lopez Obrador (AMLO)’s health. Impacts: Unless regulation makes firms report hacks and data breaches, cybercriminals will continue operating with impunity.","https://www.emerald.com/insight/content/doi/10.1108/OXAN-DB274773/full/html",""
0,"J. Michael Ryan, Serena Nanda","Vulnerable and minority populations",2022,"COVID-19: Social Inequalities and Human Possibilities","Routledge","http://dx.doi.org/10.4324/9781003178019-6","",709,"2024-06-21 14:54:40","book-chapter","10.4324/9781003178019-6","","",,,57,67,0,0.00,0,2,2,"","",""
0,"Victor Jeleniewski Seidler","Masculinities, Wars, Migrations and In/Visibilities",2024,"Covid-19 and Global Inequalities","Routledge","http://dx.doi.org/10.4324/9781003296874-2","",710,"2024-06-21 14:54:40","book-chapter","10.4324/9781003296874-2","","",,,18,32,0,0.00,0,1,1,"","",""
6,"Gareth Iacobucci","Covid-19: Evusheld protects the most vulnerable patients, analysis shows",2022,"BMJ","BMJ","http://dx.doi.org/10.1136/bmj.o2690","",711,"2024-06-21 14:54:40","journal-article","10.1136/bmj.o2690","1756-1833","",,,,,6,3.00,6,1,2,"","http://data.bmj.org/tdm/10.1136/bmj.o2690",""
0,"Pratap C. Mohanty, Kamal Sharma","Healthcare Access and Perception on Traditional Medicine: Evidence from Vulnerable Sections of India",2023,"","Authorea, Inc.","http://dx.doi.org/10.22541/au.169640104.45891422/v1","",712,"2024-06-21 14:54:40","posted-content","10.22541/au.169640104.45891422/v1","","",,,,,0,0.00,0,2,1,"","",""
0,"Janka Csernák","A safe space of creativity: designing with vulnerable communities",2023,"Connectivity and creativity in times of conflict","Academia Press","http://dx.doi.org/10.26530/9789401496476-164","",713,"2024-06-21 14:54:40","book-chapter","10.26530/9789401496476-164","","",,,,,0,0.00,0,1,1,"","",""
0,"","ACKNOWLEDGEMENTS",2022,"Invisible Faces and Hidden Stories","Berghahn Books","http://dx.doi.org/10.1515/9781789209341-002","",714,"2024-06-21 14:54:40","book-chapter","10.1515/9781789209341-002","","",,,,,0,0.00,0,0,2,"","https://www.degruyter.com/document/doi/10.1515/9781789209341-002/xml",""
0,"Frauke Rostalski","Vulnerabilität und Resilienz",2024,"Die vulnerable Gesellschaft","Verlag C.H.BECK oHG","http://dx.doi.org/10.17104/9783406814631-22","",715,"2024-06-21 14:54:40","book-chapter","10.17104/9783406814631-22","","",,,22,27,0,0.00,0,1,1,"","",""
1,"Alice C. Hughes, Benjamin M. Marshall, Colin T. Strine","Gaps in global wildlife trade monitoring leave amphibians vulnerable",2021,"","Cold Spring Harbor Laboratory","http://dx.doi.org/10.1101/2021.05.12.443752","",716,"2024-06-21 14:54:40","posted-content","10.1101/2021.05.12.443752","","",,,,,1,0.33,0,3,3,"Abstract: As the biodiversity crisis continues, we must redouble efforts to understand and curb pressures pushing species closer to extinction. One major driver is the unsustainable trade of wildlife. Trade in internationally regulated species gains the most research attention, but this only accounts for a minority of traded species and we risk failing to appreciate the scale and impacts of unregulated legal trade. Despite being legal, trade puts pressure on wild species via: direct collection, introduced pathogens, and invasive species. Smaller species-rich vertebrates, such reptiles, fish, and amphibians, may be particularly vulnerable to trading because of gaps in regulations, small distributions, and demand of novel species. Here we combine data from five sources: online web searches in six languages, CITES trade database, LEMIS trade database, IUCN assessments, and a recent literature review, to characterise the global trade in amphibians, and also map use by purpose including meat, pets, medicinal and for research. We show that 1,215 species are being traded (17% of amphibian species), almost three times previous recorded numbers, 345 are threatened, and 100 data deficient or unassessed. Traded species origin hotspots include South American, China, and Central Africa; sources indicate 42% of amphibians are taken from the wild. Newly described species can be rapidly traded (mean time lag of 6.5 years), including threatened and unassessed species. The scale and limited regulation of the amphibian trade, paired with the triptych of connected pressures (collection, pathogens, invasive species), warrants a re-examination of the wildlife trade status-quo, application of the precautionary principle in regards to wildlife trade, and a renewed push to achieve global biodiversity goals.","https://syndication.highwire.org/content/doi/10.1101/2021.05.12.443752",""
0,"Chris Hughes, Nikki Robinson","Effective Vulnerability Management",2024,"","Wiley","http://dx.doi.org/10.1002/9781394277155","",717,"2024-06-21 14:54:40","monograph","10.1002/9781394277155","","",,,,,0,0.00,0,2,1,"","https://onlinelibrary.wiley.com/doi/pdf/10.1002/9781394277155",""
1,"Nicole De Wet-Billings, Paballo Mataboge","Family structure and socio-demographic factors associated with binge drinking among adolescents in South Africa",2021,"Vulnerable Children and Youth Studies","Informa UK Limited","http://dx.doi.org/10.1080/17450128.2021.1883786","",718,"2024-06-21 14:54:40","journal-article","10.1080/17450128.2021.1883786","1745-0128","",17,1,1,12,1,0.33,1,2,3,"","https://www.tandfonline.com/doi/pdf/10.1080/17450128.2021.1883786",""
0,"Jennifer L L Gant","Floating Charges and Moral Hazard: Finding Fairness for Involuntary and Vulnerable Stakeholders",2022,"Floating Charges in Scotland","Edinburgh University Press","http://dx.doi.org/10.3366/edinburgh/9781474458726.003.0006","",719,"2024-06-21 14:54:40","book-chapter","10.3366/edinburgh/9781474458726.003.0006","","",,,228,270,0,0.00,0,1,2,"<p>This chapter deploys a socio-legal approach to floating charges. It examines moral hazard and considers how floating charges affect vulnerable and involuntary stakeholders, especially employees. Dr Gant assesses whether there are adequate protections for such parties to avoid the potential for abuse by floating charge holders, especially in the context of insolvency.</p>","",""
1,"Becky Tunstall","Being vulnerable or ill at home in the pandemic",2022,"Stay Home","Policy Press","http://dx.doi.org/10.1332/policypress/9781447365884.003.0006","",720,"2024-06-21 14:54:40","book-chapter","10.1332/policypress/9781447365884.003.0006","","",,,101,135,1,0.50,1,1,2,"<p>‘Shielding’ and ‘isolating’ were the strictest forms of staying home. Four million people who were particularly vulnerable were asked to ‘shield’ at home for months, initially to protect the health service and latterly for their own protection. At least 12 million who had COVID-19 or suspected COVID-19 were required by law to ‘isolate’ at home to protect others (at least those outside their household). A quarter of shielders and isolators lived alone and became a new category of dependent people. Those who lived with others had to try to avoid infection at home. People on lower incomes were more likely to have to shield or isolate, but they and ethnic minorities were less likely to have a spare bedroom to do so properly, which must have contributed to inequalities in infection and death. Shielding and isolating were only partially successful. In 2020/21, there were 28 million or 18% fewer hospital appointments than before the pandemic. Millions were providing healthcare for household members with COVID, while trying to avoid infection, or conditions that would normally be treated in hospital. Some 34% more people than usual died at home. This placed extra responsibility on sick and vulnerable people, their households and homes.</p>","",""
0,"Hang Xu, Zhiqiang Zhang, Ram Oren, Xiaoyun Wu","Hyposensitive canopy conductance renders ecosystems vulnerable to extreme droughts",2021,"","Research Square Platform LLC","http://dx.doi.org/10.21203/rs.3.rs-912317/v1","",721,"2024-06-21 14:54:40","posted-content","10.21203/rs.3.rs-912317/v1","","",,,,,0,0.00,0,4,3,"Abstract: Increased drought intensity with rising atmospheric demand for water (hereafter VPD) increases the risk of tree mortality worldwide. Ecosystem-scale water-use strategy (WUS","https://www.researchsquare.com/article/rs-912317/v1",""
0,"","Why Do People Return to Vulnerable Places?",2022,"Soaking the Middle Class","Russell Sage Foundation","http://dx.doi.org/10.7758/9781610449168.9","",722,"2024-06-21 14:54:40","book-chapter","10.7758/9781610449168.9","","",,,62,77,0,0.00,0,0,2,"","",""
0,"Leah Farrell","Suggested Reforms of Special Measures Available to Vulnerable Victims in the Irish Courts",2021,"Academia Letters","Academia.edu","http://dx.doi.org/10.20935/al2715","",723,"2024-06-21 14:54:40","journal-article","10.20935/al2715","2771-9359","",,,,,0,0.00,0,1,3,"","https://www.academia.edu/50948959/Suggested_Reforms_of_Special_Measures_Available_to_Vulnerable_Victims_in_the_Irish_Courts",""
0,"Dario Fiorenza, Daniele Gorla, Ivano Salvo","Polynomial Recognition of Vulnerable Multi-Commodities",2022,"SSRN Electronic Journal","Elsevier BV","http://dx.doi.org/10.2139/ssrn.4003395","",724,"2024-06-21 14:54:40","journal-article","10.2139/ssrn.4003395","1556-5068","",,,,,0,0.00,0,3,2,"","",""
0,"Nicholas Bunnin","Vulnerable Selves and Openness to Love",2021,"Love and Vulnerability","Routledge","http://dx.doi.org/10.4324/9781003133223-10","",725,"2024-06-21 14:54:40","book-chapter","10.4324/9781003133223-10","","",,,78,81,0,0.00,0,1,3,"","",""
0,"","Western inputs make Turkey’s arms sector vulnerable",2022,"Emerald Expert Briefings","Emerald","http://dx.doi.org/10.1108/oxan-db274451","",726,"2024-06-21 14:54:40","report-component","10.1108/oxan-db274451","2633-304X","",,,,,0,0.00,0,0,2,"Significance: Ankara’s defence sector has strengthened over the past decade, boosting arms exports, although its military is still the main buyer. However, the sector is dependent on Western inputs, making Ankara vulnerable to political pressure. Impacts: The aerospace industry will be undermined as a result of its exclusion from the US-led F-35 fighter jet consortium.","https://www.emerald.com/insight/content/doi/10.1108/OXAN-DB274451/full/html",""
0,"Saradh M","PROPAGATION STRATEGIES FOR THE VULNERABLE MEDICINAL TREE SPECIES, HILDEGARDIA POPULIFOLIA (ROXB.) SCHOTT &amp; ENDL. (MALVACEAE)",2022,"","Royal Book Publishing","http://dx.doi.org/10.26524/royal.123","",727,"2024-06-21 14:54:40","monograph","10.26524/royal.123","","",,,,,0,0.00,0,1,2,"Development of propagation and conservation strategies for the vulnerable tree species, Hildegardia populifolia is a reference book focused at post graduates, research scholars, scientists and professionals of tree species cultivation. It covers the macropropagation through clonal cuttings and micropropagation in terms of direct and indirect regeneration and synthetic seed propagation. It is specifically directed to biotechnologists, biologists and bioengineers working in research institutes, universities or at various institutions","",""
0,"","Frontmatter",2023,"Side Hustle Safety Net","University of California Press","http://dx.doi.org/10.1525/9780520387317-fm","",728,"2024-06-21 14:54:40","book-chapter","10.1525/9780520387317-fm","","",,,,,0,0.00,0,0,1,"","https://www.degruyter.com/document/doi/10.1525/9780520387317-fm/xml",""
0,"Geraldine Lee","Hypertension: the silent killer in a vulnerable population",2024,"European Journal of Cardiovascular Nursing","Oxford University Press (OUP)","http://dx.doi.org/10.1093/eurjcn/zvae004","",729,"2024-06-21 14:54:40","journal-article","10.1093/eurjcn/zvae004","1474-5151","",,,,,0,0.00,0,1,1,"","https://academic.oup.com/eurjcn/advance-article-pdf/doi/10.1093/eurjcn/zvae004/56322298/zvae004.pdf",""
0,"Laura Farrugia","Interviewing Vulnerable Suspects",2024,"Exploring Vulnerability in the Criminal Justice System in England and Wales","Routledge","http://dx.doi.org/10.4324/9781003386735-5","",730,"2024-06-21 14:54:40","book-chapter","10.4324/9781003386735-5","","",,,74,96,0,0.00,0,1,1,"","",""
0,"Aart Hendriks","The Rights of Vulnerable Persons",2023,"Fundamental Rights","Cambridge University Press","http://dx.doi.org/10.1017/9781009255721.022","",731,"2024-06-21 14:54:40","book-chapter","10.1017/9781009255721.022","","",,,522,546,0,0.00,0,1,1,"","",""
0,"Ishfaq Ahmad Wani","Nomadic Narratives",2024,"Vulnerable Communities in Neoliberal India","Routledge","http://dx.doi.org/10.4324/9781003494065-2","",732,"2024-06-21 14:54:40","book-chapter","10.4324/9781003494065-2","","",,,21,37,0,0.00,0,1,1,"","",""
0,"Andrew J. Stewart","A Vulnerable System",2021,"","Cornell University Press","http://dx.doi.org/10.1515/9781501759048","",733,"2024-06-21 14:54:40","edited-book","10.1515/9781501759048","","",,,,,0,0.00,0,1,3,"","",""
0,"","INDEX",2022,"Invisible Faces and Hidden Stories","Berghahn Books","http://dx.doi.org/10.1515/9781789209341-011","",734,"2024-06-21 14:54:40","book-chapter","10.1515/9781789209341-011","","",,,143,145,0,0.00,0,0,2,"","https://www.degruyter.com/document/doi/10.1515/9781789209341-011/xml",""
0,"","WITHDRAWN: LINC01770 stabilizes TEAD1 expression to mediates nasopharyngeal cancer radiation resistance rendering tumor cells vulnerable to ferroptosis",2024,"","Research Square Platform LLC","http://dx.doi.org/10.21203/rs.3.rs-3236964/v2","",735,"2024-06-21 14:54:40","posted-content","10.21203/rs.3.rs-3236964/v2","","",,,,,0,0.00,0,0,1,"Abstract: The full text of this preprint has been withdrawn by the authors due to author disagreement with the posting of the preprint. Therefore, the authors do not wish this work to be cited as a reference. Questions should be directed to the corresponding author.","https://www.researchsquare.com/article/rs-3236964/v2",""
3,"Tivani P. Mashamba-Thompson","Diagnostics Literacy Advocacy Model for Vulnerable Populations",2022,"Diagnostics","MDPI AG","http://dx.doi.org/10.3390/diagnostics12030716","",736,"2024-06-21 14:54:40","journal-article","10.3390/diagnostics12030716","2075-4418","",12,3,716,716,3,1.50,3,1,2,"Evidence shows that vulnerable populations have lower levels of health literacy, resulting in poor health-seeking behavior and poor uptake of diagnostics. Being health literate promotes health care-seeking behavior and improves engagement with diagnostic services. In this editorial, I define health literacy in the context of access to technology for enabling disease screening, diagnosis and linkage to care. I refer to health literacy in this context as diagnostics literacy. The COVID-19 pandemic has taught us that vulnerable populations are disproportionately disadvantaged by the disruptive measures put in place to control the spread of the virus. Many vulnerable populations are still experiencing short-and longer-term socio-economic consequences. I propose a multi-level diagnostics literacy advocacy model to help improve diagnostic uptake among vulnerable populations.","https://www.mdpi.com/2075-4418/12/3/716/pdf",""
0,"Mutale Chileshe","EMOTIONAL REFLEXIVITY: FIELDWORK AMONG VULNERABLE AND POOR POPULATIONS",2022,"Practicing Anthropology","Informa UK Limited","http://dx.doi.org/10.17730/0888-4552.44.2.10","",737,"2024-06-21 14:54:40","journal-article","10.17730/0888-4552.44.2.10","0888-4552","",44,2,10,13,0,0.00,0,1,2,"","https://meridian.allenpress.com/practicing-anthropology/article-pdf/44/2/10/3034879/i0888-4552-44-2-10.pdf",""
0,"","A new profession",2022,"Intermediaries in the Criminal Justice System","Bristol University Press","http://dx.doi.org/10.46692/9781447326076.015","",738,"2024-06-21 14:54:40","other","10.46692/9781447326076.015","","",,,281,302,0,0.00,0,0,2,"","https://www.cambridge.org/core/services/aop-cambridge-core/content/view/A8F7561657FA1471505D2DB5AFD7EC15",""
0,"Victor Jeleniewski Seidler","Global Inequalities, Migrations, Deprivations and Despair",2024,"Covid-19 and Global Inequalities","Routledge","http://dx.doi.org/10.4324/9781003296874-3","",739,"2024-06-21 14:54:40","book-chapter","10.4324/9781003296874-3","","",,,33,48,0,0.00,0,1,1,"","",""
0,"Victor Jeleniewski Seidler","Shocks, Isolations, Lockdowns and Fearful Futures",2024,"Covid-19 and Global Inequalities","Routledge","http://dx.doi.org/10.4324/9781003296874-4","",740,"2024-06-21 14:54:40","book-chapter","10.4324/9781003296874-4","","",,,49,62,0,0.00,0,1,1,"","",""
0,"","Index",2024,"Effective Vulnerability Management","Wiley","http://dx.doi.org/10.1002/9781394277155.index","",741,"2024-06-21 14:54:40","other","10.1002/9781394277155.index","","",,,253,264,0,0.00,0,0,1,"","https://onlinelibrary.wiley.com/doi/pdf/10.1002/9781394277155.index",""
0,"Stacey A. Shaw","Refugees and Migrants",2022,"Human Rights and Social Justice","Routledge","http://dx.doi.org/10.4324/9781003111269-17","",742,"2024-06-21 14:54:40","book-chapter","10.4324/9781003111269-17","","",,,278,299,0,0.00,0,1,2,"","",""
1,"Kasia Mika, Ilan Kelman","Vulnerable Anthropocenes?",2022,"Why Vulnerability Still Matters","Routledge","http://dx.doi.org/10.4324/9781003219453-15","",743,"2024-06-21 14:54:40","book-chapter","10.4324/9781003219453-15","","",,,206,221,1,0.50,1,2,2,"","",""
0,"Marwa Dabaieh","Designing for vulnerable groups",2023,"Circular Design for Zero Emission Architecture and Building Practice","Elsevier","http://dx.doi.org/10.1016/b978-0-12-820079-7.00001-4","",744,"2024-06-21 14:54:40","book-chapter","10.1016/b978-0-12-820079-7.00001-4","","",,,41,85,0,0.00,0,1,1,"","https://api.elsevier.com/content/article/PII:B9780128200797000014",""
8,"Laurent Gobillon, Harris Selod","Spatial Mismatch, Poverty, and Vulnerable Populations",2021,"Handbook of Regional Science","Springer Berlin Heidelberg","http://dx.doi.org/10.1007/978-3-662-60723-7_7","",745,"2024-06-21 14:54:40","book-chapter","10.1007/978-3-662-60723-7_7","","",,,573,588,8,2.67,4,2,3,"","http://link.springer.com/content/pdf/10.1007/978-3-662-60723-7_7",""
0,"Geunsic Jo, Shine Cho B., Geunho Choi","Analysis of Factors Affecting the Quality of Life of the Socially Vulnerable Groups: Focusing on the Socially Vulnerable Groups in Gangwon Province",2022,"Journal of Social Science","Institute of Social Science, Gangwon University","http://dx.doi.org/10.22418/jss.2022.12.61.3.43","",746,"2024-06-21 14:54:40","journal-article","10.22418/jss.2022.12.61.3.43","1975-0625","",61,3,43,73,0,0.00,0,3,2,"","",""
0,"Damon Barrett, Kasia Malinowska-Sempruch","Health and Human Rights Challenges for the International Drug Control Regime",2021,"Transforming the War on Drugs","Oxford University Press","http://dx.doi.org/10.1093/oso/9780197604359.003.0013","",747,"2024-06-21 14:54:40","book-chapter","10.1093/oso/9780197604359.003.0013","","",,,317,342,0,0.00,0,2,3,"<p>Chapter 12 calls into question the dichotomy of securitization and desecuritization of the International Drug Control Regime. It demonstrates the International Drug Control Regime’s impacts on people’s security by highlighting systematic human rights abuses, most notably in drug control. Despite governments’ efforts to contain human rights violations in several countries and regions, the ramifications for vulnerable groups continue to be a cause for concern. On the desecuritization side, the chapter discusses the need for accountability in the implementation of health measures, arguing that punitive approaches hamper harm reduction. It concludes that a treaty reform is necessary to undo historical injustices, amend undemocratic procedures, and reform the disproven theories underpinning contemporary international drug control.</p>","",""
1,"Robert Muggah, Katherine Aguirre","Rethinking Drug Policy Metrics to Move Beyond the War on Drugs",2021,"Transforming the War on Drugs","Oxford University Press","http://dx.doi.org/10.1093/oso/9780197604359.003.0015","",748,"2024-06-21 14:54:40","book-chapter","10.1093/oso/9780197604359.003.0015","","",,,377,402,1,0.33,1,2,3,"<p>Chapter 14 integrates critical views from across the domains of criminal justice, human rights, health, and development to suggest new drug policy metrics. It reveals how traditional drug policy indicators that reinforce the securitized War on Drugs discourse have justified and sustained the International Drug Control Regime since the 1960s. Rather than proving the International Drug Control Regime’s success, such traditional indicators have exposed how severe the policy has been, for example by counting the number of people incarcerated for drug-related crimes, without showing its impact. The chapter thus proposes alternative goals, targets, and indicators to overcome the current limbo situation, better track the effects of a progressive drug policy, and shift to a more holistic drug policy paradigm.</p>","",""
0,"Elisabeth Mahase","Vulnerable women are being failed by maternity services, report finds",2022,"BMJ","BMJ","http://dx.doi.org/10.1136/bmj.o333","",749,"2024-06-21 14:54:40","journal-article","10.1136/bmj.o333","1756-1833","",,,,,0,0.00,0,1,2,"","http://data.bmj.org/tdm/10.1136/bmj.o333",""
0,"Leonardo Ancillotto, Rocco Labadessa","Can protected areas and habitats preserve the vulnerable Predatory bush cricket Saga pedo?",2023,"","Research Square Platform LLC","http://dx.doi.org/10.21203/rs.3.rs-2608539/v1","",750,"2024-06-21 14:54:40","posted-content","10.21203/rs.3.rs-2608539/v1","","",,,,,0,0.00,0,2,1,"Abstract: Inconspicuous species challenge conservationists when it comes to delineate long-term conservation planning or assess their status, particularly when their actual distribution is poorly known. Invertebrates in particular feature among the less represented taxa in conservation assessments. Here we follow a multidisciplinary approach for assessing the conservation coverage and address future management of the threatened orthopteran","https://www.researchsquare.com/article/rs-2608539/v1",""
0,"Birgit Schyns, Iris K. Gauglitz, Sarah Gilmore, Karolina Nieberle","Vulnerable Narcissistic Leader Behaviour List",2023,"PsycTESTS Dataset","American Psychological Association (APA)","http://dx.doi.org/10.1037/t90785-000","",751,"2024-06-21 14:54:40","dataset","10.1037/t90785-000","","",,,,,0,0.00,0,4,1,"","",""
0,"Giovanni Lodi","Decision letter for ""“What about us?”‐ the drawbacks of current bruxism assessment criteria in evaluating vulnerable groups""",2022,"","Wiley","http://dx.doi.org/10.1111/odi.14337/v1/decision1","",752,"2024-06-21 14:54:40","peer-review","10.1111/odi.14337/v1/decision1","","",,,,,0,0.00,0,1,2,"","",""
1,"Gabriel Webber Ziero","Business, Compliance and Human Rights Law",2021,"","Routledge","http://dx.doi.org/10.4324/9781003184577","",753,"2024-06-21 14:54:40","monograph","10.4324/9781003184577","","",,,,,1,0.33,1,1,3,"","",""
0,"","Introduction to Part II",2021,"Access to Justice for Vulnerable and Energy-Poor Consumers","Hart Publishing","http://dx.doi.org/10.5040/9781509939466.ch-008","",754,"2024-06-21 14:54:40","book-chapter","10.5040/9781509939466.ch-008","","",,,,,0,0.00,0,0,3,"","",""
0,"Vina Vaswani, Ifeanyichukwu Akuma","Identifying Disparities and Promoting Environmental Justice for Vulnerable Populations in India",2024,"","MDPI AG","http://dx.doi.org/10.20944/preprints202405.0374.v1","",755,"2024-06-21 14:54:40","posted-content","10.20944/preprints202405.0374.v1","","",,,,,0,0.00,0,2,1,"This article touched upon various issues regarding vulnerability, disparities amongst community settings, and the effect of air pollution on the populace (low-income communities). Furthermore, the paper emphasized environmental ethics approaches like anthropocentric, nature-centric, and deep-ecological approaches. More so, it addresses the importance of handling these disparities, particularly from the geopolitical dimension, and recommends cross-border cooperation and accountability in promoting environmental justice in India.","",""
0,"","Mindfulness from Adoption to Exhaustion",2024,"Significant Emotions","Bloomsbury Publishing Plc","http://dx.doi.org/10.5040/9781350026834.ch-6","",756,"2024-06-21 14:54:40","other","10.5040/9781350026834.ch-6","","",,,103,117,0,0.00,0,0,1,"","",""
0,"","The Discovery of a Problem",2024,"Significant Emotions","Bloomsbury Publishing Plc","http://dx.doi.org/10.5040/9781350026834.ch-8","",757,"2024-06-21 14:54:40","other","10.5040/9781350026834.ch-8","","",,,129,164,0,0.00,0,0,1,"","",""
0,"","Mind(fulness) of the Gap",2024,"Significant Emotions","Bloomsbury Publishing Plc","http://dx.doi.org/10.5040/9781350026834.ch-5","",758,"2024-06-21 14:54:40","other","10.5040/9781350026834.ch-5","","",,,77,102,0,0.00,0,0,1,"","",""
0,"","Frontmatter",2022,"Rescuing the Vulnerable","Berghahn Books","http://dx.doi.org/10.1515/9781785331374-fm","",759,"2024-06-21 14:54:40","book-chapter","10.1515/9781785331374-fm","","",,,,,0,0.00,0,0,2,"","https://www.degruyter.com/document/doi/10.1515/9781785331374-fm/xml",""
0,"Martina-Jasmin Utzt","Vulnerable Gruppen besser versorgen",2021,"CME","Springer Science and Business Media LLC","http://dx.doi.org/10.1007/s11298-021-2172-2","",760,"2024-06-21 14:54:40","journal-article","10.1007/s11298-021-2172-2","1614-371X","",18,9,43,43,0,0.00,0,1,3,"","https://link.springer.com/content/pdf/10.1007/s11298-021-2172-2.pdf",""
0,"Darren McStravick","State accountability and the vulnerable individual",2021,"Law, Responsibility and Vulnerability","Routledge","http://dx.doi.org/10.4324/9780429023149-6","",761,"2024-06-21 14:54:40","book-chapter","10.4324/9780429023149-6","","",,,64,77,0,0.00,0,1,3,"","",""
1,"Elisabeth Mahase","Ethnic minority staff felt “vulnerable” during pandemic, says senior leader",2022,"BMJ","BMJ","http://dx.doi.org/10.1136/bmj.o1715","",762,"2024-06-21 14:54:40","journal-article","10.1136/bmj.o1715","1756-1833","",,,,,1,0.50,1,1,2,"","http://data.bmj.org/tdm/10.1136/bmj.o1715",""
0,"Sam Willard, Bonnie Waring","Quantifying the global impact of nitrogen deposition on persistent and vulnerable soil C pools",2023,"","Copernicus GmbH","http://dx.doi.org/10.5194/egusphere-egu23-16023","",763,"2024-06-21 14:54:40","posted-content","10.5194/egusphere-egu23-16023","","",,,,,0,0.00,0,2,1,"Soils play a major role in mitigating climate change, as they sequester vast stocks of organic carbon and thereby buffer atmospheric CO2 concentrations. Inorganic nitrogen has been shown to have varying effects on soil C, sometimes promoting soil C buildup yet enhancing C loss in other cases. This contradiction may be a function of how soil C is stored, with C in particulate organic matter (POM) being much more susceptible to microbial decomposition than C in mineral-associated organic matter (MAOM). We have compiled a global dataset of over 200 papers which used a rigorous density fractionation methodology for quantifying stocks of C in POM and MAOM. Preliminary results suggest that inorganic N addition via deposition decreases organic C storage in MAOM, while not affected POM. Further, soil C storage in both pools increased with lower pH, countering our hypothesized negative effect of acidification on microbial activity.","",""
0,"","Booming Armenian economy vulnerable to war trends",2023,"Emerald Expert Briefings","Emerald","http://dx.doi.org/10.1108/oxan-db276148","",764,"2024-06-21 14:54:40","report-component","10.1108/oxan-db276148","2633-304X","",,,,,0,0.00,0,0,1,"Significance: The war in Ukraine has driven large movements of people and capital into Armenia's small economy, fuelling double-digit GDP growth in 2022. Trade with Russia has boomed as supply chains are reshaped under the impact of sanctions. Impacts: Strong economic performance has boosted Armenia's fiscal position but spending restraint will prevail due to inflation concerns.","https://www.emerald.com/insight/content/doi/10.1108/OXAN-DB276148/full/html",""
0,"Claas-Hinrich Lammers","Der vulnerable Narzissmus",2024,"PSYCH up2date","Georg Thieme Verlag KG","http://dx.doi.org/10.1055/a-2114-9278","",765,"2024-06-21 14:54:40","journal-article","10.1055/a-2114-9278","2194-8895","",18,2,169,183,0,0.00,0,1,1,"","http://www.thieme-connect.de/products/ejournals/pdf/10.1055/a-2114-9278.pdf",""
0,"Miki Honda","Japan: COVID-19 and the Vulnerable",2022,"Covid-19 and Atrocity Prevention in East Asia","Routledge","http://dx.doi.org/10.4324/9781003307471-7","",766,"2024-06-21 14:54:40","book-chapter","10.4324/9781003307471-7","","",,,136,156,0,0.00,0,1,2,"","",""
0,"Victor Jeleniewski Seidler","Global Crisis, Lockdowns, Deaths and Disturbances",2024,"Covid-19 and Global Inequalities","Routledge","http://dx.doi.org/10.4324/9781003296874-7","",767,"2024-06-21 14:54:40","book-chapter","10.4324/9781003296874-7","","",,,101,116,0,0.00,0,1,1,"","",""
0,"Victor Jeleniewski Seidler","Authority, Trust, Bodies, Risk and Contagion",2024,"Covid-19 and Global Inequalities","Routledge","http://dx.doi.org/10.4324/9781003296874-5","",768,"2024-06-21 14:54:40","book-chapter","10.4324/9781003296874-5","","",,,63,82,0,0.00,0,1,1,"","",""
0,"Victor Jeleniewski Seidler","Rituals, Technologies, Gender, Grief and Poverty",2024,"Covid-19 and Global Inequalities","Routledge","http://dx.doi.org/10.4324/9781003296874-12","",769,"2024-06-21 14:54:40","book-chapter","10.4324/9781003296874-12","","",,,179,194,0,0.00,0,1,1,"","",""
0,"Victor Jeleniewski Seidler","Hopes, Visions, Ecologies, Pandemics and Futures",2024,"Covid-19 and Global Inequalities","Routledge","http://dx.doi.org/10.4324/9781003296874-13","",770,"2024-06-21 14:54:40","book-chapter","10.4324/9781003296874-13","","",,,195,224,0,0.00,0,1,1,"","",""
0,"Susanne Kammerer","Preventive PCI of vulnerable intracoronary plaque leads to favourable outcomes",2024,"Medicom Conference Report ACC 2024","Medicom Medical Publishers","http://dx.doi.org/10.55788/8b8211a9","",771,"2024-06-21 14:54:40","proceedings-article","10.55788/8b8211a9","","",,,,,0,0.00,0,1,1,"","https://conferences.medicom-publishers.com/?p=38989",""
0,"Martin D. Cheatle","Pain and Suicide",2024,"Pain Management in Vulnerable Populations","Oxford University PressNew York","http://dx.doi.org/10.1093/med/9780197649176.003.0021","",772,"2024-06-21 14:54:40","book-chapter","10.1093/med/9780197649176.003.0021","","",,,339,350,0,0.00,0,1,1,"Abstract: Suicide has become a global epidemic. Suicide is the 12th leading cause of death in the United States. Certain populations are at high risk for suicide, including individuals who suffer from chronic pain. Many patients with chronic pain experience isolation, personal and vocational losses, and at times do not feel validated by family or their health care providers. Clinicians caring for patients with chronic pain should be cognizant of the risk factors for suicide. This chapter summarizes the current literature on pain and suicide, examines known risk factors and mediators, and discusses mitigation strategies to reduce the risk of suicidal ideation and suicidal behavior in patients with chronic pain.","https://academic.oup.com/book/57299/chapter/461763564",""
0,"Laura Farrugia","Interviewing Vulnerable Witnesses",2024,"Exploring Vulnerability in the Criminal Justice System in England and Wales","Routledge","http://dx.doi.org/10.4324/9781003386735-4","",773,"2024-06-21 14:54:40","book-chapter","10.4324/9781003386735-4","","",,,53,73,0,0.00,0,1,1,"","",""
0,"Gianclaudio Malgieri","The vulnerable data subject in the GDPR",2023,"Vulnerability and Data Protection Law","Oxford University PressOxford","http://dx.doi.org/10.1093/oso/9780192870339.003.0004","",774,"2024-06-21 14:54:40","book-chapter","10.1093/oso/9780192870339.003.0004","","",,,77,100,0,0.00,0,1,1,"Abstract: Building on the different theories and ways of understanding vulnerability (as addressed in Chapter 3), this chapter looks at the notion of vulnerability in the data protection discourse and, in particular, in the GDPR. After an analysis of the manifestations and the effects of data subjects’ vulnerability, this chapter aims to show how the consumer vulnerability literature mentioned in the previous chapter informs the notion of the vulnerable individual in data protection. Consequently, a more systematic analysis of the GDPR provisions related to vulnerable data subjects—and in particular to children—shows the need to analyse vulnerability from the perspective of power imbalance. Such a perspective can also be found in the new proposed EU Artificial Intelligence Act, which offers additional stimulating elements for protecting vulnerable individuals in the digital environment, complementing the GDPR provisions.","https://academic.oup.com/book/chapter-pdf/58070204/oso-9780192870339-chapter-4.pdf",""
0,"Moffat Tarusikirwa","Review for ""NGOs’ responses to the challenges faced by orphans and vulnerable children (OVC) in Chegutu, Zimbabwe""",2022,"","Wiley","http://dx.doi.org/10.1111/issj.12473/v1/review3","",775,"2024-06-21 14:54:40","peer-review","10.1111/issj.12473/v1/review3","","",,,,,0,0.00,0,1,2,"","",""
0,"","6 Vulnerable Isles?",2023,"Sensing Disaster","University of California Press","http://dx.doi.org/10.1525/9780520392083-011","",776,"2024-06-21 14:54:40","book-chapter","10.1525/9780520392083-011","","",,,172,184,0,0.00,0,0,1,"","https://www.degruyter.com/document/doi/10.1525/9780520392083-011/xml",""
2,"","Predictors of relapse in alcohol use disorder: Identifying individuals most vulnerable to relapse",2022,"Addiction and Substance Abuse","ProBiologists LLC","http://dx.doi.org/10.46439/addiction.1.002","",777,"2024-06-21 14:54:40","journal-article","10.46439/addiction.1.002","","",1,1,,,2,1.00,0,0,2,"","",""
0,"","List of Figures",2022,"Arctic Abstractive Industry","Berghahn Books","http://dx.doi.org/10.1515/9781800734692-001","",778,"2024-06-21 14:54:40","book-chapter","10.1515/9781800734692-001","","",,,,,0,0.00,0,0,2,"","https://www.degruyter.com/document/doi/10.1515/9781800734692-001/xml",""
0,"","THE POWER OF VULNERABLE LEADERSHIP",2021,"Hiding in the Pews","Fortress Press","http://dx.doi.org/10.2307/j.ctv1khdqdz.7","",779,"2024-06-21 14:54:40","book-chapter","10.2307/j.ctv1khdqdz.7","","",,,19,38,0,0.00,0,0,3,"","",""
0,"","Hungary’s economy is vulnerable without EU funds",2022,"Emerald Expert Briefings","Emerald","http://dx.doi.org/10.1108/oxan-db270696","",780,"2024-06-21 14:54:40","other","10.1108/oxan-db270696","2633-304X","",,,,,0,0.00,0,0,2,"Significance: The package targets banking, energy, retail, telecommunications, airlines, pharmaceuticals and advertising: service sectors where multinationals have important stakes. It is one of most significant adjustment packages in 30 years, and aims to reduce the ballooning budget deficit to 4.9% of GDP in 2022 and 3.5% in 2023. Impacts: Fallout from the COVID-19 pandemic, the war in Ukraine and pre-election spending will worsen Hungary’s structural problems.","https://www.emerald.com/insight/content/doi/10.1108/OXAN-DB270696/full/html",""
0,"","Contents",2023,"Side Hustle Safety Net","University of California Press","http://dx.doi.org/10.1525/9780520387317-toc","",781,"2024-06-21 14:54:40","book-chapter","10.1525/9780520387317-toc","","",,,,,0,0.00,0,0,1,"","https://www.degruyter.com/document/doi/10.1525/9780520387317-toc/xml",""
0,"Katja Karjalainen","Representation of Vulnerable Adults in Finland in the Light of the CRPD",2024,"Family &amp; Law","Koninklijke Boom uitgevers","http://dx.doi.org/10.5553/fenr/.000061","",782,"2024-06-21 14:54:40","journal-article","10.5553/fenr/.000061","2542-5242","",,,,,0,0.00,0,1,1,"","",""
0,"","Turkish opposition will be vulnerable to infighting",2023,"Emerald Expert Briefings","Emerald","http://dx.doi.org/10.1108/oxan-es280018","",783,"2024-06-21 14:54:40","report-component","10.1108/oxan-es280018","2633-304X","",,,,,0,0.00,0,0,1,"Headline: TURKEY: Opposition will be vulnerable to infighting","https://www.emerald.com/insight/content/doi/10.1108/OXAN-ES280018/full/html",""
0,"Nicole L. Asquith, Isabelle Bartkowiak-Théron","Public Order Policing",2021,"Policing Practices and Vulnerable People","Springer International Publishing","http://dx.doi.org/10.1007/978-3-030-62870-3_12","",784,"2024-06-21 14:54:40","book-chapter","10.1007/978-3-030-62870-3_12","","",,,203,219,0,0.00,0,2,3,"","https://link.springer.com/content/pdf/10.1007/978-3-030-62870-3_12",""
0,"","Review for ""Experiences of older vulnerable people with ischemic heart disease and their peer mentors: A qualitative process evaluation""",2023,"","Wiley","http://dx.doi.org/10.1111/jan.15844/v1/review1","",785,"2024-06-21 14:54:40","peer-review","10.1111/jan.15844/v1/review1","","",,,,,0,0.00,0,0,1,"","",""
0,"","Review for ""Experiences of older vulnerable people with ischemic heart disease and their peer mentors: A qualitative process evaluation""",2023,"","Wiley","http://dx.doi.org/10.1111/jan.15844/v1/review2","",786,"2024-06-21 14:54:40","peer-review","10.1111/jan.15844/v1/review2","","",,,,,0,0.00,0,0,1,"","",""
0,"Paweł Krzesiński","Review for ""A scoping review and intersectionality‐based analysis of heart failure telehealth interventions for vulnerable populations""",2023,"","Wiley","http://dx.doi.org/10.1111/jan.15756/v2/review2","",787,"2024-06-21 14:54:40","peer-review","10.1111/jan.15756/v2/review2","","",,,,,0,0.00,0,1,1,"","",""
0,"Victor Jeleniewski Seidler","Sufferings, Illness, Fears, Breath and Restrictions",2024,"Covid-19 and Global Inequalities","Routledge","http://dx.doi.org/10.4324/9781003296874-8","",788,"2024-06-21 14:54:40","book-chapter","10.4324/9781003296874-8","","",,,117,133,0,0.00,0,1,1,"","",""
0,"","Review for ""Temperate and tropical lizards are vulnerable to climate warming due to increased water loss and heat stress""",2021,"","The Royal Society","http://dx.doi.org/10.1098/rspb.2022.1074/v1/review1","",789,"2024-06-21 14:54:40","peer-review","10.1098/rspb.2022.1074/v1/review1","","",,,,,0,0.00,0,0,3,"","",""
1,"Maria Vender, Mirta Vernice, Antonella Sorace","Supporting Bilingualism in Vulnerable Populations",2021,"Sustainability","MDPI AG","http://dx.doi.org/10.3390/su132413830","",790,"2024-06-21 14:54:40","journal-article","10.3390/su132413830","2071-1050","",13,24,13830,13830,1,0.33,0,3,3,"Although bilingualism is generally appraised and supported by society, many more doubts arise when it comes to children suffering from neurodevelopmental disorders. The concern that the exposure to two languages might deteriorate the linguistic development of children, together with the advice to simplify the linguistic environment and to adopt a monolingual approach, leads many families to abandon their home language and sacrifice bilingualism. Scientific research, however, has shown that this fear is ungrounded and that children with developmental disorders can become successful bilingual speakers, if they are provided with appropriate linguistic exposure. The aim of this paper is that of providing a state-of-the-art of the literature on this topic, by reviewing studies conducted on the interaction between bilingualism and neurodevelopmental disorders, focusing in particular on the interaction between bilingualism and developmental language disorder (DLD), developmental dyslexia and autism spectrum disorder. We discuss issues related to the early identification of DLD and dyslexia among bilinguals and we report the results of studies showing that bilingualism does not exacerbate the difficulties of children with developmental disorders, but on the contrary it can be beneficial for them, at the cognitive, linguistic and socio-cultural level. Finally, we provide some recommendations for parents, educators and practitioners, focusing on the importance of supporting the family language in all of its components, including literacy, for a complete and harmonic bilingual growth.","https://www.mdpi.com/2071-1050/13/24/13830/pdf",""
0,"Gianclaudio Malgieri","Data protection principles and vulnerable data subjects",2023,"Vulnerability and Data Protection Law","Oxford University PressOxford","http://dx.doi.org/10.1093/oso/9780192870339.003.0005","",791,"2024-06-21 14:54:40","book-chapter","10.1093/oso/9780192870339.003.0005","","",,,101,130,0,0.00,0,1,1,"Abstract: The GDPR has several provisions protecting data subjects’ vulnerability. To understand whether, why, and how the GDPR also protects vulnerable data subjects, this chapter investigates the general concept of vulnerable individuals in different fields: in philosophical terms, in law and economics literature, and in the practical implementation in EU primary and secondary law (with particular attention to consumer protection law and regulation of research). This chapter focuses in particular on the data protection principles in Article 5 of the GDPR and especially on lawfulness, fairness, and transparency; purpose limitation; and data accuracy. The first three are indeed principles requiring a balancing between different positions of the data subject and the data controllers and, consequently, an analysis of the impact of data processing on data subjects, including an analysis of their vulnerability. In addition, the accuracy principle is important to guarantee a correct balancing of interests and prevent biases and actively mitigate specific situations of individual vulnerability.","https://academic.oup.com/book/chapter-pdf/58070242/oso-9780192870339-chapter-5.pdf",""
1,"Dawn Mannay","‘Please Explain to Me How I'm Vulnerable’",2023,"Qualitative Researcher Vulnerability","Routledge","http://dx.doi.org/10.4324/9781003349266-16","",792,"2024-06-21 14:54:40","book-chapter","10.4324/9781003349266-16","","",,,222,237,1,1.00,1,1,1,"","",""
0,"Sk Tawfique M Haque, Bulbul Siddiqi, Mahmudur Rahman Bhuiyan","The Displaced Rohingyas",2023,"","Routledge India","http://dx.doi.org/10.4324/9781003228707","",793,"2024-06-21 14:54:40","book","10.4324/9781003228707","","",,,,,0,0.00,0,3,1,"","",""
3,"Claudia Cappa, Nicole Petrowski, Antoine Deliege, Muhammad Rafiq Khan","Monitoring the situation of children living in residential care: data gaps and innovations",2021,"Vulnerable Children and Youth Studies","Informa UK Limited","http://dx.doi.org/10.1080/17450128.2021.1996669","",794,"2024-06-21 14:54:40","journal-article","10.1080/17450128.2021.1996669","1745-0128","",17,2,110,118,3,1.00,1,4,3,"","https://www.tandfonline.com/doi/pdf/10.1080/17450128.2021.1996669",""
0,"Lindy Burton","The Personality Needs of Asthmatic Children",2022,"Vulnerable Children","Routledge","http://dx.doi.org/10.4324/9781003287865-23","",795,"2024-06-21 14:54:40","book-chapter","10.4324/9781003287865-23","","",,,200,219,0,0.00,0,1,2,"","",""
0,"Luping Wang, Hui Wei","Vulnerable Underground Entrance Understanding for Visual Surveillance Systems",2022,"SSRN Electronic Journal","Elsevier BV","http://dx.doi.org/10.2139/ssrn.4068593","",796,"2024-06-21 14:54:40","journal-article","10.2139/ssrn.4068593","1556-5068","",,,,,0,0.00,0,2,2,"","",""
0,"","Afterword, Greg Goodnight",2022,"Vulnerable Communities","Cornell University Press","http://dx.doi.org/10.1515/9781501761331-012","",797,"2024-06-21 14:54:40","book-chapter","10.1515/9781501761331-012","","",,,243,250,0,0.00,0,0,2,"","https://www.degruyter.com/document/doi/10.1515/9781501761331-012/xml",""
0,"Jotham  Dhemba","Review for ""NGOs’ responses to the challenges faced by orphans and vulnerable children (OVC) in Chegutu, Zimbabwe""",2022,"","Wiley","http://dx.doi.org/10.1111/issj.12473/v1/review2","",798,"2024-06-21 14:54:40","peer-review","10.1111/issj.12473/v1/review2","","",,,,,0,0.00,0,1,2,"","",""
0,"Katherine Sacks, Lawson Mansell, Brooke Shearon","Maternal Mortality Among Vulnerable US Communities",2023,"SSRN Electronic Journal","Elsevier BV","http://dx.doi.org/10.2139/ssrn.4528553","",799,"2024-06-21 14:54:40","journal-article","10.2139/ssrn.4528553","1556-5068","",,,,,0,0.00,0,3,1,"","",""
0,"","Notes on Contributors",2022,"Vulnerable Communities","Cornell University Press","http://dx.doi.org/10.1515/9781501761331-014","",800,"2024-06-21 14:54:40","book-chapter","10.1515/9781501761331-014","","",,,261,264,0,0.00,0,0,2,"","https://www.degruyter.com/document/doi/10.1515/9781501761331-014/xml",""
0,"","Turkish opposition will be vulnerable to infighting",2023,"Emerald Expert Briefings","Emerald","http://dx.doi.org/10.1108/oxan-es280018","",801,"2024-06-21 14:54:40","report-component","10.1108/oxan-es280018","2633-304X","",,,,,0,0.00,0,0,1,"Headline: TURKEY: Opposition will be vulnerable to infighting","https://www.emerald.com/insight/content/doi/10.1108/OXAN-ES280018/full/html",""
0,"Nicole L. Asquith, Isabelle Bartkowiak-Théron","Public Order Policing",2021,"Policing Practices and Vulnerable People","Springer International Publishing","http://dx.doi.org/10.1007/978-3-030-62870-3_12","",802,"2024-06-21 14:54:40","book-chapter","10.1007/978-3-030-62870-3_12","","",,,203,219,0,0.00,0,2,3,"","https://link.springer.com/content/pdf/10.1007/978-3-030-62870-3_12",""
0,"","Review for ""Experiences of older vulnerable people with ischemic heart disease and their peer mentors: A qualitative process evaluation""",2023,"","Wiley","http://dx.doi.org/10.1111/jan.15844/v1/review1","",803,"2024-06-21 14:54:40","peer-review","10.1111/jan.15844/v1/review1","","",,,,,0,0.00,0,0,1,"","",""
0,"","Review for ""Experiences of older vulnerable people with ischemic heart disease and their peer mentors: A qualitative process evaluation""",2023,"","Wiley","http://dx.doi.org/10.1111/jan.15844/v1/review2","",804,"2024-06-21 14:54:40","peer-review","10.1111/jan.15844/v1/review2","","",,,,,0,0.00,0,0,1,"","",""
0,"Paweł Krzesiński","Review for ""A scoping review and intersectionality‐based analysis of heart failure telehealth interventions for vulnerable populations""",2023,"","Wiley","http://dx.doi.org/10.1111/jan.15756/v2/review2","",805,"2024-06-21 14:54:40","peer-review","10.1111/jan.15756/v2/review2","","",,,,,0,0.00,0,1,1,"","",""
0,"Victor Jeleniewski Seidler","Sufferings, Illness, Fears, Breath and Restrictions",2024,"Covid-19 and Global Inequalities","Routledge","http://dx.doi.org/10.4324/9781003296874-8","",806,"2024-06-21 14:54:40","book-chapter","10.4324/9781003296874-8","","",,,117,133,0,0.00,0,1,1,"","",""
0,"","Review for ""Temperate and tropical lizards are vulnerable to climate warming due to increased water loss and heat stress""",2021,"","The Royal Society","http://dx.doi.org/10.1098/rspb.2022.1074/v1/review1","",807,"2024-06-21 14:54:40","peer-review","10.1098/rspb.2022.1074/v1/review1","","",,,,,0,0.00,0,0,3,"","",""
1,"Maria Vender, Mirta Vernice, Antonella Sorace","Supporting Bilingualism in Vulnerable Populations",2021,"Sustainability","MDPI AG","http://dx.doi.org/10.3390/su132413830","",808,"2024-06-21 14:54:40","journal-article","10.3390/su132413830","2071-1050","",13,24,13830,13830,1,0.33,0,3,3,"Although bilingualism is generally appraised and supported by society, many more doubts arise when it comes to children suffering from neurodevelopmental disorders. The concern that the exposure to two languages might deteriorate the linguistic development of children, together with the advice to simplify the linguistic environment and to adopt a monolingual approach, leads many families to abandon their home language and sacrifice bilingualism. Scientific research, however, has shown that this fear is ungrounded and that children with developmental disorders can become successful bilingual speakers, if they are provided with appropriate linguistic exposure. The aim of this paper is that of providing a state-of-the-art of the literature on this topic, by reviewing studies conducted on the interaction between bilingualism and neurodevelopmental disorders, focusing in particular on the interaction between bilingualism and developmental language disorder (DLD), developmental dyslexia and autism spectrum disorder. We discuss issues related to the early identification of DLD and dyslexia among bilinguals and we report the results of studies showing that bilingualism does not exacerbate the difficulties of children with developmental disorders, but on the contrary it can be beneficial for them, at the cognitive, linguistic and socio-cultural level. Finally, we provide some recommendations for parents, educators and practitioners, focusing on the importance of supporting the family language in all of its components, including literacy, for a complete and harmonic bilingual growth.","https://www.mdpi.com/2071-1050/13/24/13830/pdf",""
0,"Gianclaudio Malgieri","Data protection principles and vulnerable data subjects",2023,"Vulnerability and Data Protection Law","Oxford University PressOxford","http://dx.doi.org/10.1093/oso/9780192870339.003.0005","",809,"2024-06-21 14:54:40","book-chapter","10.1093/oso/9780192870339.003.0005","","",,,101,130,0,0.00,0,1,1,"Abstract: The GDPR has several provisions protecting data subjects’ vulnerability. To understand whether, why, and how the GDPR also protects vulnerable data subjects, this chapter investigates the general concept of vulnerable individuals in different fields: in philosophical terms, in law and economics literature, and in the practical implementation in EU primary and secondary law (with particular attention to consumer protection law and regulation of research). This chapter focuses in particular on the data protection principles in Article 5 of the GDPR and especially on lawfulness, fairness, and transparency; purpose limitation; and data accuracy. The first three are indeed principles requiring a balancing between different positions of the data subject and the data controllers and, consequently, an analysis of the impact of data processing on data subjects, including an analysis of their vulnerability. In addition, the accuracy principle is important to guarantee a correct balancing of interests and prevent biases and actively mitigate specific situations of individual vulnerability.","https://academic.oup.com/book/chapter-pdf/58070242/oso-9780192870339-chapter-5.pdf",""
1,"Dawn Mannay","‘Please Explain to Me How I'm Vulnerable’",2023,"Qualitative Researcher Vulnerability","Routledge","http://dx.doi.org/10.4324/9781003349266-16","",810,"2024-06-21 14:54:40","book-chapter","10.4324/9781003349266-16","","",,,222,237,1,1.00,1,1,1,"","",""
0,"Sk Tawfique M Haque, Bulbul Siddiqi, Mahmudur Rahman Bhuiyan","The Displaced Rohingyas",2023,"","Routledge India","http://dx.doi.org/10.4324/9781003228707","",811,"2024-06-21 14:54:40","book","10.4324/9781003228707","","",,,,,0,0.00,0,3,1,"","",""
3,"Claudia Cappa, Nicole Petrowski, Antoine Deliege, Muhammad Rafiq Khan","Monitoring the situation of children living in residential care: data gaps and innovations",2021,"Vulnerable Children and Youth Studies","Informa UK Limited","http://dx.doi.org/10.1080/17450128.2021.1996669","",812,"2024-06-21 14:54:40","journal-article","10.1080/17450128.2021.1996669","1745-0128","",17,2,110,118,3,1.00,1,4,3,"","https://www.tandfonline.com/doi/pdf/10.1080/17450128.2021.1996669",""
0,"Andri Wibowo","Modeling habitat suitability of vulnerable Mollucan Babirusa <i>Babyrousa babyrussa</i> in small island of Buru, Indonesia",2021,"","Cold Spring Harbor Laboratory","http://dx.doi.org/10.1101/2021.07.28.454166","",813,"2024-06-21 14:54:40","posted-content","10.1101/2021.07.28.454166","","",,,,,0,0.00,0,1,3,"Abstract: Babirusa is a mammal belongs to Suidae family. This mammal belongs to","https://syndication.highwire.org/content/doi/10.1101/2021.07.28.454166",""
0,"Sang Yeoup Lee","Review of: ""Grip strength as a predictor of depressive symptoms among vulnerable elderly Europeans with musculoskeletal conditions""",2021,"","Qeios Ltd","http://dx.doi.org/10.32388/jjlu5n","",814,"2024-06-21 14:54:40","peer-review","10.32388/jjlu5n","","",,,,,0,0.00,0,1,3,"","https://www.qeios.com/read/JJLU5N/pdf",""
0,"","Acknowledgments",2021,"A Vulnerable System","Cornell University Press","http://dx.doi.org/10.1515/9781501759048-012","",815,"2024-06-21 14:54:40","book-chapter","10.1515/9781501759048-012","","",,,205,206,0,0.00,0,0,3,"","https://www.degruyter.com/document/doi/10.1515/9781501759048-012/xml",""
0,"","LA VULNERABILIDAD:",2021,"Infinitos Heridos. El rescate de los vulnerables (Ensayo sobre la vulnerabilidad humana)","Dykinson","http://dx.doi.org/10.2307/j.ctv282jhmh.6","",816,"2024-06-21 14:54:40","book-chapter","10.2307/j.ctv282jhmh.6","","",,,23,38,0,0.00,0,0,3,"","",""
0,"Christopher R Whipple","Review for ""“Don't Close the Door on Them”: Recruiting and retaining vulnerable Black adolescents in prevention research""",2021,"","Wiley","http://dx.doi.org/10.1002/jcop.22584/v1/review1","",817,"2024-06-21 14:54:40","peer-review","10.1002/jcop.22584/v1/review1","","",,,,,0,0.00,0,1,3,"","",""
0,"","A FATHER-TO-SON CONVERSATION",2022,"I Wish My Dad","Broadleaf Books","http://dx.doi.org/10.2307/j.ctv29sfxvn.24","",818,"2024-06-21 14:54:40","book-chapter","10.2307/j.ctv29sfxvn.24","","",,,211,220,0,0.00,0,0,2,"","",""
0,"Tanya L","Vaccinated but Vulnerable",2022,"Scientific American","Springer Science and Business Media LLC","http://dx.doi.org/10.1038/scientificamerican0222-62","",819,"2024-06-21 14:54:40","journal-article","10.1038/scientificamerican0222-62","0036-8733","",31,2,62,62,0,0.00,0,1,2,"","",""
0,"Mboza Lwandiko","Children’s Right to Education and other rights: What about the Vulnerable?",2023,"SSRN Electronic Journal","Elsevier BV","http://dx.doi.org/10.2139/ssrn.4527853","",820,"2024-06-21 14:54:40","journal-article","10.2139/ssrn.4527853","1556-5068","",,,,,0,0.00,0,1,1,"","",""
0,"Itai Kabonga","Author response for ""NGOs’ responses to the challenges faced by orphans and vulnerable children (OVC) in Chegutu, Zimbabwe""",2023,"","Wiley","http://dx.doi.org/10.1111/issj.12473/v3/response1","",821,"2024-06-21 14:54:40","peer-review","10.1111/issj.12473/v3/response1","","",,,,,0,0.00,0,1,1,"","",""
0,"Itai Kabonga","Author response for ""NGOs’ responses to the challenges faced by orphans and vulnerable children (OVC) in Chegutu, Zimbabwe""",2023,"","Wiley","http://dx.doi.org/10.1111/issj.12473/v5/response1","",822,"2024-06-21 14:54:40","peer-review","10.1111/issj.12473/v5/response1","","",,,,,0,0.00,0,1,1,"","",""
0,"Maria Leticia Castrechini Fernandes Franieck","TICA in pretrial detention",2022,"Communicating with Vulnerable Patients","Routledge","http://dx.doi.org/10.4324/9781003232087-7","",823,"2024-06-21 14:54:40","book-chapter","10.4324/9781003232087-7","","",,,87,112,0,0.00,0,1,2,"","",""
0,"Sjors Ligthart, Gerben Meynen","Offering Neurotechnology to Defendants",2023,"Neurolaw in the Courtroom","Routledge","http://dx.doi.org/10.4324/9781003331056-3","",824,"2024-06-21 14:54:40","book-chapter","10.4324/9781003331056-3","","",,,21,36,0,0.00,0,2,1,"","",""
0,"Nicole L. Asquith, Isabelle Bartkowiak-Théron","Vulnerability and Policing Practices",2021,"Policing Practices and Vulnerable People","Springer International Publishing","http://dx.doi.org/10.1007/978-3-030-62870-3_1","",825,"2024-06-21 14:54:40","book-chapter","10.1007/978-3-030-62870-3_1","","",,,3,16,0,0.00,0,2,3,"","https://link.springer.com/content/pdf/10.1007/978-3-030-62870-3_1",""
0,"Leah P. Hollis","Introduction",2021,"Human Resource Perspectives on Workplace Bullying in Higher Education","Routledge","http://dx.doi.org/10.4324/9781003051923-1","",826,"2024-06-21 14:54:40","book-chapter","10.4324/9781003051923-1","","",,,1,4,0,0.00,0,1,3,"","",""
0,"Jane Tudor-Owen, Celine van Golde, Ray Bull, David Gee","Conclusion",2022,"Interviewing Vulnerable Suspects","Routledge","http://dx.doi.org/10.4324/9781003145998-17","",827,"2024-06-21 14:54:40","book-chapter","10.4324/9781003145998-17","","",,,103,105,0,0.00,0,4,2,"","",""
0,"Chong Chen, Adrien Tassou, Valentina Morales, Grégory Scherrer","Graph theory analysis reveals an assortative pain network vulnerable to attacks",2023,"","Cold Spring Harbor Laboratory","http://dx.doi.org/10.1101/2023.03.08.531580","",828,"2024-06-21 14:54:40","posted-content","10.1101/2023.03.08.531580","","",,,,,0,0.00,0,4,1,"Abstract: The neural substrate of pain experience has been described as a dense network of connected brain regions. However, the connectivity pattern of these brain regions remains elusive, precluding a deeper understanding of how pain emerges from the structural connectivity. Here, we use graph theory to systematically characterize the architecture of a comprehensive pain network, including both cortical and subcortical brain areas. This structural brain network consists of 49 nodes denoting pain-related brain areas, linked by edges representing their relative incoming and outgoing axonal projection strengths. Sixty-three percent of brain areas in this structural pain network share reciprocal connections, reflecting a dense network. The clustering coefficient, a measurement of the probability that adjacent nodes are connected, indicates that brain areas in the pain network tend to cluster together. Community detection, the process of discovering cohesive groups in complex networks, successfully reveals two known subnetworks that specifically mediate the sensory and affective components of pain, respectively. Assortativity analysis, which evaluates the tendency of nodes to connect with other nodes with similar features, indicates that the pain network is assortative. Finally, robustness, the resistance of a complex network to failures and perturbations, indicates that the pain network displays a high degree of error tolerance (local failure rarely affects the global information carried by the network) but is vulnerable to attacks (selective removal of hub nodes critically changes network connectivity). Taken together, graph theory analysis unveils an assortative structural pain network in the brain processing nociceptive information, and the vulnerability of this network to attack opens up the possibility of alleviating pain by targeting the most connected brain areas in the network.","https://syndication.highwire.org/content/doi/10.1101/2023.03.08.531580",""
0,"Victor Jeleniewski Seidler","Hospital Voices, Risks, Grief and Everyday Ethics",2024,"Covid-19 and Global Inequalities","Routledge","http://dx.doi.org/10.4324/9781003296874-10","",829,"2024-06-21 14:54:40","book-chapter","10.4324/9781003296874-10","","",,,150,163,0,0.00,0,1,1,"","",""
0,"Thomas Brewer","The Big Emitters and The Most Vulnerable People",2023,"Climate Change","Springer International Publishing","http://dx.doi.org/10.1007/978-3-031-42906-4_3","",830,"2024-06-21 14:54:40","book-chapter","10.1007/978-3-031-42906-4_3","","",,,39,77,0,0.00,0,1,1,"","https://link.springer.com/content/pdf/10.1007/978-3-031-42906-4_3",""
1,"Elisabeth Mahase","Covid-19: JCVI recommends autumn vaccine booster for the most vulnerable",2023,"BMJ","BMJ","http://dx.doi.org/10.1136/bmj.p204","",831,"2024-06-21 14:54:40","journal-article","10.1136/bmj.p204","1756-1833","",,,,,1,1.00,1,1,1,"","http://data.bmj.org/tdm/10.1136/bmj.p204",""
0,"Seunghyun Oh, Dajeong Jeong, T. J. Lah","A Study on the Factors Influencing Local Government Support for Disaster Vulnerable Groups: Focusing on Disaster Vulnerable Groups Support Ordinances",2024,"The Korean Journal of Local Government Studies","The Korean Association for Local Government Studies","http://dx.doi.org/10.20484/klog.27.4.339","",832,"2024-06-21 14:54:40","journal-article","10.20484/klog.27.4.339","1226-9573","",27,4,339,368,0,0.00,0,3,1,"","",""
0,"Sangwon Oh, Dongoh Ha, Juchul Jung","Analysis of Spatial Patterns Among Vulnerable Groups in the Community Vulnerable to Heat Waves from the Perspective of Environmental Justice",2023,"Journal of the Korean Society of Hazard Mitigation","Korean Society of Hazard Mitigation","http://dx.doi.org/10.9798/kosham.2023.23.4.31","",833,"2024-06-21 14:54:40","journal-article","10.9798/kosham.2023.23.4.31","1738-2424","",23,4,31,41,0,0.00,0,3,1,"Currently, the number of human casualties and damages is continuously increasing owing to increases in the daily maximum temperature and number of heat wave days caused by climate change. Therefore, considering the class vulnerable to heat waves and setting standards for the vulnerable class expected to suffer substantial damage are essential. Therefore, in terms of time and space, this study selected heatwave-vulnerable areas according to the heatwave vulnerability index, targeting cities, counties, and districts nationwide from 2010 to 2018, and performed spatial analysis using Moran's I spatial autocorrelation analysis and LISA cluster map analysis. proceeded. The spatial correlation between socially vulnerable living and activity areas and the heat wave risk area was confirmed, and the area of environmental negativity for applying an extreme heat shelter policy was derived.","http://j-kosham.or.kr/upload/pdf/KOSHAM-2023-23-4-31.pdf",""
1,"Marufah Dupe Lasisi, Folorunsho Tajudeen Nuhu, Femi Adebayo, Edwin Ehi Eseigbe, Taiwo Lateef Sheikh","Spectrum and predictors of suicidal risk among incarcerated youth in a correctional facility in Kaduna, Northern Nigeria",2021,"Vulnerable Children and Youth Studies","Informa UK Limited","http://dx.doi.org/10.1080/17450128.2021.1990456","",834,"2024-06-21 14:54:40","journal-article","10.1080/17450128.2021.1990456","1745-0128","",17,2,147,158,1,0.33,0,5,3,"","https://www.tandfonline.com/doi/pdf/10.1080/17450128.2021.1990456",""
0,"Neena Samota, Debbie Ariyo","7 Racialising and criminalising vulnerable migrants: the case of human trafficking and modern slavery",2022,"Modern Slavery and Human Trafficking","Policy Press","http://dx.doi.org/10.1332/policypress/9781447363637.003.0008","",835,"2024-06-21 14:54:40","book-chapter","10.1332/policypress/9781447363637.003.0008","","",,,130,145,0,0.00,0,2,2,"<p>This chapter argues that race remains implicit, rather than explicit, in the modern slavery and human trafficking discourse in the UK. This reflects a race equity deficit in the statutory and non-statutory sectors wherein racism remains a significant and unresolved problem. Despite being serious crimes that violate human rights, modern slavery and human trafficking are sites to interrogate racial disparities. Drawing from the advocacy work of the charity AFRUCA, we present the case study of Jane, the pseudonym of a survivor. Three themes are discussed, stemming from Jane’s experience: exclusion and under-protection; not being believed by authorities; cultural oppression and dehumanisation. Jane’s case is used to illustrate processes of racialisation and criminalisation that further marginalise young Black children and women victims of trafficking, like Jane. The discussion is rooted in critical race theory and ‘crimmigration’ to highlight ongoing structural racial inequalities in state institutions and processes to argue that law enforcement practices exacerbate the vulnerability of Black migrant children and women. The authors urge law enforcement agencies and the anti-trafficking organisations to improve community engagement practices to address racial inequities and to protect and safeguard Black children and women from exploitation.</p>","",""
0,"Michael White, Chipo Hungwe","“It’s a lot of things”: Zimbabwean university students’ perceptions on the causes of suicide ideation and suicidality among youths during the COVID-19 pandemic",2024,"Vulnerable Children and Youth Studies","Informa UK Limited","http://dx.doi.org/10.1080/17450128.2024.2326422","",836,"2024-06-21 14:54:40","journal-article","10.1080/17450128.2024.2326422","1745-0128","",19,2,309,320,0,0.00,0,2,1,"","https://www.tandfonline.com/doi/pdf/10.1080/17450128.2024.2326422",""
1,"Lizette Berry, Shanaaz Mathews, Ria Reis, Mathilde Crone","Mental health effects on adolescent parents of young children: reflections on outcomes of an adolescent parenting programme in South Africa",2021,"Vulnerable Children and Youth Studies","Informa UK Limited","http://dx.doi.org/10.1080/17450128.2021.1954737","",837,"2024-06-21 14:54:40","journal-article","10.1080/17450128.2021.1954737","1745-0128","",17,1,38,54,1,0.33,0,4,3,"","https://www.tandfonline.com/doi/pdf/10.1080/17450128.2021.1954737",""
1,"Prince Chiagozie Ekoh, Uzoma Odera Okoye, Okwukwe Faith Ekoh","Vulnerability to drug use and risky sexual behaviours: youth and adolescents coping with trauma and stress in protracted displacement in Abuja",2023,"Vulnerable Children and Youth Studies","Informa UK Limited","http://dx.doi.org/10.1080/17450128.2023.2217385","",838,"2024-06-21 14:54:40","journal-article","10.1080/17450128.2023.2217385","1745-0128","",18,4,545,553,1,1.00,0,3,1,"","https://www.tandfonline.com/doi/pdf/10.1080/17450128.2023.2217385",""
0,"Kai Arne Hansen","Dangerous and (In)Vulnerable",2021,"Pop Masculinities","Oxford University Press","http://dx.doi.org/10.1093/oso/9780190938796.003.0006","",839,"2024-06-21 14:54:40","book-chapter","10.1093/oso/9780190938796.003.0006","","",,,128,153,0,0.00,0,1,3,"<p>The chapter investigates how The Weeknd’s aestheticization of sex, drug use, and violence contributes to positioning him as a credible outsider within the pop mainstream. Presenting analyses of three of his music videos—<italic>Pretty</italic> (2013), <italic>Heartless</italic> (2019), and <italic>Blinding Lights</italic> (2020)—the chapter revolves around two questions that emerge from this part of his oeuvre. First, in what ways do graphic displays of violence shape a representation of masculinity that panders to a broad cultural fascination with violent men? Then, how does The Weeknd’s embrace of vulnerability simultaneously place his masculinity at risk and affirm it? In an attempt to provide answers to such questions, the chapter addresses issues pertaining to the cultural disarmament of women; how notions of place frame performances of gender; the anti-hero trope of masculinity; the gendered, sexual, and racialized connotations of dance; and the blurred boundaries between pop artists’ public personae and private lives.</p>","",""
0,"Alice C Hughes, Benjamin Michael Marshall, Colin T Strine","Author response: Gaps in global wildlife trade monitoring leave amphibians vulnerable",2021,"","eLife Sciences Publications, Ltd","http://dx.doi.org/10.7554/elife.70086.sa2","",840,"2024-06-21 14:54:40","peer-review","10.7554/elife.70086.sa2","","",,,,,0,0.00,0,3,3,"","",""
0,"","The US Treasury market is vulnerable to stress",2021,"Emerald Expert Briefings","Emerald","http://dx.doi.org/10.1108/oxan-db263794","",841,"2024-06-21 14:54:40","other","10.1108/oxan-db263794","2633-304X","",,,,,0,0.00,0,0,3,"Significance: The US Treasuries securities market is the world's largest and most liquid financial market, and is relied on by market participants as a basis to price other risks. However, on several occasions in recent years, it has exhibited unusual behaviour under stress and required corrective intervention by the US Federal Reserve (Fed). Impacts: The rebound remains vulnerable to COVID-19 spread, and the ongoing need for supportive measures will stoke policy conflicts for some time.","https://www.emerald.com/insight/content/doi/10.1108/OXAN-DB263794/full/html",""
3,"Alan Gutterman","Ageism and Intersectionality: Older Persons as Members of Other Vulnerable Groups",2021,"SSRN Electronic Journal","Elsevier BV","http://dx.doi.org/10.2139/ssrn.3972842","",842,"2024-06-21 14:54:40","journal-article","10.2139/ssrn.3972842","1556-5068","",,,,,3,1.00,3,1,3,"","",""
0,"Laura Farrugia","Vulnerable Defendants at Trial",2024,"Exploring Vulnerability in the Criminal Justice System in England and Wales","Routledge","http://dx.doi.org/10.4324/9781003386735-7","",843,"2024-06-21 14:54:40","book-chapter","10.4324/9781003386735-7","","",,,110,124,0,0.00,0,1,1,"","",""
0,"Rita Yu-Tzu Chen, Rebekah C. Evans","Comparing tonic and phasic calcium in the dendrites of vulnerable midbrain neurons",2023,"","Cold Spring Harbor Laboratory","http://dx.doi.org/10.1101/2023.08.28.555184","",844,"2024-06-21 14:54:40","posted-content","10.1101/2023.08.28.555184","","",,,,,0,0.00,0,2,1,"Abstract: Several midbrain nuclei degenerate in Parkinson’s Disease (PD). Many of these nuclei share the common characteristics that are thought to contribute to their selective vulnerability, including pacemaking activity and high levels of calcium influx. In addition to the well-characterized dopaminergic neurons of the substantia nigra pars compacta (SNc), the cholinergic neurons of the pedunculopontine nucleus (PPN) also degenerate in PD. It is well established that the low-threshold L-type calcium current is a main contributor to tonic calcium in SNc dopaminergic neurons and is hypothesized to contribute to their selective vulnerability. However, it is not yet clear whether the vulnerable PPN cholinergic neurons share this property. Therefore, we used two-photon dendritic calcium imaging and whole-cell electrophysiology to evaluate the role of L-type calcium channels in the tonic and phasic activity of PPN neurons and the corresponding dendritic calcium signal and directly compare these characteristics to SNc neurons. We found that blocking L-type channels reduces tonic firing rate and dendritic calcium levels in SNc neurons. By contrast, the calcium load in PPN neurons during pacemaking did not depend on L-type channels. However, we find that blocking L-type channels reduces phasic calcium influx in PPN dendrites. Together, these findings show that L-type calcium channels play different roles in the activity of SNc and PPN neurons, and suggest that low-threshold L-type channels are not responsible for tonic calcium levels in PPN cholinergic neurons and are therefore not likely to be a source of selective vulnerability in these cells.","https://syndication.highwire.org/content/doi/10.1101/2023.08.28.555184",""
0,"Celine van Golde, Jane Tudor-Owen, David Gee","Interviewing intoxicated suspects",2022,"Interviewing Vulnerable Suspects","Routledge","http://dx.doi.org/10.4324/9781003145998-9","",845,"2024-06-21 14:54:40","book-chapter","10.4324/9781003145998-9","","",,,45,51,0,0.00,0,3,2,"","",""
0,"Lindy Burton","The Personality Needs of Accident Involved Children",2022,"Vulnerable Children","Routledge","http://dx.doi.org/10.4324/9781003287865-6","",846,"2024-06-21 14:54:40","book-chapter","10.4324/9781003287865-6","","",,,32,53,0,0.00,0,1,2,"","",""
0,"Cesar B. Martinez-Alvarez","Mining Concessions in Mexico Negatively Affect Already Vulnerable Groups",2023,"SSRN Electronic Journal","Elsevier BV","http://dx.doi.org/10.2139/ssrn.4454454","",847,"2024-06-21 14:54:40","journal-article","10.2139/ssrn.4454454","1556-5068","",,,,,0,0.00,0,1,1,"","",""
0,"","Integrating local services for individuals in vulnerable situations",2023,"OECD Local Economic and Employment Development (LEED) Working Papers","Organisation for Economic Co-Operation and Development (OECD)","http://dx.doi.org/10.1787/1596644b-en","",848,"2024-06-21 14:54:40","report","10.1787/1596644b-en","2079-4797","",,,,,0,0.00,0,0,1,"","",""
0,"MESFIN WOLDEMICHAEL, Bamlak Alamirew","Does Productive Safety Net Program Enhance Livelihoods? Insights from Vulnerable Households in Wolaita Zone, Ethiopia",2023,"","California Digital Library (CDL)","http://dx.doi.org/10.31223/x5vt0f","",849,"2024-06-21 14:54:40","posted-content","10.31223/x5vt0f","","",,,,,0,0.00,0,2,1,"The impact of Productive Safety Net Programs (PSNPs) on food security, poverty, and livelihoods has been examined in several studies. While some studies found positive impacts on food security and agricultural productivity, there are still gaps in understanding the long-term effects of these programs on poverty reduction and food security. This study aims to investigate the impact of PSNP on the livelihood of beneficiaries based on indicators including access to basic services, income, expenditure on food, adaptive capacity, and dietary diversity. The methodology used in this study was based on access to basic service, income, food expenditure, assets, adaptive capacity, and household dietary diversity. The analysis was conducted through regression adjustment and inverse probability weighing by propensity score matching. The results indicate no statistically significant impact of PSNP on access to basic services and income based on all three algorithms. However, there is a statistically significant negative impact of PSNP on food expenditure and assets based on all three algorithms. The null or mixed findings in this study may reflect the challenges of designing effective social protection programs that address the complex and multidimensional nature of poverty. The study suggests several interventions for policy-makers, such as reassessing the design and implementation of PSNP to effectively address poverty, considering context-specific factors, and implementing complementary programs to improve food security. Identifying effective approaches to social protection that can improve the income and well-being of vulnerable populations through further research and evaluation of existing programs is also recommended. Using more nuanced measures of impact and a longer timeframe may be necessary to fully assess the effectiveness of PSNP in Ethiopia.","",""
0,"Yelenka Nuñez, Natalia Hoyos, Julian Arellana","High Land Surface Temperatures (Lsts) Disproportionately Affect Vulnerable Socioeconomic Groups in Barranquilla, Colombia",2023,"","Elsevier BV","http://dx.doi.org/10.2139/ssrn.4505533","",850,"2024-06-21 14:54:40","posted-content","10.2139/ssrn.4505533","","",,,,,0,0.00,0,3,1,"","",""
0,"","COVID-19, Disparities, and Vulnerable Populations",2023,"COVID-19 and the Law","Cambridge University Press","http://dx.doi.org/10.1017/9781009265690.009","",851,"2024-06-21 14:54:40","book-part","10.1017/9781009265690.009","","",,,87,140,0,0.00,0,0,1,"","",""
0,"","“Officially Unemployed” or “Forgotten Jobless”?",2023,"Side Hustle Safety Net","University of California Press","http://dx.doi.org/10.2307/jj.5864811.5","",852,"2024-06-21 14:54:40","book-chapter","10.2307/jj.5864811.5","","",,,1,42,0,0.00,0,0,1,"","",""
0,"","Patch Management",2024,"Effective Vulnerability Management","Wiley","http://dx.doi.org/10.1002/9781394277155.ch2","",853,"2024-06-21 14:54:40","other","10.1002/9781394277155.ch2","","",,,29,52,0,0.00,0,0,1,"","https://onlinelibrary.wiley.com/doi/pdf/10.1002/9781394277155.ch2",""
0,"","FORMATION OF VULNERABLE NODE «ADOBE COLDFUSION DESERIALIZATION OF UNTRUSTED DATA VULNERABILITY»",2024,"Voprosy kiberbezopasnosti","A.L. Makarenko GI","http://dx.doi.org/10.21681/2311-3456-2024-1-75-81","",854,"2024-06-21 14:54:40","journal-article","10.21681/2311-3456-2024-1-75-81","2311-3456","",,1,,,0,0.00,0,0,1,"","",""
0,"Nicole L. Asquith, Isabelle Bartkowiak-Théron","Conceptual Understandings of Vulnerability",2021,"Policing Practices and Vulnerable People","Springer International Publishing","http://dx.doi.org/10.1007/978-3-030-62870-3_2","",855,"2024-06-21 14:54:40","book-chapter","10.1007/978-3-030-62870-3_2","","",,,17,34,0,0.00,0,2,3,"","https://link.springer.com/content/pdf/10.1007/978-3-030-62870-3_2",""
0,"","Bone Health Evaluation in the Child Vulnerable to Fracture",2021,"Pediatric Orthopaedics and Sports Injuries","American Academy of PediatricsItasca, IL","http://dx.doi.org/10.1542/9781610025058-43","",856,"2024-06-21 14:54:40","book-chapter","10.1542/9781610025058-43","","",,,,,0,0.00,0,0,3,"","https://publications.aap.org/aapbooks/book/chapter-pdf/1348671/ch43.pdf",""
0,"Amarjeet Sinha","Vulnerable Social Groups, Inclusive Policies and Programmes",2023,"The Last Mile","Routledge India","http://dx.doi.org/10.4324/9781003431589-10","",857,"2024-06-21 14:54:40","book-chapter","10.4324/9781003431589-10","","",,,101,106,0,0.00,0,1,1,"","",""
0,"Maria Löschnigg","Fragmentation in the “Era of the Vulnerable”",2022,"The Routledge Introduction to the Canadian Short Story","Routledge","http://dx.doi.org/10.4324/9781003142683-9","",858,"2024-06-21 14:54:40","book-chapter","10.4324/9781003142683-9","","",,,119,138,0,0.00,0,1,2,"","",""
0,"Sabina Lovibond","Vulnerable and Invulnerable",2022,"Essays on Ethics and Culture","Oxford University PressOxford","http://dx.doi.org/10.1093/oso/9780192856166.003.0013","",859,"2024-06-21 14:54:40","book-chapter","10.1093/oso/9780192856166.003.0013","","",,,200,207,0,0.00,0,1,2,"Abstract: In her most recent work, Pamela Sue Anderson engages with the facts of ‘mutual vulnerability’ and ‘precarious life’, whether at a practical level or in philosophical argument. The essay considers this topic in relation to the tradition we inherit from Plato, and to ‘dialectics’ in the specialized, Platonic sense of truth-directed conversation. It suggests that there are these two sides to the classic dialectical encounter: aporia, as exemplified by the sceptical and quasi-sacrificial figure of Socrates; but also the (equally Socratic) ambition to escape from aporia, to be no longer at a loss. With the latter point in view, Anderson’s theme of intellectual precarity returns us to the institutional critique of philosophy, and to the lived experience of vulnerability about which some practitioners of the subject know so much more than others.","https://academic.oup.com/book/chapter-pdf/58050363/oso-9780192856166-chapter-13.pdf",""
1,"Fiorenzo Laghi, Barbara Trimarco, Anna Di Norcia, Antonia Lonigro, Emiddia Longobardi, Ambra Bechini, Alexandra Gradilone","Internalizing and externalizing behaviors and close relationships in siblings of adolescents with autism spectrum disorder",2022,"Vulnerable Children and Youth Studies","Informa UK Limited","http://dx.doi.org/10.1080/17450128.2022.2106000","",860,"2024-06-21 14:54:40","journal-article","10.1080/17450128.2022.2106000","1745-0128","",18,2,169,181,1,0.50,0,7,2,"","https://www.tandfonline.com/doi/pdf/10.1080/17450128.2022.2106000",""
2,"Sarah Ciotti, Shannon A. Moore","Children ‘at risk’: a critical content analysis exploring representations of childhood in Canadian media from the first wave to the fourth wave of the COVID-19 pandemic",2022,"Vulnerable Children and Youth Studies","Informa UK Limited","http://dx.doi.org/10.1080/17450128.2022.2136425","",861,"2024-06-21 14:54:40","journal-article","10.1080/17450128.2022.2136425","1745-0128","",18,2,252,262,2,1.00,1,2,2,"","https://www.tandfonline.com/doi/pdf/10.1080/17450128.2022.2136425",""
28,"Soo-Hyun Nam, Jeong-Hyun Nam, Chan-Young Kwon","Comparison of the Mental Health Impact of COVID-19 on Vulnerable and Non-Vulnerable Groups: A Systematic Review and Meta-Analysis of Observational Studies",2021,"International Journal of Environmental Research and Public Health","MDPI AG","http://dx.doi.org/10.3390/ijerph182010830","",862,"2024-06-21 14:54:40","journal-article","10.3390/ijerph182010830","1660-4601","",18,20,10830,10830,28,9.33,9,3,3,"Vulnerable populations may be more vulnerable to mental health problems posed by the coronavirus disease 2019 (COVID-19) pandemic. A systematic review was performed to compare the mental health impact of COVID-19 between vulnerable and non-vulnerable groups. Five electronic databases were searched for observational studies reporting the psychological outcomes of both vulnerable populations and healthy controls during the COVID-19 era. The primary outcomes are the severity of depression and anxiety, and secondary outcomes include other aspects of mental health such as stress or sleep disturbance. Meta-analysis was performed for the severity of mental health symptoms, and the results were presented as standardized mean difference and 95% confidence intervals. A total of 25 studies were included. According to the findings, the elderly generally experienced significantly lower levels of psychological symptoms including depression, anxiety, and perceived stress. Pregnant women, patients with chronic diseases, and patients with pre-existing severe mental disorders showed mixed results according to each mental health outcome. The results indicate that vulnerable groups have been affected differently in the COVID-19 era. Though the insufficient number and heterogeneity of included studies leave the results inconclusive, our findings may contribute to identifying priorities of mental health needs among various vulnerable populations and allocating health resources with efficiency.","https://www.mdpi.com/1660-4601/18/20/10830/pdf",""
15,"Radosław Rogoza, Jan Cieciuch, Włodzimierz Strus","Vulnerable Isolation and Enmity Concept: Disentangling the blue and dark face of vulnerable narcissism",2022,"Journal of Research in Personality","Elsevier BV","http://dx.doi.org/10.1016/j.jrp.2021.104167","",863,"2024-06-21 14:54:40","journal-article","10.1016/j.jrp.2021.104167","0092-6566","",96,,104167,104167,15,7.50,5,3,2,"","https://api.elsevier.com/content/article/PII:S0092656621001045",""
0,"Arthur W. Frank","Vulnerable Reading:",2022,"Narrative Medicine in Education, Practice, and Interventions","Anthem Press","http://dx.doi.org/10.2307/j.ctv32r02v1.7","",864,"2024-06-21 14:54:40","book-chapter","10.2307/j.ctv32r02v1.7","","",,,53,64,0,0.00,0,1,2,"","",""
0,"","CONTENTS",2022,"Invisible Faces and Hidden Stories","Berghahn Books","http://dx.doi.org/10.1515/9781789209341-toc","",865,"2024-06-21 14:54:40","book-chapter","10.1515/9781789209341-toc","","",,,,,0,0.00,0,0,2,"","https://www.degruyter.com/document/doi/10.1515/9781789209341-toc/xml",""
0,"Marta Kahancová","DEFEN-CE: Social Dialogue in Defence of Vulnerable Groups in Post-COVID-19 Labour Markets. Comparative report",2024,"","Center for Open Science","http://dx.doi.org/10.31235/osf.io/v45ty","",866,"2024-06-21 14:54:40","posted-content","10.31235/osf.io/v45ty","","",,,,,0,0.00,0,1,1,"<p>The COVID-19 pandemic has generated unprecedented health and far-reaching life consequences, triggering a global social and economic crisis through its protective measures aimed at safeguarding lives. This crisis compels social scientists and researchers to scrutinize the deficiencies in social and economic readiness and responses to the pandemic.The DEFEN-CE project, supported by the European Commission, delves into institutional strategies and power dynamics in social protection, policy formulation, and implementation. It sought to safeguard labour markets and workers by examining the governance of vulnerable groups in the (post) COVID-19 labor markets. Moreover, it aimed to generate research-based knowledge at EU and national levels, including candidate countries, on the role of social partners in creating and implementing protective policies vis-à-vis vulnerable groups.This report spotlights all key project findings both at the EU-level and the national level in 12 countries, embedding them to a conceptual understanding of vulnerability in general and labour-market related vulnerability in particular.</p>","",""
0,"ROMAL TUNE","A FATHER’S INTRODUCTION",2022,"I Wish My Dad","Broadleaf Books","http://dx.doi.org/10.2307/j.ctv29sfxvn.3","",867,"2024-06-21 14:54:40","book-chapter","10.2307/j.ctv29sfxvn.3","","",,,1,10,0,0.00,0,1,2,"","",""
0,"","5 BEFORE: SEEKING OUT THE MOST VULNERABLE",2022,"The Continuing Storm","University of Texas Press","http://dx.doi.org/10.7560/324332-006","",868,"2024-06-21 14:54:40","book-chapter","10.7560/324332-006","","",,,71,81,0,0.00,0,0,2,"","https://www.degruyter.com/document/doi/10.7560/324332-006/xml",""
0,"","ADR and Access to Justice",2021,"Access to Justice for Vulnerable and Energy-Poor Consumers","Hart Publishing","http://dx.doi.org/10.5040/9781509939466.ch-004","",869,"2024-06-21 14:54:40","book-chapter","10.5040/9781509939466.ch-004","","",,,,,0,0.00,0,0,3,"","",""
0,"Elisabeth Mahase","Covid-19: Prioritise vulnerable patients to prevent further deterioration, says charity",2021,"BMJ","BMJ","http://dx.doi.org/10.1136/bmj.n2557","",870,"2024-06-21 14:54:40","journal-article","10.1136/bmj.n2557","1756-1833","",,,,,0,0.00,0,1,3,"","http://data.bmj.org/tdm/10.1136/bmj.n2557",""
0,"Gemma Tulud Cruz","Christian Resilience and Vulnerable Migrants",2022,"Theology without Borders","Georgetown University Press","http://dx.doi.org/10.2307/j.ctv27qzs82.8","",871,"2024-06-21 14:54:40","book-chapter","10.2307/j.ctv27qzs82.8","","",,,65,82,0,0.00,0,1,2,"","",""
0,"Clare Stanley","Vulnerable settlors—capacity and undue influence",2023,"Trusts &amp; Trustees","Oxford University Press (OUP)","http://dx.doi.org/10.1093/tandt/ttad032","",872,"2024-06-21 14:54:40","journal-article","10.1093/tandt/ttad032","1363-1780","",29,7,627,632,0,0.00,0,1,1,"Abstract: There is a dearth of authority addressing what the test for capacity is where a settlor is exercising powers reserved to them under a trust instrument, and even less guidance as to the application of the law of undue influence to the exercise of such powers. The Grand Court of the Cayman Islands has recently grappled with both of these issues.","https://academic.oup.com/tandt/article-pdf/29/7/627/51723954/ttad032.pdf",""
0,"Frauke Rostalski","Freiheitsverluste infolge von Diskursvulnerabilität",2024,"Die vulnerable Gesellschaft","Verlag C.H.BECK oHG","http://dx.doi.org/10.17104/9783406814631-145","",873,"2024-06-21 14:54:40","book-chapter","10.17104/9783406814631-145","","",,,145,154,0,0.00,0,1,1,"","",""
0,"Michael Blank","Decision letter for ""“Don't Close the Door on Them”: Recruiting and retaining vulnerable Black adolescents in prevention research""",2021,"","Wiley","http://dx.doi.org/10.1002/jcop.22584/v1/decision1","",874,"2024-06-21 14:54:40","peer-review","10.1002/jcop.22584/v1/decision1","","",,,,,0,0.00,0,1,3,"","",""
0,"Michael Blank","Decision letter for ""“Don't Close the Door on Them”: Recruiting and retaining vulnerable Black adolescents in prevention research""",2021,"","Wiley","http://dx.doi.org/10.1002/jcop.22584/v2/decision1","",875,"2024-06-21 14:54:40","peer-review","10.1002/jcop.22584/v2/decision1","","",,,,,0,0.00,0,1,3,"","",""
0,"Rolando Guzman, Pedro Coss, Mariano Jiménez","Measuring the Impact of Resilience Practices in Highly Vulnerable Environment: A Caribbean Experience",2024,"","Elsevier BV","http://dx.doi.org/10.2139/ssrn.4748423","",876,"2024-06-21 14:54:40","posted-content","10.2139/ssrn.4748423","","",,,,,0,0.00,0,3,1,"","",""
0,"Itai Kabonga","Author response for ""NGOs’ responses to the challenges faced by orphans and vulnerable children (OVC) in Chegutu, Zimbabwe""",2023,"","Wiley","http://dx.doi.org/10.1111/issj.12473/v2/response1","",877,"2024-06-21 14:54:40","peer-review","10.1111/issj.12473/v2/response1","","",,,,,0,0.00,0,1,1,"","",""
0,"","Hospitals prepare to support the most vulnerable patients as respiratory virus 'surge' is predicted this autumn",2021,"Pharmaceutical Journal","Royal Pharmaceutical Society","http://dx.doi.org/10.1211/pj.2021.1.96489","",878,"2024-06-21 14:54:40","journal-article","10.1211/pj.2021.1.96489","2053-6186","",,,,,0,0.00,0,0,3,"","",""
0,"Adele Waters, Ingrid Torjesen","“He’s left me feeling vulnerable, and I’m so angry”",2023,"BMJ","BMJ","http://dx.doi.org/10.1136/bmj.p1042","",879,"2024-06-21 14:54:40","journal-article","10.1136/bmj.p1042","1756-1833","",,,,,0,0.00,0,2,1,"","http://data.bmj.org/tdm/10.1136/bmj.p1042",""
0,"JORDAN TUNE","A SON’S INTRODUCTION",2022,"I Wish My Dad","Broadleaf Books","http://dx.doi.org/10.2307/j.ctv29sfxvn.4","",880,"2024-06-21 14:54:40","book-chapter","10.2307/j.ctv29sfxvn.4","","",,,11,14,0,0.00,0,1,2,"","",""
0,"Hiba Nassereddine, Kelvin R., Jonathan T., David A.","Advanced Warning System for Safer Interaction Between Vehicles and Vulnerable Road Users",2022,"","Morressier GmbH","http://dx.doi.org/10.26226/m.63283143f30377bc3baf7c60","",881,"2024-06-21 14:54:40","posted-content","10.26226/m.63283143f30377bc3baf7c60","","",,,,,0,0.00,0,4,2,"","",""
0,"","Shipping is vulnerable to more severe disruption ahead",2024,"Emerald Expert Briefings","Emerald","http://dx.doi.org/10.1108/oxan-db286795","",882,"2024-06-21 14:54:40","report-component","10.1108/oxan-db286795","2633-304X","",,,,,0,0.00,0,0,1,"Significance: Shippers are being forced to take longer routes or pay higher insurance premiums, increasing costs, disrupting supply chains and absorbing the post-pandemic increase in shipping capacity as vessels stay longer on the water. Impacts: The heightened insecurity has created an opportunity for Somali pirates to re-emerge as a threat.","https://www.emerald.com/insight/content/doi/10.1108/OXAN-DB286795/full/html",""
1,"David Lowe, Robin Bennett","Prevent Strategy",2021,"","Routledge","http://dx.doi.org/10.4324/9781003039105","",883,"2024-06-21 14:54:40","book","10.4324/9781003039105","","",,,,,1,0.33,1,2,3,"","",""
0,"Dora Neo","SINGAPORE: BOOSTING REGULATION TO PROTECT VULNERABLE INVESTORS",2021,"Financial Advice and Investor Protection","Edward Elgar Publishing","http://dx.doi.org/10.4337/9781800884625.00024","",884,"2024-06-21 14:54:40","book-chapter","10.4337/9781800884625.00024","","",,,,,0,0.00,0,1,3,"","https://china.elgaronline.com/view/edcoll/9781800884618/9781800884618.xml",""
0,"Lisa Barry","RECRUITING SAMPLES OF OLDER ADULTS FROM VULNERABLE GROUPS",2023,"Innovation in Aging","Oxford University Press (OUP)","http://dx.doi.org/10.1093/geroni/igad104.1310","",885,"2024-06-21 14:54:40","journal-article","10.1093/geroni/igad104.1310","2399-5300","",7,,396,396,0,0.00,0,1,1,"Abstract: Since 2000, the number of incarcerated persons age ≥50 in the U.S. grew 280% and those in this age group with substance use disorders (SUDs) grew from 1.7 to 5.7 million. Yet, these groups, which comprise some of the most medically vulnerable persons in society, are difficult to recruit to research studies. We successfully recruited and retained 171 incarcerated persons age ≥50 in a cohort study. We will discuss how recruitment required strong partnership with the state corrections system, how we had to be cognizant of measures that were meaningful in the context of the unique environment (prison activities of daily living), and how measures were modified (when life gets hard I just want to escape). As we continue to recruit persons ≥50 seeking SUD treatment, we will discuss the usefulness of snowball recruiting and balancing decisions regarding modification of inclusion criteria while maintaining integrity of the original research question.","https://academic.oup.com/innovateage/article-pdf/7/Supplement_1/396/54740523/igad104.1310.pdf",""
0,"Maria Leticia Castrechini Fernandes Franieck","On intercultural interactional communication",2022,"Communicating with Vulnerable Patients","Routledge","http://dx.doi.org/10.4324/9781003232087-3","",886,"2024-06-21 14:54:40","book-chapter","10.4324/9781003232087-3","","",,,8,23,0,0.00,0,1,2,"","",""
0,"Graham Russell","Epilogue",2023,"Understanding Vulnerability and Resilience","Routledge","http://dx.doi.org/10.4324/9781351035545-13","",887,"2024-06-21 14:54:40","book-chapter","10.4324/9781351035545-13","","",,,178,179,0,0.00,0,1,1,"","",""
0,"Jane Tudor-Owen, Celine van Golde, Ray Bull, David Gee","Introduction",2022,"Interviewing Vulnerable Suspects","Routledge","http://dx.doi.org/10.4324/9781003145998-1","",888,"2024-06-21 14:54:40","book-chapter","10.4324/9781003145998-1","","",,,1,4,0,0.00,0,4,2,"","",""
0,"","Introduction",2021,"The Oxford Handbook of Dante","Oxford University Press","http://dx.doi.org/10.1093/oxfordhb/9780198820741.002.0009","",889,"2024-06-21 14:54:40","other","10.1093/oxfordhb/9780198820741.002.0009","","",,,,,0,0.00,0,0,3,"","https://academic.oup.com/edited-volume/33429/chapter/290523543",""
0,"Laura Farrugia","Vulnerable Witnesses at Trial",2024,"Exploring Vulnerability in the Criminal Justice System in England and Wales","Routledge","http://dx.doi.org/10.4324/9781003386735-6","",890,"2024-06-21 14:54:40","book-chapter","10.4324/9781003386735-6","","",,,97,109,0,0.00,0,1,1,"","",""
1,"Steve Vanderheiden","Mitigation Duties of Poor and Vulnerable Countries",2023,"The Routledge Handbook of Applied Climate Change Ethics","Routledge","http://dx.doi.org/10.4324/9781003039860-9","",891,"2024-06-21 14:54:40","book-chapter","10.4324/9781003039860-9","","",,,64,73,1,1.00,1,1,1,"","",""
7,"Sridevi Yerrabati","Does vulnerable employment alleviate poverty in developing countries?",2022,"Economic Modelling","Elsevier BV","http://dx.doi.org/10.1016/j.econmod.2022.106043","",892,"2024-06-21 14:54:40","journal-article","10.1016/j.econmod.2022.106043","0264-9993","",116,,106043,106043,7,3.50,7,1,2,"","https://api.elsevier.com/content/article/PII:S0264999322002802",""
7,"Crispin Rakibu Mbamba, Ignatus Kpobi Ndemole, Madinatu Sarah Hassan, Stella Gmekpebi Gabuljah, Desire Senam Okpattah","‘I don’t think anyone thinks of us’: experiences of teenage head porters amidst COVID-19 in Ghana",2021,"Vulnerable Children and Youth Studies","Informa UK Limited","http://dx.doi.org/10.1080/17450128.2021.1975860","",893,"2024-06-21 14:54:40","journal-article","10.1080/17450128.2021.1975860","1745-0128","",17,3,221,231,7,2.33,1,5,3,"","https://www.tandfonline.com/doi/pdf/10.1080/17450128.2021.1975860",""
2,"Seok Tyug Tan, Sohbanah Aplasamy, Thivvyatracyny Mohana Kanan, Tasneem Shaari","Psychological distress and its correlation with weight change in young adults in the aftermath of the COVID-19 pandemic",2022,"Vulnerable Children and Youth Studies","Informa UK Limited","http://dx.doi.org/10.1080/17450128.2022.2136424","",894,"2024-06-21 14:54:40","journal-article","10.1080/17450128.2022.2136424","1745-0128","",18,2,242,251,2,1.00,1,4,2,"","https://www.tandfonline.com/doi/pdf/10.1080/17450128.2022.2136424",""
0,"Nolwazi Ngcobo, Bongane Mzinyane, Sibonsile Zibane","&lt;p&gt;Responding to Concurrent Disasters: Lessons Learnt by Social Work Academics Engaging with Flood Survivors during a COVID-19 Pandemic, in South African Townships&lt;/p&gt;",2023,"The Impact of Climate Change on Vulnerable Populations","MDPI","http://dx.doi.org/10.3390/books978-3-0365-5503-4-9","",895,"2024-06-21 14:54:40","book-chapter","10.3390/books978-3-0365-5503-4-9","","",,,,,0,0.00,0,3,1,"","",""
0,"Kelli Woodrow","Reflection &amp;#8800; Praxis: Practicing Teachers&amp;#39; Struggles With Equitable Remote Instruction for Vulnerable Learners",2022,"AERA 2022","AERA","http://dx.doi.org/10.3102/ip.22.1881717","",896,"2024-06-21 14:54:40","proceedings-article","10.3102/ip.22.1881717","","",,,,,0,0.00,0,1,2,"","",""
0,"","Frontmatter",2021,"A Vulnerable System","Cornell University Press","http://dx.doi.org/10.1515/9781501759048-fm","",897,"2024-06-21 14:54:40","book-chapter","10.1515/9781501759048-fm","","",,,,,0,0.00,0,0,3,"","https://www.degruyter.com/document/doi/10.1515/9781501759048-fm/xml",""
0,"","Training programmes do not reach the most vulnerable",2021,"OECD Economic Surveys: Chile 2021","OECD","http://dx.doi.org/10.1787/274fd2ee-en","",898,"2024-06-21 14:54:40","other","10.1787/274fd2ee-en","1999-0847","",,,,,0,0.00,0,0,3,"","",""
0,"Viacheslav V. Krapukhin","Supporting Vulnerable Groups in Emergency Situations",2022,"Технологии гражданской безопасности","All-Russian Research Institute on Civil Defense Problems and Emergency Situations","http://dx.doi.org/10.54234/cst.19968493.2022.19.2.72.13.69","",899,"2024-06-21 14:54:40","journal-article","10.54234/cst.19968493.2022.19.2.72.13.69","1996-8493","",19,2,69,73,0,0.00,0,1,2,"","",""
0,"","Frontmatter",2022,"Invisible Faces and Hidden Stories","Berghahn Books","http://dx.doi.org/10.1515/9781789209341-fm","",900,"2024-06-21 14:54:40","book-chapter","10.1515/9781789209341-fm","","",,,,,0,0.00,0,0,2,"","https://www.degruyter.com/document/doi/10.1515/9781789209341-fm/xml",""
0,"Debra Jackson","Decision letter for ""A scoping review and intersectionality‐based analysis of heart failure telehealth interventions for vulnerable populations""",2023,"","Wiley","http://dx.doi.org/10.1111/jan.15756/v2/decision1","",901,"2024-06-21 14:54:40","peer-review","10.1111/jan.15756/v2/decision1","","",,,,,0,0.00,0,1,1,"","",""
0,"Melanie Gibbons Hallman, Leigh Hart, Patricia M. Speck","Vulnerable Populations in theEmergency Setting",2021,"Emergency Nurse Practitioner Core Curriculum","Springer Publishing Company","http://dx.doi.org/10.1891/9780826160195.0054","",902,"2024-06-21 14:54:40","book-chapter","10.1891/9780826160195.0054","","",,,,,0,0.00,0,3,3,"","https://syndication.highwire.org/content/doi/10.1891/9780826160195.0054",""
0,"Sofie Rosenlund Lau","Pharmacology and care: An ethnographic study of care work and medicines in everyday life of vulnerable elders",2022,"","Morressier","http://dx.doi.org/10.26226/m.62a0701f9deaf4fdb6b3f35e","",903,"2024-06-21 14:54:40","posted-content","10.26226/m.62a0701f9deaf4fdb6b3f35e","","",,,,,0,0.00,0,1,2,"","",""
0,"Denise Blake, S Pooley, Antonia Lyons","Stigma and disaster risk reduction among vulnerable groups: Considering people receiving opioid substitution treatment",2021,"","Victoria University of Wellington Library","http://dx.doi.org/10.26686/wgtn.14198582","",904,"2024-06-21 14:54:40","posted-content","10.26686/wgtn.14198582","","",,,,,0,0.00,0,3,3,"© 2020 This work explores the ways in which stigma influences how people engage with disaster risk reduction. It specifically addresses the experiences and perceptions of stigma for people who receive Opioid Substitution Treatment (OST), a successful harm reduction strategy that reduces illicit drug use, risk of overdose and criminal activity. Unfortunately, while receiving OST people endure stigma because of their perceived or assumed history of drug use, which positions them as socially deviant and unacceptable. During a disaster or emergency, forms of social stigma from health and emergency management personnel have implications for access to treatment such as OST. Drawing on semi-structured interviews with 21 people receiving OST from services in four major cities in Aotearoa New Zealand, an interpretive analysis was applied to better understand how stigma matters to their lived experience. Four key themes, namely “Experiences of stigma”, “Discrimination from health professionals”, and “Disasters and emergency management” and “Support within disaster contexts” were identified in their talk. We conclude that it is vital that medications and other necessary treatments are made accessible to those who need them to maintain health and wellbeing. It is important to be aware that stigmatising beliefs manifest in disaster-response settings which have consequences for people who are already more vulnerable than others. Therefore we suggest that appropriate education and training be provided.","",""
0,"","The Access to Justice Challenge",2021,"Access to Justice for Vulnerable and Energy-Poor Consumers","Hart Publishing","http://dx.doi.org/10.5040/9781509939466.ch-001","",905,"2024-06-21 14:54:40","book-chapter","10.5040/9781509939466.ch-001","","",,,,,0,0.00,0,0,3,"","",""
0,"Frauke Rostalski","Die Ausweitung der Risikozone",2024,"Die vulnerable Gesellschaft","Verlag C.H.BECK oHG","http://dx.doi.org/10.17104/9783406814631-27","",906,"2024-06-21 14:54:40","book-chapter","10.17104/9783406814631-27","","",,,27,38,0,0.00,0,1,1,"","",""
0,"","Asset Management",2024,"Effective Vulnerability Management","Wiley","http://dx.doi.org/10.1002/9781394277155.ch1","",907,"2024-06-21 14:54:40","other","10.1002/9781394277155.ch1","","",,,1,27,0,0.00,0,0,1,"","https://onlinelibrary.wiley.com/doi/pdf/10.1002/9781394277155.ch1",""
0,"","Index",2021,"A Vulnerable System","Cornell University Press","http://dx.doi.org/10.1515/9781501759048-015","",908,"2024-06-21 14:54:40","book-chapter","10.1515/9781501759048-015","","",,,289,299,0,0.00,0,0,3,"","https://www.degruyter.com/document/doi/10.1515/9781501759048-015/xml",""
0,"","Evusheld effective in treating newer variants of COVID-19 in clinically vulnerable patients, preprint review suggests",2022,"Pharmaceutical Journal","Royal Pharmaceutical Society","http://dx.doi.org/10.1211/pj.2022.1.165339","",909,"2024-06-21 14:54:40","journal-article","10.1211/pj.2022.1.165339","2053-6186","",,,,,0,0.00,0,0,2,"","",""
0,"Manne Gerell, Mia Puur, Nicklas Guldåker","Swedish conditions? Characteristics of locations the Swedish police label as vulnerable",2021,"","Center for Open Science","http://dx.doi.org/10.31219/osf.io/3ndsw","",910,"2024-06-21 14:54:40","posted-content","10.31219/osf.io/3ndsw","","",,,,,0,0.00,0,3,3,"<p>Deprived neighborhoods where criminal networks have a negative impact on local residents are in Sweden labeled as vulnerable neighborhoods by the police. The method used by the police to classify such neighborhoods is largely based on police perceptions, which raises issues around subjectivity and potential biases. The present study explores the characteristics of such neighborhoods based on registry data over sociodemographics and crime. The data used is a grid (N=116 660) of 250x250 meter vector grids with data on population, foreign background, employment, age characteristics, household types and eight types of crime. Generalized mixed effect models of vector grids nested in municipalities were fitted to analyze the characteristics of vector grids classified as vulnerable (N=1678). Several variables are significantly associated with a vector grid being classified as vulnerable, with the share of population that is foreign born and share with parents foreign born being the strongest predictors. In addition, we consider whether there are systematic differences between municipalities, and develop a model based on regression coefficients to predict whether a vector grid is vulnerable or not. The model re-classifies 39.8% of the vector grids, identifying locations that statistically resemble vulnerable neighborhoods but are not classified as such and vice versa.</p>","",""
0,"Amina J. Mohammed","In my view: Development co-operation must tackle complex challenges better and protect the most vulnerable",2023,"","Organisation for Economic Co-Operation and Development (OECD)","http://dx.doi.org/10.1787/14dff97c-en","",911,"2024-06-21 14:54:40","component","10.1787/14dff97c-en","","",,,,,0,0.00,0,1,1,"","",""
0,"Itai Kabonga","Author response for ""NGOs’ responses to the challenges faced by orphans and vulnerable children (OVC) in Chegutu, Zimbabwe""",2023,"","Wiley","http://dx.doi.org/10.1111/issj.12473/v6/response1","",912,"2024-06-21 14:54:40","peer-review","10.1111/issj.12473/v6/response1","","",,,,,0,0.00,0,1,1,"","",""
0,"Sakshi, Guy Jackson","Political and legal implications of defining “particularly vulnerable” for the Loss and Damage Fund",2023,"","Center for Open Science","http://dx.doi.org/10.31219/osf.io/k2cp9","",913,"2024-06-21 14:54:40","posted-content","10.31219/osf.io/k2cp9","","",,,,,0,0.00,0,2,1,"<p>At COP27, Parties agreed to establish a fund for loss and damage. During the COP28 opening plenary, the Loss and Damage Fund was operationalised. Despite this progress, significant questions about access to funding remain unanswered. Here, we engage with a key term in the decision texts—particularly vulnerable. How Parties frame and define the term ‘particularly vulnerable’ will influence funding allocation and devising eligibility or exclusion. We advance arguments against narrow, country-specific definitions of particularly vulnerable. To this end, we outline a brief history of the term particularly vulnerable and present insights from the existing climate fund allocations. We also engage with the emerging science of losses and damages, and critically unpack the implications of defining particularly vulnerable for loss and damage funding. We argue that it is possible to understand particularly vulnerable in a legally and politically just manner, while highlighting the limitations of excessive reliance or hopefulness around state actions, especially domestic remedies, in addressing vulnerability in specific communities. We recognise that the funds, as they have been pledged now, will not reach all vulnerable people. However, such limitation reinforces our argument that funding and support should be provided wherever vulnerability exists even if it increases liability of states.</p>","",""
0,"Mark L. Fuerst","Relapsed Hematologic Malignancy Patients Vulnerable to COVID-19",2021,"Oncology Times","Ovid Technologies (Wolters Kluwer Health)","http://dx.doi.org/10.1097/01.cot.0000735136.72338.84","",914,"2024-06-21 14:54:40","journal-article","10.1097/01.cot.0000735136.72338.84","0276-2234","",43,,1,1,0,0.00,0,1,3,"","https://journals.lww.com/10.1097/01.COT.0000735136.72338.84",""
3,"Boghuma Titanji","Protect the vulnerable from monkeypox",2022,"Science","American Association for the Advancement of Science (AAAS)","http://dx.doi.org/10.1126/science.ade7115","",915,"2024-06-21 14:54:40","journal-article","10.1126/science.ade7115","0036-8075","",377,6611,1129,1129,3,1.50,3,1,2,"Recent declines in monkeypox infections have elicited comments such as “cautiously optimistic” and “we’re turning a corner.” Indeed, this trend in large cities in the United States and Europe, as well as a global decline in new cases of 21% (according to the World Health Organization), is encouraging. However, if we don’t prioritize and protect the most vulnerable populations, the outbreak will not end any time soon.","https://www.science.org/doi/pdf/10.1126/science.ade7115",""
0,"Gerard J. Ryan","Conclusion",2022,"Mutual Accompaniment as Faith-Filled Living","Springer International Publishing","http://dx.doi.org/10.1007/978-3-031-06007-6_6","",916,"2024-06-21 14:54:40","book-chapter","10.1007/978-3-031-06007-6_6","","",,,193,197,0,0.00,0,1,2,"","https://link.springer.com/content/pdf/10.1007/978-3-031-06007-6_6",""
0,"Celine van Golde, Jane Tudor-Owen, David Gee","Children as suspects",2022,"Interviewing Vulnerable Suspects","Routledge","http://dx.doi.org/10.4324/9781003145998-11","",917,"2024-06-21 14:54:40","book-chapter","10.4324/9781003145998-11","","",,,58,64,0,0.00,0,3,2,"","",""
0,"Lindy Burton","The Personality Needs of Sexually Assaulted Children",2022,"Vulnerable Children","Routledge","http://dx.doi.org/10.4324/9781003287865-15","",918,"2024-06-21 14:54:40","book-chapter","10.4324/9781003287865-15","","",,,114,153,0,0.00,0,1,2,"","",""
1,"Chaand Nagpaul","Government’s plan for “living with covid-19” neglects the most vulnerable",2022,"BMJ","BMJ","http://dx.doi.org/10.1136/bmj.o540","",919,"2024-06-21 14:54:40","journal-article","10.1136/bmj.o540","1756-1833","",,,,,1,0.50,1,1,2,"","http://data.bmj.org/tdm/10.1136/bmj.o540",""
0,"Emilio Berti","Review for ""Sahul's megafauna were vulnerable to plant‐community changes due to their position in the trophic network""",2021,"","Wiley","http://dx.doi.org/10.1111/ecog.06089/v1/review2","",920,"2024-06-21 14:54:40","peer-review","10.1111/ecog.06089/v1/review2","","",,,,,0,0.00,0,1,3,"","",""
0,"Nazira Panchbhaya","A critical analysis of vulnerable populations in the Durham-York energy-from-waste incinerator human health risk assessment",2021,"","Ryerson University Library and Archives","http://dx.doi.org/10.32920/ryerson.14668179.v1","",921,"2024-06-21 14:54:40","posted-content","10.32920/ryerson.14668179.v1","","",,,,,0,0.00,0,1,3,"A health risk assessment is an essential tool to assess effects of polluting facilities on vulnerable populations. The Durham-York Energy Centre is the first incinerator built in Ontario in over 20 years and it has caused public controversy due to the health effects of such facilities. The proponents conducted a human health risk assessment (HHRA) according to best practices to effectively protect the public. The objective of this thesis is to establish a HHRA best practice framework for vulnerable populations, particularly pregnant women and fetuses, to confirm if best practices were achieved and determine whether this group was adequately considered in the HHRA. Analysis ultimately showed that the Durham-York HHRA complied with most best practices but the failure to identify pregnant women and fetuses as a vulnerable population lead to some important deficiencies and omissions in the assessment.","",""
0,"","Making a Life On Stage",2024,"The Performer","Yale University Press","http://dx.doi.org/10.2307/jj.13760056.10","",922,"2024-06-21 14:54:40","book-chapter","10.2307/jj.13760056.10","","",,,91,107,0,0.00,0,0,1,"","",""
2,"Gianclaudio Malgieri, Gloria González Fuster","The Vulnerable Data Subject: A Gendered Data Subject?",2021,"SSRN Electronic Journal","Elsevier BV","http://dx.doi.org/10.2139/ssrn.3913249","",923,"2024-06-21 14:54:40","journal-article","10.2139/ssrn.3913249","1556-5068","",,,,,2,0.67,1,2,3,"","",""
0,"","Floodplains and Hurricanes: Mapping Natural Disasters to Uncover Vulnerable Communities",2022,"Open Rivers Rethinking Water Place &amp; Community","University of Minnesota","http://dx.doi.org/10.24926/2471190x.9257","",924,"2024-06-21 14:54:40","journal-article","10.24926/2471190x.9257","2471-190X","",,,,,0,0.00,0,0,2,"","",""
0,"Maria Leticia Castrechini Fernandes Franieck","TICA in withdrawal therapy",2022,"Communicating with Vulnerable Patients","Routledge","http://dx.doi.org/10.4324/9781003232087-6","",925,"2024-06-21 14:54:40","book-chapter","10.4324/9781003232087-6","","",,,39,86,0,0.00,0,1,2,"","",""
0,"Sam Clark","Vulnerable friend",2022,"Inside Retirement Housing","Policy Press","http://dx.doi.org/10.51952/9781447357636.ch004","",926,"2024-06-21 14:54:40","book-chapter","10.51952/9781447357636.ch004","","",,,53,76,0,0.00,0,1,2,"","https://bristoluniversitypressdigital.com/downloadpdf/book/9781447357636/9781447357636.xml",""
0,"","Informality is stubbornly high and affects the vulnerable the most",2023,"OECD Economic Surveys: Peru 2023","OECD","http://dx.doi.org/10.1787/231383dc-en","",927,"2024-06-21 14:54:40","other","10.1787/231383dc-en","","",,,,,0,0.00,0,0,1,"","",""
0,"Ana Paula Melo, Ursula Mello, Maria Oaquim","Mentorship networks and the early career outcomes of college-educated women",2024,"AEA Randomized Controlled Trials","American Economic Association","http://dx.doi.org/10.1257/rct.12396","",928,"2024-06-21 14:54:40","dataset","10.1257/rct.12396","","",,,,,0,0.00,0,3,1,"","",""
0,"Kelli Woodrow","Reflection &amp;#8800; Praxis: Practicing Teachers&amp;#39; Struggles With Equitable Remote Instruction for Vulnerable Learners",2022,"AERA 2022","AERA","http://dx.doi.org/10.3102/ip.22.1881717","",929,"2024-06-21 14:54:40","proceedings-article","10.3102/ip.22.1881717","","",,,,,0,0.00,0,1,2,"","",""
0,"Victor Jeleniewski Seidler","Health Crisis, Economic Crisis and Political Crisis",2024,"Covid-19 and Global Inequalities","Routledge","http://dx.doi.org/10.4324/9781003296874-6","",930,"2024-06-21 14:54:40","book-chapter","10.4324/9781003296874-6","","",,,83,100,0,0.00,0,1,1,"","",""
0,"Itai Kabonga","Author response for ""NGOs’ responses to the challenges faced by orphans and vulnerable children (OVC) in Chegutu, Zimbabwe""",2023,"","Wiley","http://dx.doi.org/10.1111/issj.12473/v4/response1","",931,"2024-06-21 14:54:40","peer-review","10.1111/issj.12473/v4/response1","","",,,,,0,0.00,0,1,1,"","",""
0,"","Frontmatter",2021,"A Vulnerable System","Cornell University Press","http://dx.doi.org/10.1515/9781501759048-fm","",932,"2024-06-21 14:54:40","book-chapter","10.1515/9781501759048-fm","","",,,,,0,0.00,0,0,3,"","https://www.degruyter.com/document/doi/10.1515/9781501759048-fm/xml",""
0,"Debra Jackson","Decision letter for ""A scoping review and intersectionality‐based analysis of heart failure telehealth interventions for vulnerable populations""",2022,"","Wiley","http://dx.doi.org/10.1111/jan.15756/v1/decision1","",933,"2024-06-21 14:54:40","peer-review","10.1111/jan.15756/v1/decision1","","",,,,,0,0.00,0,1,2,"","",""
0,"","Training programmes do not reach the most vulnerable",2021,"OECD Economic Surveys: Chile 2021","OECD","http://dx.doi.org/10.1787/274fd2ee-en","",934,"2024-06-21 14:54:40","other","10.1787/274fd2ee-en","1999-0847","",,,,,0,0.00,0,0,3,"","",""
0,"Viacheslav V. Krapukhin","Supporting Vulnerable Groups in Emergency Situations",2022,"Технологии гражданской безопасности","All-Russian Research Institute on Civil Defense Problems and Emergency Situations","http://dx.doi.org/10.54234/cst.19968493.2022.19.2.72.13.69","",935,"2024-06-21 14:54:40","journal-article","10.54234/cst.19968493.2022.19.2.72.13.69","1996-8493","",19,2,69,73,0,0.00,0,1,2,"","",""
0,"","Frontmatter",2022,"Invisible Faces and Hidden Stories","Berghahn Books","http://dx.doi.org/10.1515/9781789209341-fm","",936,"2024-06-21 14:54:40","book-chapter","10.1515/9781789209341-fm","","",,,,,0,0.00,0,0,2,"","https://www.degruyter.com/document/doi/10.1515/9781789209341-fm/xml",""
0,"","A SON-TO-FATHER CONVERSATION",2022,"I Wish My Dad","Broadleaf Books","http://dx.doi.org/10.2307/j.ctv29sfxvn.25","",937,"2024-06-21 14:54:40","book-chapter","10.2307/j.ctv29sfxvn.25","","",,,221,230,0,0.00,0,0,2,"","",""
0,"Frauke Rostalski","5. Vulnerabilität und Freiheit",2024,"Die vulnerable Gesellschaft","Verlag C.H.BECK oHG","http://dx.doi.org/10.17104/9783406814631-154","",938,"2024-06-21 14:54:40","book-chapter","10.17104/9783406814631-154","","",,,154,172,0,0.00,0,1,1,"","",""
0,"Michael Blank","Decision letter for ""“Don't Close the Door on Them”: Recruiting and retaining vulnerable Black adolescents in prevention research""",2021,"","Wiley","http://dx.doi.org/10.1002/jcop.22584/v3/decision1","",939,"2024-06-21 14:54:40","peer-review","10.1002/jcop.22584/v3/decision1","","",,,,,0,0.00,0,1,3,"","",""
0,"Sadia Sultana","ICT Enabled Education to Empower Girls: Potentials for the Vulnerable Groups",2022,"Tenth Pan-Commonwealth Forum on Open Learning","Commonwealth of Learning","http://dx.doi.org/10.56059/pcf10.5310","",940,"2024-06-21 14:54:40","proceedings-article","10.56059/pcf10.5310","","",,,,,0,0.00,0,1,2,"Financial constraints, coupled with socio-cultural construct induce vulnerability among girls in Bangladesh. This leads to them entering the labor market without skills; thus, their career becomes constricted while their potential remains unexplored. For a worthwhile life they should be empowered, which can best be done by educating them without hindering their work life. Open and Distance Learning (ODL) with the use of Information and Communication Technology (ICT) can provide such a flexible learning arrangement to working women and girls. A wide range of electronic devices at different purchasing levels can provide flexibility in the use of ICT. A retrospection of COL’s Gender initiative’s virtual workshop, ‘Upskilling Girls in ICT through Mobile Application Development’, facilitated by the author in 2020 evoked ideas and generated interest for following up with the participants regarding their use of ICT. This endeavor helped conceptualize the idea that girls of the vulnerable groups can potentially be empowered by engaging them with ICT-enabled education which can transform their lives. This study has been conducted based on both primary and secondary sources of data. Secondary sources are research materials, scholarly articles, statistics from governmental websites and official publications. Primary data were collected in two stages. Firstly, data were collected from 74 girls through structured questionnaires and focus group discussions (FGDs), who represented nine rural areas of Bangladesh. Secondly, in light of the experience and findings of these data, a follow up study of the author’s previously conducted research among girl workers of six garment factories in Dhaka Metropolitan City was carried out through questionnaire survey and FGDs. The findings of this research can lead towards further educational explorations and help develop actionable plans to significantly empower girls of the vulnerable groups.","",""
0,"Nazira Panchbhaya","A critical analysis of vulnerable populations in the Durham-York energy-from-waste incinerator human health risk assessment",2021,"","Ryerson University Library and Archives","http://dx.doi.org/10.32920/ryerson.14668179","",941,"2024-06-21 14:54:40","posted-content","10.32920/ryerson.14668179","","",,,,,0,0.00,0,1,3,"A health risk assessment is an essential tool to assess effects of polluting facilities on vulnerable populations. The Durham-York Energy Centre is the first incinerator built in Ontario in over 20 years and it has caused public controversy due to the health effects of such facilities. The proponents conducted a human health risk assessment (HHRA) according to best practices to effectively protect the public. The objective of this thesis is to establish a HHRA best practice framework for vulnerable populations, particularly pregnant women and fetuses, to confirm if best practices were achieved and determine whether this group was adequately considered in the HHRA. Analysis ultimately showed that the Durham-York HHRA complied with most best practices but the failure to identify pregnant women and fetuses as a vulnerable population lead to some important deficiencies and omissions in the assessment.","",""
0,"Pallav Dave","Addiction Management in Vulnerable Populations",2024,"Himalayan Journal of Health Sciences","Society of Pharmaceutical Tecnocrats","http://dx.doi.org/10.22270/hjhs.v9i1.160","",942,"2024-06-21 14:54:40","journal-article","10.22270/hjhs.v9i1.160","2582-0737","",,,13,18,0,0.00,0,1,1,"Addiction remains a significant challenge, especially for vulnerable populations. As a way to cope with social determinants of health, life stressors and challenges they are going through, most result in substance abuse. Considering the number of people affected by SUD in the US, there is a need to put effective measures in place that can help address the challenges of dealing with addiction in vulnerable populations. Other than addressing the root causes of addiction in these populations, there is a need to take into account the individual needs of these groups to increase the likelihood of positive outcomes. Some of the needs that clinicians need to consider are lack of medical insurance, the inability to pay insurance, challenges with housing, historical trauma, structural racism, and discrimination. These factors can make it difficult to attain positive outcomes when dealing with vulnerable groups. Therefore, taking them into account is important. Community-based interventions can also help because they bring treatment close to patients. They also provide social support which most people facing vulnerabilities lack.","http://www.hjhs.co.in/index.php/hjhs/article/download/160/151",""
0,"Paul Roberts","Vulnerable Witnesses and the Principle of Orality",2022,"Roberts &amp; Zuckerman's Criminal Evidence","Oxford University PressOxford","http://dx.doi.org/10.1093/oso/9780198824480.003.0010","",943,"2024-06-21 14:54:40","book-chapter","10.1093/oso/9780198824480.003.0010","","",,,479,479,0,0.00,0,1,2,"Abstract: This chapter surveys extensive procedural innovation in the treatment of vulnerable or intimidated witnesses (VIWs) in criminal trials in England and Wales, prompting further reflection on the contemporary status and future prospects of the traditional ‘principle of orality’. Given the institutional dynamics of adversarial trial, any witness might be characterized as ‘vulnerable’. VIW-accommodating procedural reform originally focused on complainants of sexual offences and child witnesses, but progressively gathered momentum and expanded in scope and coverage, culminating in the ‘special measures directions’ (SMDs) framework introduced by the Youth Justice and Criminal Evidence Act 1999. The chapter describes the evolution and development of English law’s ‘rape shield’, now contained in YJCE Act 1999, s.41, regulating the admissibility of complainants’ previous sexual history evidence. Legislative drafting and case law applications, including extended discussion of the high-profile Evans case, are critically evaluated. Reforms of children’s evidence date back to the 1980s. Children were the primary beneficiaries of ‘special measures’ under the YJCE Act 1999, including prerecorded video interviews in lieu of examination-in-chief, testifying via Live Link CCTV, screens and the provision of intermediaries. Tailored menus of special measures have been incrementally extended to other categories of adult VIWs. Ongoing policy debates concern the roll-out of prerecorded cross-examination pursuant to YJCE Act 1999, s.28; and the ‘inequality of arms’ experienced by child defendants in accessing equivalent special measures. SMDs were introduced as exceptional adjustments for VIWs. As their range of application expands and is further deepened through technological innovation, however, the ‘exception’ becomes increasingly normalized. We must then confront an existential question: what remains of the traditional ‘principle of orality’ in this transformed model of the criminal trial?","https://academic.oup.com/book/chapter-pdf/48457748/oso-9780198824480-chapter-10.pdf",""
0,"Jaehyon Lee","Korea: COVID-19, the Vulnerable and Protection",2022,"Covid-19 and Atrocity Prevention in East Asia","Routledge","http://dx.doi.org/10.4324/9781003307471-8","",944,"2024-06-21 14:54:40","book-chapter","10.4324/9781003307471-8","","",,,157,175,0,0.00,0,1,2,"","",""
0,"","Secure Configuration",2024,"Effective Vulnerability Management","Wiley","http://dx.doi.org/10.1002/9781394277155.ch3","",945,"2024-06-21 14:54:40","other","10.1002/9781394277155.ch3","","",,,53,68,0,0.00,0,0,1,"","https://onlinelibrary.wiley.com/doi/pdf/10.1002/9781394277155.ch3",""
0,"Friedhelm Sandbrink","Managing Pain in Patients on Long-Term Opioids",2024,"Pain Management in Vulnerable Populations","Oxford University PressNew York","http://dx.doi.org/10.1093/med/9780197649176.003.0031","",946,"2024-06-21 14:54:40","book-chapter","10.1093/med/9780197649176.003.0031","","",,,474,489,0,0.00,0,1,1,"Abstract: This chapter addresses key clinical issues related to opioid prescribing, including benefits and risks in the treatment of chronic pain, and provides clinical strategies to optimize safety and effectiveness, based on recently published guidelines by the Centers for Disease Control and Prevention and by the U.S. Department of Veterans Affairs and U.S. Department of Defense. Whereas opioids have wide efficacy and utility in the treatment of acute and cancer-related pain, their use for chronic non–cancer-related pain is controversial because risks of long-term opioid therapy generally outweigh the potential benefits. A careful evaluation of the patient may assist in assessing risk prior to initiating opioid therapy. Patients with a history of substance use disorder and other mental health disorders are particularly vulnerable, as are younger patients, the frail or elderly, and people with medical conditions such as sleep apnea. Opioid therapy is initiated with short-acting opioids and prescribed at the lowest effective dosage and duration based on clinical indication. Risk mitigation strategies include prescription drug monitoring programs, urine drug testing, patient education and clear communication of safety expectations (e.g., informed consent), naloxone co-prescribing, and close monitoring and reassessment. Dosage escalations and co-prescribing with benzodiazepines should be avoided. Opioid tapering must be individualized, and sudden discontinuation should be avoided. Opioid therapy with buprenorphine is an emerging strategy associated with lower risk for overdose. Patients with suspected opioid use disorder should not be abandoned but, rather, carefully assessed and supported by providing evidence-based therapy including medication such as buprenorphine.","https://academic.oup.com/book/57299/chapter/461766674",""
0,"Sara M. Wilson, Taylor J. Byrne","Pain in Military Personnel",2024,"Pain Management in Vulnerable Populations","Oxford University PressNew York","http://dx.doi.org/10.1093/med/9780197649176.003.0011","",947,"2024-06-21 14:54:40","book-chapter","10.1093/med/9780197649176.003.0011","","",,,184,198,0,0.00,0,2,1,"Abstract: The military has been described as the most engrossing and demanding institution in American society. Unique experiences of the service member include special training requirements, frequent relocations, geographic isolation from support structures, deployments, redeployments, integrating from the military to the civilian workforce, and financial stressors. Despite these unique experiences, the military population is not classically considered a vulnerable population. This chapter highlights several aspects of the military population that promote vulnerability in the context of health care, specifically regarding the development of chronic pain. In addition to vulnerability due to the institutional nature of service, military-specific requirements and exposures increase service members’ vulnerability to developing illness and injury at an increased rate compared to the general population. These unique exposures increase the rate of chronic pain conditions, depression, post-traumatic stress disorder (PTSD), and traumatic brain injury. Approximately half of all veterans enrolled in the Veterans Affairs (VA) health care system experience chronic pain compared to 30% of the U.S. population. Furthermore, compared to nonveterans, veterans with chronic pain suffer from more complex pain syndromes, often associated with comorbid conditions such as depression and PTSD. This chapter explores the vulnerability of the military population, the impact of chronic pain in this unique population, and both risk factors and protective factors for developing chronic pain. It also outlines many of the strategies and programs the U.S. Department of Defense and VA have instituted to improve chronic pain measurement and outcomes.","https://academic.oup.com/book/57299/chapter/461760491",""
0,"Itai Kabonga","Author response for ""NGOs’ responses to the challenges faced by orphans and vulnerable children (OVC) in Chegutu, Zimbabwe""",2023,"","Wiley","http://dx.doi.org/10.1111/issj.12473/v7/response1","",948,"2024-06-21 14:54:40","peer-review","10.1111/issj.12473/v7/response1","","",,,,,0,0.00,0,1,1,"","",""
0,"","Contents",2021,"A Vulnerable System","Cornell University Press","http://dx.doi.org/10.1515/9781501759048-toc","",949,"2024-06-21 14:54:40","book-chapter","10.1515/9781501759048-toc","","",,,,,0,0.00,0,0,3,"","https://www.degruyter.com/document/doi/10.1515/9781501759048-toc/xml",""
0,"","Notes",2021,"A Vulnerable System","Cornell University Press","http://dx.doi.org/10.1515/9781501759048-013","",950,"2024-06-21 14:54:40","book-chapter","10.1515/9781501759048-013","","",,,207,282,0,0.00,0,0,3,"","https://www.degruyter.com/document/doi/10.1515/9781501759048-013/xml",""
0,"Jasper De Witte, Tine Van Regenmortel","Building Stones of Resilience of Vulnerable Older Persons",2022,"Elderly Health Journal","Knowledge E DMCC","http://dx.doi.org/10.18502/ehj.v8i1.9952","",951,"2024-06-21 14:54:40","journal-article","10.18502/ehj.v8i1.9952","2423-6179","",,,,,0,0.00,0,2,2,"Introduction: Vulnerable older persons need sufficient resilience to deal with (age-related) adversities and safeguard their quality of life. In this study, we investigate which sources of strength vulnerable older persons use to deal adversities.   Methods: This qualitative study is based on fifteen narratives of community-dwelling vulnerable older persons in Belgium, who were selected through a ‘purposive sampling’ strategy.   Results: Vulnerable older persons use various interrelated sources of strength situated on the individual, interactional, and contextual domains. On the individual domain, important sources of strength are having an optimistic life view and accepting the own vulnerabilities. On the interactional domain positive social relations, ‘the power of giving’ and social participation are sources of strength that benefit the quality of life of older persons, and on the contextual domain various welfare benefits are essential.   Conclusion: It is crucial to stimulate those sources of strength, for example by removing contextual barriers that impede social participation. The results can guide empowering interventions that aim to reinforce the sources of strength of vulnerable older persons, which will positively affect their resilience and general well-being.","",""
0,"Mengistu","Assessment of Soil Erosion Dynamics and Vulnerable Areas in the Upper Gillo Region, Baro Akobo Basin, Ethiopia",2023,"","Research Square Platform LLC","http://dx.doi.org/10.21203/rs.3.rs-3786714/v1","",952,"2024-06-21 14:54:40","posted-content","10.21203/rs.3.rs-3786714/v1","","",,,,,0,0.00,0,1,1,"Abstract:","https://www.researchsquare.com/article/rs-3786714/v1",""
1,"Adnan Turan","Comparing Assimilation Processes: Why Are Some Migrants More Vulnerable to Assimilation?",2021,"Proceedings of the 2021 AERA Annual Meeting","AERA","http://dx.doi.org/10.3102/1687463","",953,"2024-06-21 14:54:40","proceedings-article","10.3102/1687463","","",,,,,1,0.33,1,1,3,"","",""
0,"Dong Xie, Senhong Cai, Xuechen Gui","Reclaiming Justice for Energy-Vulnerable Populations: Evidence from the City of Los Angeles",2023,"","Elsevier BV","http://dx.doi.org/10.2139/ssrn.4540639","",954,"2024-06-21 14:54:40","posted-content","10.2139/ssrn.4540639","","",,,,,0,0.00,0,3,1,"","",""
0,"","Eastern EU may target those vulnerable to inflation",2023,"Emerald Expert Briefings","Emerald","http://dx.doi.org/10.1108/oxan-db275141","",955,"2024-06-21 14:54:40","report-component","10.1108/oxan-db275141","2633-304X","",,,,,0,0.00,0,0,1,"Significance: Russia’s invasion of Ukraine cut the supply of major staples to the Baltic states and the Visegrad Four (V4: Czechia, Hungary, Poland and Slovakia). Local factors, such as import intensity, tight labour markets forcing up wages, low food-industry productivity and depreciating currencies, have exacerbated global trends and intensified cost-of-living crises. Impacts: If food prices remain high, they could fuel social unrest, political instability and appetites for the ‘easy fixes’ of populism.","https://www.emerald.com/insight/content/doi/10.1108/OXAN-DB275141/full/html",""
0,"","Vulnerable and Precarious Worlds:",2022,"Care and the Pluriverse","Bristol University Press","http://dx.doi.org/10.2307/j.ctv2rh2c37.9","",956,"2024-06-21 14:54:40","book-chapter","10.2307/j.ctv2rh2c37.9","","",,,146,167,0,0.00,0,0,2,"","",""
0,"Lindy Burton","Clinical Speculations and Formulation of Basic Hypotheses",2022,"Vulnerable Children","Routledge","http://dx.doi.org/10.4324/9781003287865-4","",957,"2024-06-21 14:54:40","book-chapter","10.4324/9781003287865-4","","",,,17,24,0,0.00,0,1,2,"","",""
0,"Lindy Burton","Clinical Description and Formulation of Basic Hypotheses",2022,"Vulnerable Children","Routledge","http://dx.doi.org/10.4324/9781003287865-21","",958,"2024-06-21 14:54:40","book-chapter","10.4324/9781003287865-21","","",,,176,189,0,0.00,0,1,2,"","",""
0,"Jane Tudor-Owen, Celine van Golde","Interviewing with a third party",2022,"Interviewing Vulnerable Suspects","Routledge","http://dx.doi.org/10.4324/9781003145998-5","",959,"2024-06-21 14:54:40","book-chapter","10.4324/9781003145998-5","","",,,19,23,0,0.00,0,2,2,"","",""
1,"Denise Blake, S Pooley, Antonia Lyons","Stigma and disaster risk reduction among vulnerable groups: Considering people receiving opioid substitution treatment",2021,"","Victoria University of Wellington Library","http://dx.doi.org/10.26686/wgtn.14198582.v1","",960,"2024-06-21 14:54:40","posted-content","10.26686/wgtn.14198582.v1","","",,,,,1,0.33,0,3,3,"© 2020 This work explores the ways in which stigma influences how people engage with disaster risk reduction. It specifically addresses the experiences and perceptions of stigma for people who receive Opioid Substitution Treatment (OST), a successful harm reduction strategy that reduces illicit drug use, risk of overdose and criminal activity. Unfortunately, while receiving OST people endure stigma because of their perceived or assumed history of drug use, which positions them as socially deviant and unacceptable. During a disaster or emergency, forms of social stigma from health and emergency management personnel have implications for access to treatment such as OST. Drawing on semi-structured interviews with 21 people receiving OST from services in four major cities in Aotearoa New Zealand, an interpretive analysis was applied to better understand how stigma matters to their lived experience. Four key themes, namely “Experiences of stigma”, “Discrimination from health professionals”, and “Disasters and emergency management” and “Support within disaster contexts” were identified in their talk. We conclude that it is vital that medications and other necessary treatments are made accessible to those who need them to maintain health and wellbeing. It is important to be aware that stigmatising beliefs manifest in disaster-response settings which have consequences for people who are already more vulnerable than others. Therefore we suggest that appropriate education and training be provided.","",""
0,"","The Side Hustle Safety Net",2023,"Side Hustle Safety Net","University of California Press","http://dx.doi.org/10.2307/jj.5864811.6","",961,"2024-06-21 14:54:40","book-chapter","10.2307/jj.5864811.6","","",,,43,80,0,0.00,0,0,1,"","",""
18,"Ken Courtenay, Vivien Cooper","Covid 19: People with learning disabilities are highly vulnerable",2021,"BMJ","BMJ","http://dx.doi.org/10.1136/bmj.n1701","",962,"2024-06-21 14:54:40","journal-article","10.1136/bmj.n1701","1756-1833","",,,,,18,6.00,9,2,3,"","http://data.bmj.org/tdm/10.1136/bmj.n1701",""
0,"Hamdan Hejazi, László Bokor","Modelling and Evaluation of Cooperative Vulnerable Road User Protection Schemes in Realistic C-Its Environments",2024,"","Elsevier BV","http://dx.doi.org/10.2139/ssrn.4689298","",963,"2024-06-21 14:54:40","posted-content","10.2139/ssrn.4689298","","",,,,,0,0.00,0,2,1,"","",""
0,"","Fostering the Inclusion of Disadvantaged and Vulnerable Individuals or Groups in Project-Level Grievance Mechanisms",2021,"","World Bank","http://dx.doi.org/10.1596/37641","",964,"2024-06-21 14:54:40","monograph","10.1596/37641","","",,,,,0,0.00,0,0,3,"","",""
0,"","Equity markets are more vulnerable than bond markets",2023,"Emerald Expert Briefings","Emerald","http://dx.doi.org/10.1108/oxan-db284283","",965,"2024-06-21 14:54:40","report-component","10.1108/oxan-db284283","2633-304X","",,,,,0,0.00,0,0,1,"Significance: The scope for looser policy remains uncertain given persistent inflationary pressures and the strength of the US labour market, while financial conditions are easier than when the Fed began raising rates. Asset prices in 2023 reflect investor complacency over economic, geopolitical and financial risks. Impacts: The bond bear market that began in late 2020 is likely over as risks have shifted from inflation to growth, boding well for bond markets.","https://www.emerald.com/insight/content/doi/10.1108/OXAN-DB284283/full/html",""
0,"","Army may be vulnerable in Nigeria's local conflicts",2024,"Emerald Expert Briefings","Emerald","http://dx.doi.org/10.1108/oxan-es285984","",966,"2024-06-21 14:54:40","report-component","10.1108/oxan-es285984","2633-304X","",,,,,0,0.00,0,0,1,"Headline: NIGERIA: Army may be vulnerable in local conflicts","https://www.emerald.com/insight/content/doi/10.1108/OXAN-ES285984/full/html",""
0,"Laurie Winkless","Glassy polymer coatings vulnerable to CO2 and humidity",2023,"Materials Today","Elsevier BV","http://dx.doi.org/10.1016/j.mattod.2023.09.022","",967,"2024-06-21 14:54:40","journal-article","10.1016/j.mattod.2023.09.022","1369-7021","",69,,15,15,0,0.00,0,1,1,"","https://api.elsevier.com/content/article/PII:S1369702123003164",""
0,"Frauke Rostalski","Pandemiepolitik der vulnerablen Gesellschaft",2024,"Die vulnerable Gesellschaft","Verlag C.H.BECK oHG","http://dx.doi.org/10.17104/9783406814631-98","",968,"2024-06-21 14:54:40","book-chapter","10.17104/9783406814631-98","","",,,98,106,0,0.00,0,1,1,"","",""
0,"Leah P. Hollis","Afterword",2021,"Human Resource Perspectives on Workplace Bullying in Higher Education","Routledge","http://dx.doi.org/10.4324/9781003051923-14","",969,"2024-06-21 14:54:40","book-chapter","10.4324/9781003051923-14","","",,,185,195,0,0.00,0,1,3,"","",""
0,"Uzma Ajmal, Saleha Jamal","Vulnerable Neighbourhoods",2023,"Neighbourhoods and Public Health","Routledge India","http://dx.doi.org/10.4324/9781003442486-7","",970,"2024-06-21 14:54:40","book-chapter","10.4324/9781003442486-7","","",,,178,205,0,0.00,0,2,1,"","",""
0,"","Vulnerability Chaining",2024,"Effective Vulnerability Management","Wiley","http://dx.doi.org/10.1002/9781394277155.ch7","",971,"2024-06-21 14:54:40","other","10.1002/9781394277155.ch7","","",,,125,144,0,0.00,0,0,1,"","https://onlinelibrary.wiley.com/doi/pdf/10.1002/9781394277155.ch7",""
0,"Martin D. Cheatle","Pain in Patients with Substance Use Disorders",2024,"Pain Management in Vulnerable Populations","Oxford University PressNew York","http://dx.doi.org/10.1093/med/9780197649176.003.0019","",972,"2024-06-21 14:54:40","book-chapter","10.1093/med/9780197649176.003.0019","","",,,309,322,0,0.00,0,1,1,"Abstract: Many scholarly and public policy initiatives have been devoted to the opioid crisis, resulting in published guidelines for opioid prescribing and the identification of alternatives to opioids for pain management with the objective of reducing opioid-related deaths and reducing the number of vulnerable individuals being exposed to opioids and developing an opioid use disorder. This national focus on the risks and benefits of opioid therapy for patients with pain and the need for tapering of opioids has obscured the vulnerability of patients with pain who are susceptible to discrimination based on opioid use or having a co-occurring opioid use disorder and who may develop other forms of non-opioid use disorders. This chapter discusses the myths and facts of opioids in the pain population, the prevalence of pain and both nicotine use disorder and alcohol use disorder, and assessment and mitigation strategies.","https://academic.oup.com/book/57299/chapter/461762921",""
2,"Seok Tyug Tan, Sohbanah Aplasamy, Thivvyatracyny Mohana Kanan, Tasneem Shaari","Psychological distress and its correlation with weight change in young adults in the aftermath of the COVID-19 pandemic",2022,"Vulnerable Children and Youth Studies","Informa UK Limited","http://dx.doi.org/10.1080/17450128.2022.2136424","",973,"2024-06-21 14:54:40","journal-article","10.1080/17450128.2022.2136424","1745-0128","",18,2,242,251,2,1.00,1,4,2,"","https://www.tandfonline.com/doi/pdf/10.1080/17450128.2022.2136424",""
0,"Nolwazi Ngcobo, Bongane Mzinyane, Sibonsile Zibane","&lt;p&gt;Responding to Concurrent Disasters: Lessons Learnt by Social Work Academics Engaging with Flood Survivors during a COVID-19 Pandemic, in South African Townships&lt;/p&gt;",2023,"The Impact of Climate Change on Vulnerable Populations","MDPI","http://dx.doi.org/10.3390/books978-3-0365-5503-4-9","",974,"2024-06-21 14:54:40","book-chapter","10.3390/books978-3-0365-5503-4-9","","",,,,,0,0.00,0,3,1,"","",""
0,"Edna Grace Rich, Marcel Londt, Lorna Holtman","Exploring childhood experiences and family contexts as risk factors for drug use in the lives of young drug users in the Western Cape, South Africa",2023,"Vulnerable Children and Youth Studies","Informa UK Limited","http://dx.doi.org/10.1080/17450128.2023.2179149","",975,"2024-06-21 14:54:40","journal-article","10.1080/17450128.2023.2179149","1745-0128","",18,4,623,631,0,0.00,0,3,1,"","https://www.tandfonline.com/doi/pdf/10.1080/17450128.2023.2179149",""
0,"Ana Paula Melo, Ursula Mello, Maria Oaquim","Mentorship networks and the early career outcomes of college-educated women",2024,"AEA Randomized Controlled Trials","American Economic Association","http://dx.doi.org/10.1257/rct.12396-1.0","",976,"2024-06-21 14:54:40","dataset","10.1257/rct.12396-1.0","","",,,,,0,0.00,0,3,1,"","",""
0,"Yasuharu Shimamura, Satoshi Shimizutani, Shimpei Taguchi, Hiroyuki Yamada","Do orphaned girls spend more time on water collection? Evidence from rural Zambia",2022,"Vulnerable Children and Youth Studies","Informa UK Limited","http://dx.doi.org/10.1080/17450128.2022.2083281","",977,"2024-06-21 14:54:40","journal-article","10.1080/17450128.2022.2083281","1745-0128","",18,1,124,130,0,0.00,0,4,2,"","https://www.tandfonline.com/doi/pdf/10.1080/17450128.2022.2083281",""
0,"Xiang Yi Tee, Poh Chua Siah, Komathi A.P Lokithasan","The relationships between cybervictimization and depression among adolescents: A scoping review based on Scopus database",2022,"Vulnerable Children and Youth Studies","Informa UK Limited","http://dx.doi.org/10.1080/17450128.2022.2147623","",978,"2024-06-21 14:54:40","journal-article","10.1080/17450128.2022.2147623","1745-0128","",18,3,367,381,0,0.00,0,3,2,"","https://www.tandfonline.com/doi/pdf/10.1080/17450128.2022.2147623",""
0,"Tri Bayu Purnama, Insani Arrafi, Ikhwan Ikhwan, Lili Surya Pratiwi, Tri Suci Rahmayani, Ayu Sajida Da’ad Arini","A cross-sectional online survey of COVID-19 vaccine acceptance among adolescents in Medan, Indonesia",2023,"Vulnerable Children and Youth Studies","Informa UK Limited","http://dx.doi.org/10.1080/17450128.2023.2188337","",979,"2024-06-21 14:54:40","journal-article","10.1080/17450128.2023.2188337","1745-0128","",18,3,422,430,0,0.00,0,6,1,"","https://www.tandfonline.com/doi/pdf/10.1080/17450128.2023.2188337",""
0,"Henry Way","The Perils of “In-Betweenness”",2022,"Vulnerable Communities","Cornell University Press","http://dx.doi.org/10.7591/cornell/9781501761324.003.0002","",980,"2024-06-21 14:54:40","book-chapter","10.7591/cornell/9781501761324.003.0002","","",,,19,49,0,0.00,0,1,2,"<p>This chapter gives an account of growth-induced tensions in Harrisonburg, Virginia. Harrisonburg's recent population growth has been fueled by an influx of immigrants, including refugees, and the dramatic expansion of James Madison University. It shows how the city in Virginia has invested in rehabilitating its downtown with the aim of drawing economic activity to the community. Employing the lens of human geography, the chapter takes note of the tensions arising in areas such as infrastructure improvements, public transportation, and education. It highlights two key factors contributing to Harrisonburg's difficulties, both of which are characteristic of many small cities: the first is the city's in-between status and second is the lack of coordination among the interests spearheading the city's growth-inducing trends.</p>","",""
0,"Michael J. Hicks","Asymmetric Local Employment Multipliers, Agglomeration, and the Disappearance of Footloose Jobs",2022,"Vulnerable Communities","Cornell University Press","http://dx.doi.org/10.7591/cornell/9781501761324.003.0010","",981,"2024-06-21 14:54:40","book-chapter","10.7591/cornell/9781501761324.003.0010","","",,,221,242,0,0.00,0,1,2,"<p>This chapter digs into a different body of data to consider the utility of employment multipliers, a key measure of the impact of business attraction efforts by local economic development leaders. It talks about how traditional economic development thinking has assumed that the value of luring a new business to town or adding a new product line to a local factory extended beyond the new positions it opened up. The added jobs presumably had a multiplier effect as new employees increased spending on local goods and services, thus generating economic growth across the community. The chapter indicates that the benefits from landing a new plant or from the substantial expansion of an existing operation have diminished over time but that the negative impact of losing employment has increased. It analyzes claims that points away from the customary business-attraction model that has dominated small-city economic development thinking.</p>","",""
1,"Vincent Wolff","Enhancing Vulnerable Road User Awareness of Intelligent Transport Systems Through Relay and Aggregation of Collective Perception Messages with Road Side Units",2023,"Proceedings of the 9th International Conference on Vehicle Technology and Intelligent Transport Systems","SCITEPRESS - Science and Technology Publications","http://dx.doi.org/10.5220/0011973300003479","",982,"2024-06-21 14:54:40","proceedings-article","10.5220/0011973300003479","","",,,,,1,1.00,1,1,1,"","",""
0,"Andrea Frøshaug","Listen to the children and young people: Nordic collaboration on improved services to vulnerable children and young people",2021,"","Nordic Council of Ministers","http://dx.doi.org/10.6027/nord2021-025","",983,"2024-06-21 14:54:40","book","10.6027/nord2021-025","","",,,,,0,0.00,0,1,3,"","",""
0,"","Senescent Cancer Cells Are Vulnerable to Extrinsic Apoptosis Pathway Activation",2023,"Cancer Discovery","American Association for Cancer Research (AACR)","http://dx.doi.org/10.1158/2159-8290.cd-rw2022-218","",984,"2024-06-21 14:54:40","journal-article","10.1158/2159-8290.cd-rw2022-218","2159-8274","",13,2,256,256,0,0.00,0,0,1,"Abstract: DR5 activation efficiently kills senescent cells and is enhanced by BRD2 inhibition.","https://aacrjournals.org/cancerdiscovery/article/doi/10.1158/2159-8290.CD-RW2022-218/711685/Senescent-Cancer-Cells-Are-Vulnerable-to-Extrinsic",""
0,"","The role of public opinion",2024,"Mapping the Fault Lines in Turkey–US Relations","Bloomsbury Publishing Plc","http://dx.doi.org/10.5040/9780755650798.0006","",985,"2024-06-21 14:54:40","other","10.5040/9780755650798.0006","","",,,17,54,0,0.00,0,0,1,"","",""
0,"Clare Dyer","GP given formal warning after telling vulnerable patient to reconnect with God",2023,"BMJ","BMJ","http://dx.doi.org/10.1136/bmj.p2263","",986,"2024-06-21 14:54:40","journal-article","10.1136/bmj.p2263","1756-1833","",,,,,0,0.00,0,1,1,"","http://data.bmj.org/tdm/10.1136/bmj.p2263",""
0,"Benjamin Quesada, Oscar Julian Esteban Cantillo, Nicola Clerici","Hydroclimatic extremes regulation by mangroves in a highly vulnerable small Caribbean Island",2022,"","Copernicus GmbH","http://dx.doi.org/10.5194/egusphere-egu22-5891","",987,"2024-06-21 14:54:40","posted-content","10.5194/egusphere-egu22-5891","","",,,,,0,0.00,0,3,2,"&lt;p&gt;The archipelago of San Andr&amp;#233;s, Providencia and Santa Catalina (SAI), southwestern Caribbean islands (Colombia), declared as a Biosphere Reserve by the UNESCO, is highly vulnerable to tropical storms, meteorological tides, coastal flooding and the effects of sea level rise, which are substantially increasing in a context of climate change. In 2020, for the first time in the Colombian history, a hurricane reached category 5 on its territory, destroying the island of Providencia and damaging San Andr&amp;#233;s Island. However, historical and future hydroclimatic events trends along with potential mitigation effects of nature-based solutions with mangroves are still very little known and studied in this part of the Caribbean Sea.&lt;/p&gt;&lt;p&gt;Our study analyzes historical (1960s-2020) and future (2050, across low and high mitigation IPCC scenarios) trends in duration, frequency and intensity of extreme rainfall, wind, floods, hurricanes and tropical storms, and discusses their relationship with the regulation ecosystem services in terms of regulation of erosion, flood control and protection against storms, provided by the SAI mangrove forest ecosystems. Using the InVEST Coastal Vulnerability model with new in-situ data for this specific region, we estimate the vulnerability of the Archipelago (in terms of affected inhabitants, damaged houses, loss of property value) to extreme climate without, with current and with maximal mangrove area.&lt;/p&gt;&lt;p&gt;Our work highlights the urgent need to restore and expand the mangrove forest areas in the Archipelago as a measure of both mitigation and adaptation to climate change and extreme weather events. Investments in reducing the vulnerability of the island's inhabitants to the harmful effects of climate change must combine several strategies (climate mitigation, nature-based solutions, waste management, territorial planning, etc.) to reduce environmental damage, economic and social aspects of one of the largest marine protected areas on Earth.&lt;/p&gt;","",""
0,"","Social Determinants of Health: Identifying the Most Vulnerable",2022,"Neonatology Today","Loma Linda Publishing Company","http://dx.doi.org/10.51362/neonatology.today/20221727576","",988,"2024-06-21 14:54:40","journal-article","10.51362/neonatology.today/20221727576","1932-7137","",17,2,75,76,0,0.00,0,0,2,"","",""
0,"","CONTENTS",2023,"Nursing the Spirit","Columbia University Press","http://dx.doi.org/10.7312/gran20050-toc","",989,"2024-06-21 14:54:40","book-chapter","10.7312/gran20050-toc","","",,,,,0,0.00,0,0,1,"","https://www.degruyter.com/document/doi/10.7312/gran20050-toc/xml",""
0,"Deyana Marcheva","Legal Protection of Vulnerable Persons",2021,"Yearbook of the Law Department","New Bulgarian University","http://dx.doi.org/10.33919/yldnbu.21.10.5","",990,"2024-06-21 14:54:40","journal-article","10.33919/yldnbu.21.10.5","2682-969X","",10,11,132,151,0,0.00,0,1,3,"In this article I discuss the issue how the law should define the vulnerable persons and whether the approach should be categorial or contextual. I argue that it is impossible in advance to make a list of all categories of vulnerable persons or groups in all possible legal contexts and for this reason the theory of vulnerable subject should not be ignored. The principles of rule of law, equality and human rights protection require for considering the specific situation of vulnerable persons in all administrative and court procedures so that they will benefit from more extensive and reinforced procedural protection of their rights. Such a procedural standard needs to be applied everywhere whether or not the legal framework provides for special statute of the persons from vulnerable groups, as in the Asylum and Refugees Act.","https://ojs.nbu.bg/index.php/YLD/article/download/737/627",""
0,"","Making More and Moving On Up",2023,"Side Hustle Safety Net","University of California Press","http://dx.doi.org/10.2307/jj.5864811.8","",991,"2024-06-21 14:54:40","book-chapter","10.2307/jj.5864811.8","","",,,106,135,0,0.00,0,0,1,"","",""
0,"Baris Cayli Messina","Decision letter for ""NGOs’ responses to the challenges faced by orphans and vulnerable children (OVC) in Chegutu, Zimbabwe""",2023,"","Wiley","http://dx.doi.org/10.1111/issj.12473/v3/decision1","",992,"2024-06-21 14:54:40","peer-review","10.1111/issj.12473/v3/decision1","","",,,,,0,0.00,0,1,1,"","",""
0,"Baris Cayli Messina","Decision letter for ""NGOs’ responses to the challenges faced by orphans and vulnerable children (OVC) in Chegutu, Zimbabwe""",2023,"","Wiley","http://dx.doi.org/10.1111/issj.12473/v4/decision1","",993,"2024-06-21 14:54:40","peer-review","10.1111/issj.12473/v4/decision1","","",,,,,0,0.00,0,1,1,"","",""
0,"","Vulnerable and rebellious: The instability of aggressive drivers",2022,"Journal of Motivation, Emotion, and Personality: Reversal Theory Studies","Reversal Theory Society","http://dx.doi.org/10.12689/jmep.2022.1103","",994,"2024-06-21 14:54:40","journal-article","10.12689/jmep.2022.1103","2331-2343","",11,,,,0,0.00,0,0,2,"","",""
0,"Michel Goldberg","Geriatric Oral Health: The Role of Oral Disease Prevention in Vulnerable Patients",2021,"INNOSC Theranostics and Pharmacological Sciences","AccScience Publishing","http://dx.doi.org/10.36922/itps.v4i1.966","",995,"2024-06-21 14:54:40","journal-article","10.36922/itps.v4i1.966","","",,,29,30,0,0.00,0,1,3,"","",""
0,"Matthew Sparkes","Conservative party's online vote is vulnerable to hackers",2022,"New Scientist","Elsevier BV","http://dx.doi.org/10.1016/s0262-4079(22)01557-3","",996,"2024-06-21 14:54:40","journal-article","10.1016/s0262-4079(22)01557-3","0262-4079","",255,3402,9,9,0,0.00,0,1,2,"","https://api.elsevier.com/content/article/PII:S0262407922015573",""
0,"William G. Katzman, Anilla Del Fabbro","Pain and Adverse Childhood Experiences",2024,"Pain Management in Vulnerable Populations","Oxford University PressNew York","http://dx.doi.org/10.1093/med/9780197649176.003.0013","",997,"2024-06-21 14:54:40","book-chapter","10.1093/med/9780197649176.003.0013","","",,,217,230,0,0.00,0,2,1,"Abstract: In this chapter, the effects of childhood trauma on mental and physical pain are explored. The chapter begins with a discussion regarding the relationship between physical and psychological pain in the context of trauma. Subsequently, a focus is given to adverse childhood experiences (ACEs) with regard to their defining principles, correlates with other social determinants of health, and their effects on psychological and physical pain. Within this discussion, it is clear that the effect of ACEs frequently leads to subsequent pain, which can manifest in a number of different disorders and diseases. This often stems from the way that these early traumas have effects on an individual’s biology, psychology, and social capacities. Finally, the chapter explores pain-based interventions, including primary, secondary, and tertiary strategies, and it highlights an array of interventions that health care providers must consider to improve the mental and physical health of individuals with both experiences of pain and childhood trauma.","https://academic.oup.com/book/57299/chapter/461761155",""
0,"Menaka Philips","VULNERABLE HEROINES:",2023,"The Politics of the Marvel Cinematic Universe","University Press of Kansas","http://dx.doi.org/10.2307/j.ctv36tpjtk.20","",998,"2024-06-21 14:54:40","book-chapter","10.2307/j.ctv36tpjtk.20","","",,,224,236,0,0.00,0,1,1,"","",""
0,"Atena Ştefania Feraru","ASEAN's decision-making process1",2021,"Weak States, Vulnerable Governments, and Regional Cooperation","Routledge","http://dx.doi.org/10.4324/9781351015073-4","",999,"2024-06-21 14:54:40","book-chapter","10.4324/9781351015073-4","","",,,128,150,0,0.00,0,1,3,"","",""
0,"Brad Johnson, Hal Bowman","Be Vulnerable",2022,"Thank You, Teacher","Routledge","http://dx.doi.org/10.4324/9781003216988-79","",1000,"2024-06-21 14:54:40","book-chapter","10.4324/9781003216988-79","","",,,183,185,0,0.00,0,2,2,"","",""
